# Blender v2.79 (sub 0) OBJ File: ''
# www.blender.org
mtllib untitled.mtl
o MK47.001_SM_SP_WA_Cordura_Cover_LP.017
v 0.005745 0.103611 0.010771
v 0.004252 0.105423 0.010833
v 0.004242 0.105311 0.013874
v 0.005735 0.103499 0.013812
v 0.006681 0.074161 0.009684
v 0.006710 0.075269 -0.000034
v 0.006680 0.104184 0.002038
v 0.006653 0.103611 0.010774
v 0.006719 0.075713 -0.003397
v 0.006687 0.104461 -0.000780
v 0.002992 0.073984 0.014423
v 0.003909 0.073958 0.015134
v 0.003370 0.074748 0.014795
v 0.002991 0.074774 0.014453
v 0.003002 0.074097 0.011331
v 0.003002 0.074888 0.011360
v 0.002947 0.071979 -0.000457
v 0.002913 0.073115 0.009565
v -0.005081 0.073109 0.009539
v -0.005047 0.071973 -0.000484
v 0.002958 0.072430 -0.003862
v -0.005036 0.072424 -0.003889
v 0.002911 0.074158 0.009671
v -0.005083 0.074151 0.009644
v 0.002966 0.069229 -0.005318
v 0.002961 0.069180 -0.003982
v -0.005032 0.069173 -0.004009
v -0.005028 0.069222 -0.005345
v 0.005815 0.075712 -0.003400
v 0.005841 0.076734 -0.011124
v 0.005804 0.105098 -0.007256
v 0.005783 0.104461 -0.000783
v 0.002979 0.076731 -0.011134
v 0.002954 0.075710 -0.003410
v 0.002967 0.072789 -0.006574
v 0.002984 0.073466 -0.011684
v 0.001771 0.076730 -0.011138
v 0.001755 0.076063 -0.006092
v 0.001776 0.073465 -0.011688
v -0.005027 0.072783 -0.006601
v 0.004902 0.111663 0.006836
v 0.004916 0.111849 0.002612
v 0.004387 0.111908 0.002779
v 0.004374 0.111737 0.006671
v 0.005774 0.104183 0.002035
v -0.007982 0.103488 0.013766
v -0.006492 0.105374 0.013841
v -0.006482 0.105485 0.010799
v -0.008818 0.075256 -0.000087
v -0.008852 0.074148 0.009632
v -0.008890 0.103487 0.013763
v -0.008848 0.104171 0.001986
v -0.008804 0.075700 -0.003449
v -0.008837 0.104449 -0.000832
v -0.005195 0.073977 0.014396
v -0.005196 0.074768 0.014425
v -0.005577 0.074756 0.014765
v -0.006117 0.073950 0.015100
v -0.005185 0.074090 0.011303
v -0.005185 0.074881 0.011332
v -0.007876 0.076722 -0.011171
v -0.007901 0.075701 -0.003446
v -0.007933 0.104449 -0.000829
v -0.007912 0.105087 -0.007302
v -0.005015 0.076725 -0.011161
v -0.005010 0.073459 -0.011711
v -0.005040 0.075704 -0.003437
v -0.003807 0.076726 -0.011157
v -0.003823 0.076059 -0.006111
v -0.003802 0.073460 -0.011707
v -0.007943 0.104172 0.001989
v -0.007115 0.111653 0.006796
v -0.006587 0.111728 0.006634
v -0.006574 0.111899 0.002742
v -0.007101 0.111839 0.002571
v 0.003578 0.105311 0.013872
v 0.005081 0.103499 0.013810
v 0.003588 0.105422 0.010823
v -0.007328 0.103489 0.013768
v -0.005828 0.105374 0.013843
v 0.003582 0.111261 0.011046
v -0.005818 0.105486 0.010801
v -0.005823 0.111254 0.011015
v -0.005595 0.094105 0.015481
v -0.006362 0.074755 0.014762
v -0.006375 0.094098 0.015478
v 0.003352 0.094116 0.015511
v 0.004129 0.094108 0.015514
v 0.004148 0.074749 0.014797
v -0.007010 0.074764 0.014509
v -0.006988 0.094337 0.015138
v 0.004747 0.094346 0.015177
v 0.004798 0.074759 0.014548
v 0.005100 0.094858 0.014712
v 0.005118 0.074804 0.013970
v 0.005239 0.095712 0.014161
v 0.005243 0.097041 0.013572
v 0.005263 0.074849 0.012751
v 0.005259 0.074825 0.013389
v -0.007338 0.094848 0.014670
v -0.007320 0.074794 0.013928
v -0.007477 0.097031 0.013529
v -0.007476 0.095702 0.014119
v -0.007456 0.074815 0.013346
v -0.007456 0.074838 0.012708
v 0.005118 0.103905 0.002736
v 0.003615 0.105717 0.002798
v -0.005791 0.105709 0.002766
v -0.007291 0.103895 0.002694
v 0.003609 0.111556 0.003014
v -0.005796 0.111548 0.002982
v 0.002974 0.113526 0.003085
v -0.005198 0.113546 0.003058
v 0.001141 0.114532 0.003116
v -0.003386 0.114556 0.003102
v -0.007420 0.075244 0.001633
v 0.005300 0.075255 0.001676
v 0.004297 0.106442 -0.002844
v 0.004281 0.105962 0.002158
v 0.004370 0.111272 -0.025680
v 0.004341 0.108487 -0.016315
v 0.005835 0.106768 -0.016685
v 0.005865 0.109587 -0.026190
v 0.004424 0.119132 -0.043703
v 0.004398 0.114918 -0.034766
v 0.005893 0.113280 -0.035413
v 0.005920 0.117559 -0.044487
v 0.004474 0.130138 -0.061074
v 0.004450 0.124236 -0.052638
v 0.005946 0.122744 -0.053556
v 0.005970 0.128737 -0.062120
v 0.004514 0.144215 -0.076464
v 0.004495 0.136824 -0.069083
v 0.005992 0.135515 -0.070249
v 0.006011 0.143008 -0.077741
v 0.004545 0.158532 -0.089153
v 0.004533 0.151782 -0.083802
v 0.006030 0.150671 -0.085165
v 0.006042 0.157524 -0.090595
v 0.004311 0.106843 -0.007023
v 0.004554 0.164486 -0.093040
v 0.006051 0.163541 -0.094530
v 0.004031 0.114454 0.006983
v 0.004017 0.114270 0.011166
v 0.004888 0.111476 0.011060
v 0.001773 0.115758 0.007041
v 0.001759 0.115574 0.011210
v 0.001927 0.157505 -0.076769
v 0.003753 0.156866 -0.077566
v 0.003764 0.163143 -0.082548
v 0.001938 0.163731 -0.081710
v 0.004515 0.155321 -0.079502
v 0.004527 0.161723 -0.084582
v 0.001787 0.115942 0.002873
v 0.001802 0.116326 -0.001796
v -0.003965 0.116321 -0.001816
v -0.003980 0.115938 0.002853
v 0.001752 0.117343 -0.014395
v 0.001779 0.119817 -0.023061
v -0.003804 0.119813 -0.023080
v -0.003831 0.117338 -0.014413
v 0.001804 0.123150 -0.031441
v 0.001829 0.127237 -0.039644
v -0.003754 0.127233 -0.039663
v -0.003778 0.123146 -0.031460
v 0.001853 0.131924 -0.047889
v 0.001874 0.137359 -0.055666
v -0.003708 0.137355 -0.055685
v -0.003730 0.131919 -0.047908
v 0.001894 0.143570 -0.063060
v 0.001911 0.150434 -0.069871
v -0.003671 0.150430 -0.069889
v -0.003689 0.143565 -0.063079
v -0.003640 0.163726 -0.081729
v -0.003652 0.157500 -0.076787
v 0.001724 0.115835 -0.005805
v -0.003859 0.115830 -0.005824
v 0.001948 0.169359 -0.085349
v -0.003635 0.169355 -0.085368
v -0.003994 0.115754 0.007022
v -0.004008 0.115569 0.011190
v 0.004535 0.167474 -0.088322
v 0.004498 0.148080 -0.072460
v 0.004480 0.140982 -0.065415
v 0.004459 0.134561 -0.057766
v 0.004437 0.128963 -0.049756
v 0.004412 0.124137 -0.041264
v 0.004387 0.119939 -0.032838
v 0.004361 0.116500 -0.024167
v 0.004333 0.113946 -0.015199
v 0.004304 0.112374 -0.006295
v 0.004922 0.105963 0.002160
v 0.004939 0.106443 -0.002842
v 0.004932 0.112246 -0.002231
v 0.004894 0.105423 0.010835
v 0.003546 0.114822 -0.005945
v 0.003574 0.116349 -0.014627
v 0.004061 0.115027 -0.001926
v 0.004045 0.114639 0.002801
v 0.003602 0.118846 -0.023381
v 0.003628 0.122211 -0.031847
v 0.003652 0.126330 -0.040115
v 0.003676 0.131057 -0.048432
v 0.003698 0.136541 -0.056277
v 0.003718 0.142813 -0.063746
v 0.003736 0.149746 -0.070625
v 0.003773 0.168808 -0.086216
v 0.006649 0.097032 0.013576
v 0.006643 0.103500 0.013815
v 0.006671 0.074049 0.012726
v 0.005878 0.078829 -0.022768
v 0.005915 0.082063 -0.034582
v 0.005950 0.086428 -0.046018
v 0.005984 0.091990 -0.057315
v 0.006016 0.098491 -0.068559
v 0.006046 0.105956 -0.079204
v 0.006074 0.113844 -0.089285
v 0.006098 0.122684 -0.098590
v 0.006119 0.132615 -0.107376
v 0.006135 0.141121 -0.114096
v 0.006145 0.148164 -0.118811
v 0.006068 0.073999 0.014075
v 0.005561 0.073976 0.014693
v 0.006021 0.094854 0.014827
v 0.005518 0.094337 0.015440
v 0.004685 0.073959 0.015136
v 0.004666 0.094087 0.015881
v 0.006519 0.074026 0.013347
v 0.006457 0.095713 0.014166
v 0.003890 0.094099 0.015879
v 0.001814 0.075601 -0.023534
v -0.003764 0.075597 -0.023553
v 0.001852 0.078910 -0.035637
v -0.003726 0.078906 -0.035655
v 0.001888 0.083376 -0.047353
v -0.003690 0.083372 -0.047371
v 0.001922 0.089059 -0.058896
v -0.003656 0.089055 -0.058915
v 0.001955 0.095682 -0.070353
v -0.003623 0.095677 -0.070372
v 0.001985 0.103288 -0.081198
v -0.003592 0.103284 -0.081217
v 0.002014 0.111372 -0.091521
v -0.003564 0.111367 -0.091540
v 0.002038 0.120429 -0.101048
v -0.003539 0.120425 -0.101067
v 0.002060 0.130480 -0.109939
v -0.003518 0.130475 -0.109958
v 0.002076 0.139110 -0.116759
v -0.003502 0.139105 -0.116778
v -0.003492 0.146118 -0.121469
v 0.002086 0.146122 -0.121451
v 0.002943 0.075266 -0.000047
v 0.001809 0.078826 -0.022782
v 0.001846 0.082060 -0.034596
v 0.001881 0.086425 -0.046032
v 0.001914 0.091987 -0.057329
v 0.001947 0.098487 -0.068573
v 0.001977 0.105953 -0.079217
v 0.002004 0.113841 -0.089299
v 0.002028 0.122681 -0.098603
v 0.002050 0.132612 -0.107389
v 0.002065 0.141118 -0.114110
v 0.002076 0.148161 -0.118825
v 0.004291 0.112042 -0.002250
v 0.003533 0.114497 -0.001989
v 0.001711 0.115513 -0.001885
v -0.003872 0.115509 -0.001904
v 0.002947 0.113232 0.011117
v 0.001114 0.114237 0.011148
v 0.003583 0.113819 0.002927
v 0.003570 0.113649 0.006780
v 0.002005 0.114860 0.002987
v 0.001992 0.114691 0.006828
v -0.004198 0.114855 0.002966
v -0.004211 0.114686 0.006807
v -0.006453 0.105953 0.002122
v -0.006437 0.106433 -0.002880
v -0.006364 0.111263 -0.025716
v -0.007852 0.109575 -0.026236
v -0.007882 0.106757 -0.016731
v -0.006393 0.108478 -0.016351
v -0.006309 0.119123 -0.043739
v -0.007797 0.117548 -0.044534
v -0.007824 0.113268 -0.035459
v -0.006336 0.114910 -0.034802
v -0.006260 0.130130 -0.061110
v -0.007747 0.128726 -0.062167
v -0.007771 0.122733 -0.053602
v -0.006283 0.124227 -0.052674
v -0.006220 0.144206 -0.076500
v -0.007706 0.142997 -0.077787
v -0.007725 0.135504 -0.070295
v -0.006238 0.136815 -0.069119
v -0.006188 0.158523 -0.089189
v -0.007674 0.157512 -0.090641
v -0.007687 0.150660 -0.085211
v -0.006201 0.151773 -0.083839
v -0.006423 0.106834 -0.007059
v -0.006180 0.164477 -0.093076
v -0.007666 0.163529 -0.094576
v -0.007129 0.111466 0.011020
v -0.006264 0.114261 0.011131
v -0.006250 0.114446 0.006949
v -0.005460 0.163136 -0.082579
v -0.005471 0.156858 -0.077597
v -0.006206 0.161714 -0.084618
v -0.006218 0.155312 -0.079538
v -0.006199 0.167465 -0.088358
v -0.006236 0.148071 -0.072496
v -0.006254 0.140973 -0.065451
v -0.006275 0.134553 -0.057802
v -0.006297 0.128954 -0.049792
v -0.006322 0.124128 -0.041300
v -0.006347 0.119930 -0.032874
v -0.006373 0.116491 -0.024203
v -0.006401 0.113937 -0.015235
v -0.006430 0.112365 -0.006331
v -0.007095 0.105953 0.002120
v -0.007085 0.112237 -0.002271
v -0.007078 0.106433 -0.002882
v -0.007123 0.105413 0.010794
v -0.005651 0.116341 -0.014658
v -0.005679 0.114814 -0.005976
v -0.006236 0.114631 0.002766
v -0.006220 0.115019 -0.001961
v -0.005623 0.118839 -0.023413
v -0.005597 0.122203 -0.031878
v -0.005573 0.126323 -0.040146
v -0.005549 0.131050 -0.048464
v -0.005527 0.136533 -0.056308
v -0.005507 0.142805 -0.063777
v -0.005489 0.149738 -0.070657
v -0.005452 0.168800 -0.086247
v -0.008862 0.074037 0.012673
v -0.007838 0.078818 -0.022815
v -0.007801 0.082052 -0.034628
v -0.007766 0.086417 -0.046065
v -0.007733 0.091979 -0.057361
v -0.007700 0.098480 -0.068605
v -0.007670 0.105945 -0.079250
v -0.007643 0.113833 -0.089331
v -0.007619 0.122673 -0.098636
v -0.007597 0.132604 -0.107422
v -0.007582 0.141110 -0.114142
v -0.007572 0.148153 -0.118858
v -0.008884 0.097019 0.013524
v -0.008268 0.073988 0.014027
v -0.007766 0.073965 0.014648
v -0.007761 0.094327 0.015396
v -0.008261 0.094843 0.014779
v -0.006892 0.073950 0.015098
v -0.006911 0.094077 0.015842
v -0.008715 0.074014 0.013296
v -0.008693 0.095701 0.014115
v -0.006136 0.094091 0.015845
v -0.005051 0.075259 -0.000074
v -0.003769 0.078822 -0.022801
v -0.003732 0.082056 -0.034615
v -0.003697 0.086420 -0.046051
v -0.003663 0.091982 -0.057348
v -0.003631 0.098483 -0.068592
v -0.003601 0.105949 -0.079236
v -0.003574 0.113836 -0.089318
v -0.003549 0.122676 -0.098622
v -0.003528 0.132607 -0.107408
v -0.003512 0.141114 -0.114129
v -0.003502 0.148156 -0.118844
v -0.006443 0.112033 -0.002286
v -0.005692 0.114490 -0.002020
v -0.005225 0.113252 0.011091
v -0.003413 0.114261 0.011134
v -0.005786 0.113642 0.006749
v -0.005773 0.113811 0.002895
v -0.007719 0.162865 -0.094034
v -0.006166 0.164473 -0.092825
v -0.006165 0.165060 -0.093241
v -0.007717 0.164070 -0.094808
v 0.004949 0.164482 -0.092788
v 0.006512 0.162877 -0.093986
v 0.006513 0.164081 -0.094760
v 0.004949 0.165069 -0.093204
v 0.006609 0.148504 -0.119359
v 0.006608 0.147909 -0.119003
v -0.007622 0.147898 -0.119051
v -0.007622 0.148492 -0.119407
v 0.006601 0.149816 -0.117294
v 0.006602 0.149551 -0.117710
v -0.007628 0.149542 -0.117755
v -0.007630 0.149804 -0.117341
v 0.004930 0.168189 -0.088276
v -0.006184 0.168180 -0.088313
v -0.005405 0.169575 -0.086109
v -0.003506 0.170154 -0.085190
v 0.002228 0.170159 -0.085171
v 0.004134 0.169583 -0.086076
v 0.004929 0.167603 -0.087859
v 0.004133 0.168997 -0.085660
v 0.002227 0.169573 -0.084754
v -0.003507 0.169568 -0.084774
v -0.005406 0.168989 -0.085692
v -0.006185 0.167594 -0.087897
v -0.007631 0.148600 -0.116567
v 0.006599 0.148611 -0.116519
v -0.007629 0.148947 -0.117398
v 0.006602 0.148957 -0.117354
v -0.004482 0.153993 -0.111986
v 0.003484 0.154000 -0.111960
v 0.004064 0.153157 -0.112002
v -0.005060 0.153149 -0.112033
v -0.003155 0.166312 -0.092455
v -0.003554 0.165597 -0.093584
v -0.004135 0.165142 -0.093018
v -0.003635 0.166037 -0.091605
v -0.003542 0.163520 -0.096865
v -0.004536 0.162888 -0.097864
v -0.005118 0.162507 -0.097182
v -0.004123 0.163142 -0.096178
v 0.003429 0.162892 -0.097842
v 0.002426 0.163525 -0.096844
v 0.003003 0.163147 -0.096154
v 0.004006 0.162514 -0.097151
v 0.002414 0.165602 -0.093564
v -0.002272 0.166581 -0.092028
v 0.001119 0.166584 -0.092017
v 0.002006 0.166316 -0.092438
v -0.002418 0.166408 -0.091016
v 0.001259 0.166411 -0.091003
v 0.002480 0.166042 -0.091584
v 0.002991 0.165148 -0.092994
v -0.017285 0.183232 -0.095416
v -0.017247 0.187024 -0.097163
v -0.014803 0.191604 -0.098425
v -0.016633 0.191210 -0.099320
v -0.017260 0.178571 -0.092762
v -0.018058 0.177382 -0.094915
v -0.016098 0.074445 -0.013472
v -0.016166 0.076482 -0.021928
v -0.016238 0.079968 -0.032564
v -0.016311 0.084978 -0.045369
v -0.016361 0.090923 -0.057379
v -0.016387 0.098008 -0.068830
v -0.016400 0.105817 -0.080122
v -0.016391 0.114594 -0.090770
v -0.016366 0.123781 -0.100571
v -0.016319 0.133564 -0.109324
v -0.016249 0.144155 -0.117186
v -0.017278 0.165565 -0.129840
v -0.017813 0.188688 -0.118985
v -0.020366 0.187616 -0.116754
v -0.020778 0.178538 -0.136465
v -0.018589 0.188694 -0.118988
v -0.018932 0.180283 -0.137288
v -0.019939 0.187946 -0.117826
v -0.019440 0.188357 -0.118563
v -0.019811 0.179855 -0.137078
v -0.020322 0.179251 -0.136796
v -0.020542 0.187530 -0.115289
v -0.020167 0.074506 -0.013424
v -0.020235 0.076542 -0.021880
v -0.020307 0.080028 -0.032515
v -0.020380 0.085038 -0.045321
v -0.020430 0.090983 -0.057331
v -0.020456 0.098068 -0.068781
v -0.020469 0.105878 -0.080074
v -0.020460 0.114654 -0.090721
v -0.020434 0.123841 -0.100523
v -0.020387 0.133624 -0.109275
v -0.020317 0.144216 -0.117137
v -0.020934 0.177926 -0.136185
v -0.017236 0.114963 -0.007812
v -0.017391 0.123306 -0.031865
v -0.017434 0.127550 -0.041112
v -0.017460 0.132636 -0.049991
v -0.017470 0.138398 -0.058296
v -0.017461 0.144922 -0.066097
v -0.017444 0.151627 -0.073316
v -0.017411 0.158818 -0.079918
v -0.017778 0.178841 -0.092292
v -0.017735 0.183424 -0.094600
v -0.017296 0.174735 -0.090830
v -0.017361 0.166628 -0.085838
v -0.018672 0.187963 -0.106423
v -0.018799 0.174664 -0.099839
v -0.018695 0.177486 -0.094726
v -0.018754 0.179487 -0.102346
v -0.018094 0.173460 -0.092940
v -0.018161 0.165148 -0.087814
v -0.018213 0.157147 -0.081754
v -0.018246 0.149779 -0.074998
v -0.018264 0.142945 -0.067641
v -0.018273 0.136284 -0.059677
v -0.018263 0.130401 -0.051198
v -0.018236 0.125191 -0.042107
v -0.018192 0.120844 -0.032639
v -0.018035 0.112356 -0.008167
v -0.018145 0.116554 -0.023040
v -0.018091 0.113909 -0.015027
v -0.017344 0.119072 -0.022420
v -0.017291 0.116477 -0.014562
v -0.017694 0.187539 -0.096496
v -0.017653 0.191654 -0.098392
v -0.018569 0.190494 -0.100920
v -0.019656 0.104662 -0.009224
v -0.018134 0.106497 -0.008983
v -0.018194 0.170626 -0.097753
v -0.018249 0.110902 -0.024538
v -0.019773 0.109133 -0.024984
v -0.019715 0.106308 -0.016410
v -0.018192 0.108119 -0.016091
v -0.018344 0.119937 -0.044438
v -0.019869 0.118288 -0.045148
v -0.019823 0.113643 -0.035131
v -0.018298 0.115364 -0.034561
v -0.018382 0.131600 -0.062859
v -0.019908 0.130129 -0.063840
v -0.019897 0.123841 -0.054767
v -0.018372 0.125406 -0.053922
v -0.018350 0.145937 -0.078844
v -0.019875 0.144682 -0.080073
v -0.019899 0.137230 -0.072374
v -0.018373 0.138598 -0.071262
v -0.018264 0.161952 -0.092401
v -0.019788 0.160944 -0.093818
v -0.019840 0.152506 -0.087292
v -0.018316 0.153641 -0.085963
v -0.018157 0.174655 -0.099847
v -0.018113 0.179478 -0.102354
v -0.015653 0.187451 -0.096238
v -0.015691 0.183671 -0.094498
v -0.009451 0.187359 -0.096312
v -0.009489 0.183579 -0.094572
v -0.007893 0.186886 -0.097274
v -0.007930 0.183093 -0.095528
v -0.010278 0.191526 -0.098504
v -0.008463 0.191078 -0.099442
v -0.015421 0.179041 -0.091889
v -0.009839 0.178958 -0.091955
v -0.008036 0.178434 -0.092873
v -0.007326 0.177223 -0.095043
v -0.010522 0.074363 -0.013539
v -0.010590 0.076399 -0.021995
v -0.010661 0.079885 -0.032630
v -0.010735 0.084895 -0.045436
v -0.010785 0.090840 -0.057446
v -0.010811 0.097926 -0.068896
v -0.010824 0.105735 -0.080189
v -0.010814 0.114512 -0.090837
v -0.010789 0.123699 -0.100638
v -0.010742 0.133482 -0.109390
v -0.010672 0.144073 -0.117253
v -0.009285 0.165447 -0.129935
v -0.010583 0.070959 -0.014341
v -0.016160 0.071041 -0.014274
v -0.016228 0.073066 -0.022692
v -0.010651 0.072983 -0.022758
v -0.016300 0.076604 -0.033483
v -0.010723 0.076522 -0.033550
v -0.016375 0.081674 -0.046442
v -0.010798 0.081592 -0.046509
v -0.016426 0.087759 -0.058745
v -0.010849 0.087676 -0.058812
v -0.016453 0.095011 -0.070476
v -0.010876 0.094928 -0.070543
v -0.016466 0.102968 -0.081981
v -0.010889 0.102885 -0.082048
v -0.016456 0.111911 -0.092830
v -0.010880 0.111828 -0.092896
v -0.016430 0.121299 -0.102845
v -0.010853 0.121216 -0.102912
v -0.016382 0.131323 -0.111806
v -0.010805 0.131240 -0.111873
v -0.016310 0.142174 -0.119857
v -0.010734 0.142092 -0.119924
v -0.007789 0.188539 -0.119104
v -0.005218 0.187392 -0.116935
v -0.005547 0.178312 -0.136647
v -0.007014 0.188522 -0.119126
v -0.007357 0.180111 -0.137426
v -0.006163 0.188161 -0.118722
v -0.005660 0.187735 -0.117997
v -0.006487 0.179657 -0.137237
v -0.005988 0.179039 -0.136967
v -0.006453 0.074302 -0.013588
v -0.006521 0.076339 -0.022043
v -0.006592 0.079825 -0.032679
v -0.006666 0.084835 -0.045484
v -0.006716 0.090780 -0.057494
v -0.006742 0.097865 -0.068945
v -0.006755 0.105675 -0.080237
v -0.006746 0.114451 -0.090885
v -0.006720 0.123638 -0.100686
v -0.006673 0.133421 -0.109439
v -0.006603 0.144012 -0.117301
v -0.005403 0.177696 -0.136371
v -0.004901 0.190003 -0.109594
v -0.005011 0.187300 -0.115475
v -0.008012 0.114826 -0.007922
v -0.008167 0.123169 -0.031975
v -0.008211 0.127413 -0.041222
v -0.008237 0.132499 -0.050101
v -0.008246 0.138262 -0.058406
v -0.008238 0.144785 -0.066207
v -0.008220 0.151491 -0.073426
v -0.008188 0.158681 -0.080028
v -0.007456 0.183271 -0.094723
v -0.007499 0.178689 -0.092415
v -0.008138 0.166491 -0.085948
v -0.008072 0.174598 -0.090941
v -0.006658 0.187785 -0.106566
v -0.006681 0.177309 -0.094869
v -0.006784 0.174487 -0.099983
v -0.006739 0.179310 -0.102490
v -0.007362 0.173301 -0.093068
v -0.007429 0.164989 -0.087942
v -0.007481 0.156988 -0.081882
v -0.007514 0.149620 -0.075126
v -0.007532 0.142786 -0.067769
v -0.007541 0.136125 -0.059805
v -0.007531 0.130242 -0.051326
v -0.007504 0.125032 -0.042235
v -0.007460 0.120685 -0.032767
v -0.007303 0.112197 -0.008295
v -0.015374 0.192170 -0.097233
v -0.015415 0.188068 -0.095343
v -0.015397 0.116020 -0.007682
v -0.009815 0.115938 -0.007749
v -0.015456 0.175241 -0.089975
v -0.009875 0.175158 -0.090041
v -0.015503 0.120093 -0.022181
v -0.015450 0.117519 -0.014387
v -0.015593 0.128504 -0.040718
v -0.015550 0.124303 -0.031563
v -0.009969 0.124221 -0.031629
v -0.010012 0.128422 -0.040785
v -0.015629 0.139252 -0.057742
v -0.015619 0.133539 -0.049509
v -0.010038 0.133457 -0.049576
v -0.010047 0.139169 -0.057809
v -0.015603 0.152371 -0.072637
v -0.015620 0.145718 -0.065476
v -0.010039 0.145636 -0.065542
v -0.010021 0.152288 -0.072704
v -0.015521 0.167219 -0.085037
v -0.015571 0.159487 -0.079175
v -0.009989 0.159405 -0.079242
v -0.009939 0.167136 -0.085104
v -0.015456 0.183967 -0.093453
v -0.015498 0.179440 -0.091173
v -0.009732 0.179355 -0.091242
v -0.009690 0.183881 -0.093522
v -0.007359 0.113750 -0.015155
v -0.007413 0.116395 -0.023168
v -0.009873 0.117436 -0.014454
v -0.008069 0.116341 -0.014672
v -0.008121 0.118936 -0.022530
v -0.009924 0.120010 -0.022248
v -0.009609 0.192084 -0.097302
v -0.009649 0.187983 -0.095412
v -0.006554 0.190316 -0.101064
v -0.007374 0.191502 -0.098515
v -0.007415 0.187387 -0.096619
v -0.005942 0.104459 -0.009388
v -0.007402 0.106338 -0.009111
v -0.007462 0.170467 -0.097881
v -0.006001 0.106105 -0.016573
v -0.006059 0.108930 -0.025148
v -0.007517 0.110744 -0.024666
v -0.007460 0.107960 -0.016219
v -0.006109 0.113440 -0.035295
v -0.006155 0.118085 -0.045312
v -0.007612 0.119778 -0.044566
v -0.007566 0.115205 -0.034689
v -0.006183 0.123638 -0.054931
v -0.006193 0.129926 -0.064004
v -0.007650 0.131441 -0.062987
v -0.007640 0.125247 -0.054050
v -0.006185 0.137027 -0.072538
v -0.006161 0.144479 -0.080237
v -0.007618 0.145778 -0.078972
v -0.007641 0.138439 -0.071391
v -0.006126 0.152303 -0.087455
v -0.006074 0.160741 -0.093982
v -0.007532 0.161793 -0.092529
v -0.007584 0.153482 -0.086091
v -0.007381 0.179319 -0.102482
v -0.007425 0.174496 -0.099975
v -0.006905 0.167123 -0.130683
v -0.019623 0.167312 -0.130531
v -0.014882 0.183678 -0.094840
v -0.010357 0.183599 -0.094919
v -0.016712 0.183283 -0.095735
v -0.008542 0.183151 -0.095857
v -0.017346 0.182457 -0.097544
v -0.007943 0.182318 -0.097656
v -0.018979 0.179282 -0.104484
v -0.017446 0.180017 -0.102853
v -0.008042 0.179878 -0.102965
v -0.006572 0.179098 -0.104632
v -0.019514 0.178240 -0.135474
v -0.019505 0.178870 -0.135759
v -0.019148 0.187598 -0.116769
v -0.019135 0.187514 -0.115296
v -0.019361 0.179442 -0.136021
v -0.019018 0.187822 -0.117787
v -0.006792 0.178681 -0.135911
v -0.006796 0.178052 -0.135626
v -0.006417 0.187326 -0.115448
v -0.006436 0.187410 -0.116920
v -0.006925 0.179257 -0.136169
v -0.006583 0.187638 -0.117936
v -0.007238 0.179825 -0.136446
v -0.006938 0.187915 -0.118596
v -0.018671 0.188089 -0.118456
v -0.019043 0.180005 -0.136291
v -0.007885 0.180083 -0.136550
v -0.007555 0.188173 -0.118948
v -0.008332 0.188188 -0.118931
v -0.018057 0.188327 -0.118825
v -0.018392 0.180244 -0.136411
v -0.017277 0.188318 -0.118828
v -0.017267 0.190384 -0.101129
v -0.017366 0.187974 -0.106374
v -0.007863 0.190245 -0.101242
v -0.017336 0.190975 -0.107731
v -0.018869 0.190210 -0.109427
v -0.007963 0.187798 -0.106548
v -0.006462 0.190026 -0.109575
v -0.007933 0.190806 -0.107909
v -0.018651 0.182181 -0.097091
v -0.018121 0.182365 -0.097111
v -0.018083 0.186195 -0.098875
v -0.018610 0.186338 -0.099005
v -0.019635 0.178694 -0.103929
v -0.016222 0.153216 -0.126718
v -0.016120 0.159806 -0.126625
v -0.016162 0.155010 -0.123926
v -0.017306 0.162369 -0.128042
v -0.017430 0.153234 -0.126704
v -0.017370 0.155028 -0.123912
v -0.019717 0.169745 -0.099251
v -0.019660 0.175980 -0.102510
v -0.020167 0.162411 -0.128008
v -0.020230 0.155070 -0.123878
v -0.017261 0.176838 -0.134893
v -0.017275 0.176508 -0.135612
v -0.018157 0.180271 -0.137297
v -0.017608 0.180233 -0.136421
v -0.017231 0.179890 -0.136274
v -0.017244 0.179559 -0.136993
v -0.020563 0.175993 -0.102500
v -0.021070 0.162425 -0.127997
v -0.020541 0.178708 -0.103918
v -0.020431 0.190233 -0.109408
v -0.020964 0.174925 -0.134828
v -0.021045 0.165621 -0.129795
v -0.018030 0.187984 -0.106366
v -0.018000 0.190985 -0.107723
v -0.019523 0.190220 -0.109419
v -0.005921 0.178491 -0.104093
v -0.007124 0.186033 -0.099006
v -0.007162 0.182203 -0.097242
v -0.006636 0.182003 -0.097234
v -0.006595 0.186160 -0.099149
v -0.017388 0.158090 -0.129437
v -0.010645 0.153133 -0.126785
v -0.010543 0.159723 -0.126691
v -0.010585 0.154927 -0.123993
v -0.009437 0.153115 -0.126799
v -0.009395 0.157972 -0.129533
v -0.009313 0.162251 -0.128138
v -0.009377 0.154909 -0.124007
v -0.005946 0.175777 -0.102674
v -0.006003 0.169541 -0.099415
v -0.006516 0.154867 -0.124042
v -0.006452 0.162208 -0.128172
v -0.017434 0.157990 -0.133247
v -0.017421 0.159309 -0.133843
v -0.009428 0.159191 -0.133939
v -0.009441 0.157872 -0.133342
v -0.017195 0.174869 -0.134873
v -0.009202 0.174750 -0.134968
v -0.017365 0.160667 -0.130888
v -0.009373 0.160549 -0.130983
v -0.017337 0.163903 -0.132709
v -0.017213 0.174366 -0.135793
v -0.009221 0.174248 -0.135888
v -0.009345 0.163785 -0.132805
v -0.009076 0.176717 -0.134991
v -0.009089 0.176386 -0.135710
v -0.009045 0.179768 -0.136371
v -0.008662 0.180094 -0.136541
v -0.008132 0.180123 -0.137417
v -0.009059 0.179438 -0.137090
v -0.005042 0.175763 -0.102685
v -0.005549 0.162195 -0.128183
v -0.004931 0.187002 -0.108236
v -0.005015 0.178478 -0.104104
v -0.005519 0.165391 -0.129980
v -0.005433 0.174695 -0.135013
v -0.005809 0.190017 -0.109583
v -0.007269 0.190797 -0.107917
v -0.007299 0.187795 -0.106559
v -0.005839 0.187015 -0.108225
v -0.018219 0.177346 -0.133885
v -0.018090 0.177238 -0.134220
v -0.017846 0.176790 -0.133670
v -0.018346 0.177959 -0.134133
v -0.017735 0.176739 -0.134028
v -0.017247 0.176405 -0.133535
v -0.017185 0.176380 -0.133902
v -0.016503 0.176243 -0.133499
v -0.015780 0.176333 -0.133565
v -0.015835 0.176324 -0.133965
v -0.016525 0.176246 -0.133874
v -0.015128 0.176634 -0.133748
v -0.014693 0.177141 -0.133975
v -0.014828 0.177059 -0.134310
v -0.015248 0.176608 -0.134106
v -0.014507 0.177757 -0.134237
v -0.014657 0.177619 -0.134548
v -0.014600 0.178370 -0.134486
v -0.014751 0.178204 -0.134786
v -0.015106 0.178732 -0.134990
v -0.014990 0.178954 -0.134712
v -0.015589 0.179311 -0.134835
v -0.015656 0.179063 -0.135104
v -0.016317 0.179512 -0.134857
v -0.016333 0.179208 -0.135105
v -0.017056 0.179394 -0.134779
v -0.017691 0.179054 -0.134612
v -0.016990 0.179147 -0.135053
v -0.018143 0.178575 -0.134396
v -0.017610 0.178834 -0.134899
v -0.018013 0.178384 -0.134697
v -0.017571 0.178375 -0.134898
v -0.018184 0.177824 -0.134458
v -0.017818 0.177507 -0.134529
v -0.017260 0.176702 -0.134219
v -0.016422 0.177659 -0.134649
v -0.016219 0.176487 -0.134173
v -0.015289 0.176931 -0.134425
v -0.015026 0.177799 -0.134794
v -0.015584 0.178643 -0.135090
v -0.016609 0.178858 -0.135137
v -0.017510 0.190491 -0.108188
v -0.017835 0.189881 -0.107775
v -0.017854 0.188526 -0.110842
v -0.018258 0.188536 -0.114321
v -0.018791 0.187556 -0.113857
v -0.018519 0.180794 -0.132436
v -0.019053 0.179814 -0.131972
v -0.018613 0.179386 -0.132620
v -0.018613 0.179183 -0.133054
v -0.018698 0.178411 -0.132165
v -0.018401 0.177475 -0.131736
v -0.017749 0.176735 -0.131372
v -0.016879 0.176252 -0.131163
v -0.016879 0.176049 -0.131597
v -0.015897 0.176125 -0.131121
v -0.015897 0.175923 -0.131555
v -0.014959 0.176392 -0.131261
v -0.014203 0.176989 -0.131551
v -0.013792 0.177807 -0.131969
v -0.013794 0.177630 -0.132384
v -0.013707 0.178783 -0.132423
v -0.013972 0.179708 -0.132848
v -0.013975 0.179531 -0.133263
v -0.014626 0.180474 -0.133192
v -0.015496 0.180957 -0.133402
v -0.016473 0.181055 -0.133431
v -0.017414 0.180802 -0.133297
v -0.017414 0.180599 -0.133732
v -0.018140 0.180209 -0.133010
v -0.018143 0.180021 -0.133451
v -0.017635 0.181487 -0.132803
v -0.017376 0.189254 -0.114670
v -0.017531 0.189194 -0.111158
v -0.016905 0.189684 -0.111396
v -0.016884 0.190980 -0.108426
v -0.016134 0.189883 -0.111501
v -0.015370 0.189799 -0.111475
v -0.015348 0.191096 -0.108505
v -0.014667 0.189411 -0.111307
v -0.014162 0.188801 -0.111032
v -0.013901 0.188053 -0.110689
v -0.013963 0.187274 -0.110327
v -0.014315 0.186601 -0.110008
v -0.014912 0.186116 -0.109773
v -0.014890 0.187457 -0.106699
v -0.015680 0.185903 -0.109661
v -0.015658 0.187243 -0.106587
v -0.016450 0.186015 -0.109700
v -0.017150 0.186389 -0.109862
v -0.017128 0.187730 -0.106788
v -0.017686 0.187009 -0.110140
v -0.017662 0.188335 -0.107060
v -0.017926 0.189097 -0.107410
v -0.017948 0.187757 -0.110483
v -0.018904 0.186413 -0.113325
v -0.018519 0.185328 -0.112827
v -0.019166 0.178672 -0.131439
v -0.017779 0.184426 -0.112421
v -0.018777 0.177571 -0.130935
v -0.018040 0.176695 -0.130510
v -0.016973 0.176121 -0.130261
v -0.016712 0.183852 -0.112173
v -0.015578 0.183717 -0.112130
v -0.015842 0.176001 -0.130225
v -0.014497 0.184020 -0.112288
v -0.014756 0.176275 -0.130370
v -0.013583 0.184728 -0.112633
v -0.013845 0.176998 -0.130721
v -0.013056 0.185737 -0.113110
v -0.013314 0.177981 -0.131218
v -0.012943 0.186879 -0.113642
v -0.013199 0.179109 -0.131744
v -0.013325 0.187951 -0.114133
v -0.013584 0.180195 -0.132241
v -0.014094 0.188849 -0.114537
v -0.014356 0.181107 -0.132651
v -0.015100 0.189416 -0.114783
v -0.015362 0.181663 -0.132924
v -0.016266 0.189561 -0.114831
v -0.016527 0.181808 -0.132971
v -0.016085 0.192909 -0.099885
v -0.016391 0.192713 -0.101219
v -0.016251 0.192678 -0.099775
v -0.016654 0.192202 -0.100977
v -0.016900 0.192118 -0.102488
v -0.016972 0.191234 -0.102076
v -0.017334 0.191320 -0.103975
v -0.017471 0.190889 -0.105141
v -0.017265 0.190303 -0.108105
v -0.017546 0.189730 -0.107834
v -0.017502 0.190262 -0.104849
v -0.017629 0.189066 -0.107524
v -0.017393 0.188448 -0.107241
v -0.017323 0.189636 -0.104561
v -0.016960 0.187902 -0.106995
v -0.016896 0.189119 -0.104329
v -0.016364 0.187602 -0.106866
v -0.016361 0.188825 -0.104201
v -0.015687 0.188743 -0.104175
v -0.015684 0.187492 -0.106826
v -0.015091 0.188917 -0.104266
v -0.015059 0.187670 -0.106920
v -0.014539 0.188085 -0.107121
v -0.014568 0.189318 -0.104460
v -0.014226 0.188648 -0.107388
v -0.014281 0.189862 -0.104718
v -0.014171 0.189308 -0.107695
v -0.014224 0.190508 -0.105019
v -0.014384 0.189959 -0.107994
v -0.014426 0.191101 -0.105291
v -0.014851 0.191604 -0.105517
v -0.015420 0.191922 -0.105655
v -0.016066 0.192008 -0.105684
v -0.016090 0.190901 -0.108402
v -0.016713 0.190708 -0.108302
v -0.016691 0.191830 -0.105591
v -0.017187 0.191448 -0.105405
v -0.017039 0.191821 -0.104213
v -0.016598 0.192181 -0.104387
v -0.016029 0.192336 -0.104469
v -0.016221 0.192645 -0.102744
v -0.015450 0.192285 -0.104455
v -0.015332 0.192535 -0.102708
v -0.015792 0.192873 -0.101303
v -0.015804 0.193009 -0.099936
v -0.015258 0.192579 -0.101176
v -0.015093 0.192024 -0.100921
v -0.015618 0.192339 -0.099628
v -0.015352 0.191498 -0.100673
v -0.015925 0.191357 -0.100597
v -0.016428 0.191641 -0.100721
v -0.016396 0.190560 -0.101774
v -0.015503 0.190436 -0.101731
v -0.016826 0.189748 -0.103254
v -0.016265 0.189472 -0.103136
v -0.015710 0.189388 -0.103106
v -0.015143 0.189558 -0.103195
v -0.014667 0.189893 -0.103358
v -0.014859 0.190987 -0.101998
v -0.014408 0.190419 -0.103607
v -0.014752 0.191847 -0.102399
v -0.014395 0.190984 -0.103869
v -0.014560 0.191538 -0.104124
v -0.014944 0.191987 -0.104326
v -0.017181 0.190201 -0.103458
v -0.017378 0.190765 -0.103717
v -0.015431 0.190743 -0.108340
v -0.014646 0.190707 -0.108337
v -0.016113 0.191179 -0.108531
v -0.014865 0.190439 -0.108209
v -0.014140 0.190142 -0.107959
v -0.013876 0.189379 -0.107609
v -0.014437 0.189966 -0.107872
v -0.014232 0.189358 -0.107593
v -0.014289 0.188713 -0.107293
v -0.014575 0.188168 -0.107035
v -0.014293 0.187942 -0.106935
v -0.013944 0.188629 -0.107260
v -0.015098 0.187768 -0.106840
v -0.016428 0.187355 -0.106626
v -0.015697 0.187608 -0.106756
v -0.016371 0.187690 -0.106782
v -0.016909 0.187998 -0.106916
v -0.017336 0.188515 -0.107149
v -0.017481 0.189754 -0.107722
v -0.017512 0.189127 -0.107430
v -0.015567 0.192865 -0.099873
v -0.015826 0.192650 -0.099769
v -0.015484 0.192580 -0.099743
v -0.016138 0.192398 -0.099647
v -0.015901 0.192254 -0.099584
v -0.018533 0.179673 -0.135023
v -0.018859 0.179756 -0.133565
v -0.019174 0.178107 -0.132763
v -0.019011 0.176993 -0.133740
v -0.018786 0.177007 -0.132258
v -0.018456 0.175961 -0.133270
v -0.018454 0.176521 -0.132038
v -0.017534 0.175778 -0.131709
v -0.016418 0.175419 -0.131561
v -0.015850 0.174863 -0.132774
v -0.015269 0.174960 -0.132829
v -0.014764 0.175700 -0.131720
v -0.014262 0.175479 -0.133117
v -0.014257 0.176024 -0.131879
v -0.013325 0.176857 -0.133773
v -0.013323 0.177417 -0.132541
v -0.013246 0.177961 -0.132795
v -0.013207 0.178545 -0.133067
v -0.013592 0.179619 -0.133590
v -0.014369 0.179986 -0.135239
v -0.014364 0.180532 -0.134001
v -0.014851 0.180317 -0.135385
v -0.014843 0.180848 -0.134140
v -0.015372 0.180539 -0.135479
v -0.015967 0.180677 -0.135533
v -0.015960 0.181208 -0.134287
v -0.016540 0.180698 -0.135533
v -0.016533 0.181229 -0.134288
v -0.017113 0.181132 -0.134233
v -0.017648 0.180377 -0.135365
v -0.017643 0.180923 -0.134127
v -0.018127 0.180631 -0.133983
v -0.018525 0.180204 -0.133778
v -0.019061 0.179239 -0.133321
v -0.019161 0.178661 -0.133051
v -0.018700 0.178234 -0.132581
v -0.019006 0.177539 -0.132501
v -0.018403 0.177298 -0.132151
v -0.017746 0.176518 -0.131800
v -0.018046 0.176105 -0.131852
v -0.016979 0.175532 -0.131604
v -0.015845 0.175397 -0.131561
v -0.015267 0.175509 -0.131623
v -0.014959 0.176190 -0.131695
v -0.014203 0.176787 -0.131985
v -0.013850 0.176408 -0.132064
v -0.013524 0.176899 -0.132297
v -0.013709 0.178606 -0.132838
v -0.013342 0.179103 -0.133324
v -0.013895 0.180110 -0.133813
v -0.014629 0.180286 -0.133633
v -0.015494 0.180740 -0.133830
v -0.015367 0.181085 -0.134240
v -0.016476 0.180867 -0.133872
v -0.013254 0.177430 -0.134041
v -0.014269 0.177730 -0.134162
v -0.013212 0.177999 -0.134305
v -0.013347 0.178558 -0.134562
v -0.014437 0.178461 -0.134499
v -0.013597 0.179085 -0.134803
v -0.013902 0.179579 -0.135058
v -0.014855 0.179083 -0.134781
v -0.015478 0.179517 -0.135003
v -0.015306 0.179240 -0.134473
v -0.014861 0.178796 -0.134243
v -0.014568 0.178201 -0.133972
v -0.014567 0.177564 -0.133676
v -0.014371 0.177004 -0.133824
v -0.014819 0.176995 -0.133408
v -0.014795 0.176395 -0.133534
v -0.015244 0.176549 -0.133194
v -0.015411 0.176011 -0.133345
v -0.015829 0.176317 -0.133076
v -0.016163 0.175874 -0.133269
v -0.016492 0.176341 -0.133076
v -0.016915 0.176048 -0.133337
v -0.017106 0.176579 -0.133176
v -0.017533 0.176464 -0.133519
v -0.017555 0.177048 -0.133386
v -0.017982 0.177096 -0.133805
v -0.017786 0.177638 -0.133656
v -0.018121 0.177832 -0.134144
v -0.017819 0.178285 -0.133956
v -0.017988 0.178547 -0.134479
v -0.017599 0.178854 -0.134255
v -0.017593 0.179141 -0.134792
v -0.017113 0.179293 -0.134467
v -0.016980 0.179539 -0.134988
v -0.016528 0.179525 -0.134585
v -0.016224 0.179662 -0.135057
v -0.015894 0.179497 -0.134582
v -0.017118 0.180586 -0.135471
v -0.018129 0.180072 -0.135215
v -0.018864 0.179211 -0.134803
v -0.019066 0.178693 -0.134559
v -0.019166 0.178127 -0.134264
v -0.019179 0.177562 -0.134001
v -0.018790 0.176462 -0.133497
v -0.018051 0.175560 -0.133091
v -0.017539 0.175233 -0.132948
v -0.016986 0.175001 -0.132849
v -0.016423 0.174885 -0.132774
v -0.014769 0.175154 -0.132958
v -0.013855 0.175863 -0.133303
v -0.013526 0.176339 -0.133529
v -0.013371 0.171606 -0.131839
v -0.013242 0.171498 -0.132174
v -0.012998 0.171050 -0.131625
v -0.013497 0.172219 -0.132088
v -0.012887 0.170998 -0.131982
v -0.012398 0.170664 -0.131490
v -0.012337 0.170640 -0.131856
v -0.011655 0.170503 -0.131453
v -0.010932 0.170593 -0.131520
v -0.010987 0.170584 -0.131919
v -0.011676 0.170506 -0.131828
v -0.010280 0.170894 -0.131702
v -0.009845 0.171400 -0.131929
v -0.009980 0.171319 -0.132264
v -0.010400 0.170868 -0.132061
v -0.009658 0.172016 -0.132191
v -0.009809 0.171879 -0.132502
v -0.009752 0.172630 -0.132441
v -0.009903 0.172464 -0.132740
v -0.010258 0.172992 -0.132944
v -0.010142 0.173213 -0.132666
v -0.010741 0.173571 -0.132790
v -0.010807 0.173322 -0.133058
v -0.011469 0.173772 -0.132812
v -0.011485 0.173468 -0.133060
v -0.012207 0.173654 -0.132733
v -0.012843 0.173314 -0.132567
v -0.012142 0.173406 -0.133008
v -0.013295 0.172835 -0.132350
v -0.012762 0.173094 -0.132853
v -0.013165 0.172644 -0.132651
v -0.012723 0.172635 -0.132853
v -0.013336 0.172084 -0.132413
v -0.012970 0.171767 -0.132484
v -0.012412 0.170962 -0.132174
v -0.011574 0.171918 -0.132603
v -0.011371 0.170747 -0.132127
v -0.010441 0.171190 -0.132379
v -0.010177 0.172058 -0.132749
v -0.010736 0.172903 -0.133044
v -0.011761 0.173118 -0.133091
v -0.012662 0.184750 -0.106142
v -0.013006 0.182785 -0.108796
v -0.013410 0.182795 -0.112275
v -0.013943 0.181815 -0.111811
v -0.013671 0.175054 -0.130390
v -0.014204 0.174074 -0.129926
v -0.013765 0.173646 -0.130574
v -0.013292 0.174469 -0.130964
v -0.013765 0.173443 -0.131008
v -0.013850 0.172670 -0.130120
v -0.013852 0.172493 -0.130535
v -0.013553 0.171735 -0.129690
v -0.012901 0.170994 -0.129327
v -0.012898 0.170777 -0.129754
v -0.012031 0.170511 -0.129117
v -0.011048 0.170385 -0.129075
v -0.011048 0.170182 -0.129510
v -0.010111 0.170652 -0.129215
v -0.010111 0.170449 -0.129649
v -0.009355 0.171249 -0.129505
v -0.008943 0.172067 -0.129923
v -0.008946 0.171890 -0.130338
v -0.008859 0.173042 -0.130377
v -0.009124 0.173967 -0.130802
v -0.009778 0.174733 -0.131147
v -0.009781 0.174545 -0.131588
v -0.010648 0.175217 -0.131356
v -0.011625 0.175314 -0.131385
v -0.011628 0.175126 -0.131826
v -0.012566 0.175062 -0.131252
v -0.012566 0.174859 -0.131686
v -0.012787 0.175747 -0.130758
v -0.012528 0.183514 -0.112624
v -0.012683 0.183454 -0.109112
v -0.012057 0.183943 -0.109350
v -0.012036 0.185240 -0.106380
v -0.011286 0.184142 -0.109455
v -0.011265 0.185439 -0.106485
v -0.010521 0.184059 -0.109429
v -0.010500 0.185355 -0.106460
v -0.009819 0.183670 -0.109261
v -0.009314 0.183061 -0.108987
v -0.009053 0.182313 -0.108644
v -0.009115 0.181533 -0.108281
v -0.009466 0.180861 -0.107963
v -0.010063 0.180376 -0.107727
v -0.010832 0.180162 -0.107615
v -0.010810 0.181503 -0.104542
v -0.011602 0.180275 -0.107654
v -0.011580 0.181615 -0.104581
v -0.012301 0.180649 -0.107816
v -0.012838 0.181268 -0.108095
v -0.012813 0.182595 -0.105015
v -0.013100 0.182016 -0.108438
v -0.014056 0.180673 -0.111279
v -0.013670 0.179587 -0.110782
v -0.014317 0.172931 -0.129394
v -0.012931 0.178685 -0.110375
v -0.013929 0.171831 -0.128889
v -0.013192 0.170955 -0.128464
v -0.012125 0.170381 -0.128216
v -0.011864 0.178112 -0.110127
v -0.010730 0.177977 -0.110084
v -0.010994 0.170261 -0.128179
v -0.009649 0.178280 -0.110243
v -0.009908 0.170535 -0.128325
v -0.008735 0.178988 -0.110587
v -0.008997 0.171257 -0.128676
v -0.008207 0.179997 -0.111064
v -0.008466 0.172241 -0.129172
v -0.008094 0.181139 -0.111597
v -0.008350 0.173368 -0.129698
v -0.008477 0.182210 -0.112088
v -0.008736 0.174454 -0.130195
v -0.009246 0.183108 -0.112491
v -0.009508 0.175366 -0.130606
v -0.010252 0.183676 -0.112738
v -0.010514 0.175923 -0.130878
v -0.011418 0.183821 -0.112785
v -0.011679 0.176068 -0.130926
v -0.011806 0.186461 -0.098931
v -0.012052 0.186378 -0.100443
v -0.012124 0.185493 -0.100031
v -0.012485 0.185580 -0.101930
v -0.012623 0.185148 -0.103095
v -0.012339 0.185707 -0.103359
v -0.012417 0.184563 -0.106059
v -0.012697 0.183990 -0.105788
v -0.012654 0.184522 -0.102803
v -0.012781 0.183326 -0.105479
v -0.012544 0.182708 -0.105196
v -0.012475 0.183895 -0.102516
v -0.012112 0.182162 -0.104950
v -0.012048 0.183378 -0.102283
v -0.011516 0.181862 -0.104821
v -0.011513 0.183084 -0.102155
v -0.010839 0.183003 -0.102129
v -0.010836 0.181751 -0.104781
v -0.010243 0.183177 -0.102220
v -0.010211 0.181929 -0.104874
v -0.009690 0.182345 -0.105076
v -0.009719 0.183577 -0.102415
v -0.009378 0.182908 -0.105342
v -0.009433 0.184122 -0.102672
v -0.009323 0.183568 -0.105650
v -0.009376 0.184767 -0.102973
v -0.009536 0.184219 -0.105948
v -0.009578 0.185361 -0.103245
v -0.010003 0.185863 -0.103471
v -0.009964 0.184736 -0.106181
v -0.010572 0.186182 -0.103610
v -0.011217 0.186268 -0.103638
v -0.011242 0.185160 -0.106357
v -0.011843 0.186090 -0.103545
v -0.012191 0.186081 -0.102167
v -0.011750 0.186440 -0.102342
v -0.011180 0.186596 -0.102424
v -0.011373 0.186905 -0.100699
v -0.010602 0.186545 -0.102410
v -0.010484 0.186794 -0.100663
v -0.010944 0.187133 -0.099258
v -0.011543 0.186973 -0.099173
v -0.010956 0.187268 -0.097890
v -0.010409 0.186838 -0.099130
v -0.010635 0.186840 -0.097697
v -0.010244 0.186284 -0.098876
v -0.010769 0.186599 -0.097583
v -0.010504 0.185758 -0.098627
v -0.011077 0.185617 -0.098552
v -0.011290 0.186658 -0.097601
v -0.011580 0.185901 -0.098675
v -0.011547 0.184820 -0.099728
v -0.010655 0.184696 -0.099685
v -0.011978 0.184007 -0.101208
v -0.011417 0.183732 -0.101090
v -0.010862 0.183648 -0.101061
v -0.010295 0.183818 -0.101149
v -0.009819 0.184153 -0.101312
v -0.010011 0.185247 -0.099952
v -0.009559 0.184679 -0.101561
v -0.009904 0.186107 -0.100353
v -0.009547 0.185244 -0.101824
v -0.009711 0.185798 -0.102078
v -0.010096 0.186247 -0.102280
v -0.012333 0.184460 -0.101413
v -0.012530 0.185025 -0.101672
v -0.010583 0.185003 -0.106295
v -0.009798 0.184967 -0.106291
v -0.009292 0.184401 -0.105913
v -0.009028 0.183639 -0.105563
v -0.009588 0.184226 -0.105826
v -0.009383 0.183618 -0.105548
v -0.009441 0.182973 -0.105247
v -0.009727 0.182428 -0.104989
v -0.009445 0.182202 -0.104889
v -0.009096 0.182888 -0.105214
v -0.010042 0.181716 -0.104654
v -0.010250 0.182027 -0.104795
v -0.010849 0.181868 -0.104710
v -0.011523 0.181949 -0.104737
v -0.012061 0.182258 -0.104871
v -0.012279 0.181989 -0.104743
v -0.012488 0.182775 -0.105104
v -0.013078 0.183357 -0.105364
v -0.012987 0.184141 -0.105729
v -0.012633 0.184013 -0.105676
v -0.012664 0.183387 -0.105385
v -0.011856 0.184925 -0.106237
v -0.010719 0.187124 -0.097828
v -0.010978 0.186910 -0.097724
v -0.011237 0.187169 -0.097840
v -0.011403 0.186938 -0.097730
v -0.011053 0.186514 -0.097539
v -0.014016 0.173471 -0.132758
v -0.014217 0.172953 -0.132514
v -0.014213 0.173498 -0.131275
v -0.014318 0.172387 -0.132218
v -0.014325 0.172367 -0.130717
v -0.014158 0.171798 -0.130456
v -0.013942 0.170721 -0.131451
v -0.013937 0.171267 -0.130213
v -0.013606 0.170781 -0.129993
v -0.013197 0.170365 -0.129807
v -0.012691 0.169492 -0.130902
v -0.012130 0.169791 -0.129558
v -0.011575 0.169144 -0.130728
v -0.011570 0.169679 -0.129516
v -0.011002 0.169122 -0.130728
v -0.010997 0.169657 -0.129515
v -0.010421 0.169220 -0.130783
v -0.010419 0.169769 -0.129577
v -0.009408 0.170284 -0.129833
v -0.009007 0.170122 -0.131257
v -0.009002 0.170668 -0.130018
v -0.008678 0.170599 -0.131484
v -0.008676 0.171159 -0.130252
v -0.008476 0.171117 -0.131728
v -0.008474 0.171676 -0.130496
v -0.008405 0.171690 -0.131995
v -0.008398 0.172221 -0.130750
v -0.008359 0.172804 -0.131021
v -0.008494 0.173363 -0.131278
v -0.008749 0.173345 -0.132757
v -0.009047 0.174369 -0.131767
v -0.009516 0.174791 -0.131955
v -0.011119 0.174936 -0.133487
v -0.011111 0.175467 -0.132242
v -0.011685 0.175489 -0.132242
v -0.012795 0.175183 -0.132081
v -0.013677 0.174464 -0.131732
v -0.014011 0.174016 -0.131519
v -0.013295 0.174281 -0.131405
v -0.014313 0.172921 -0.131005
v -0.013555 0.171558 -0.130106
v -0.012686 0.170038 -0.129663
v -0.012031 0.170309 -0.129552
v -0.009916 0.169959 -0.129674
v -0.009355 0.171046 -0.129939
v -0.008861 0.172865 -0.130792
v -0.009126 0.173790 -0.131217
v -0.008744 0.173879 -0.131545
v -0.009995 0.175108 -0.132094
v -0.010646 0.175000 -0.131784
v -0.010519 0.175344 -0.132195
v -0.012265 0.175391 -0.132187
v -0.013278 0.174891 -0.131938
v -0.009421 0.171989 -0.132117
v -0.008363 0.172259 -0.132260
v -0.008499 0.172817 -0.132517
v -0.009589 0.172721 -0.132454
v -0.009054 0.173838 -0.133012
v -0.010006 0.173343 -0.132735
v -0.009521 0.174246 -0.133194
v -0.010630 0.173776 -0.132957
v -0.010458 0.173500 -0.132427
v -0.010013 0.173056 -0.132198
v -0.009720 0.172461 -0.131926
v -0.009719 0.171824 -0.131631
v -0.009523 0.171264 -0.131778
v -0.009971 0.171254 -0.131362
v -0.009946 0.170655 -0.131488
v -0.010395 0.170808 -0.131148
v -0.010562 0.170271 -0.131299
v -0.010980 0.170577 -0.131030
v -0.011315 0.170133 -0.131223
v -0.011644 0.170600 -0.131030
v -0.012067 0.170308 -0.131291
v -0.012258 0.170839 -0.131130
v -0.012685 0.170723 -0.131474
v -0.012706 0.171308 -0.131341
v -0.013134 0.171355 -0.131759
v -0.012938 0.171897 -0.131610
v -0.013273 0.172091 -0.132099
v -0.012971 0.172545 -0.131910
v -0.013139 0.172807 -0.132433
v -0.012751 0.173113 -0.132209
v -0.012745 0.173400 -0.132747
v -0.012265 0.173553 -0.132421
v -0.012132 0.173799 -0.132942
v -0.011680 0.173785 -0.132539
v -0.011376 0.173922 -0.133012
v -0.011046 0.173757 -0.132537
v -0.012270 0.174846 -0.133426
v -0.011692 0.174958 -0.133488
v -0.010524 0.174799 -0.133434
v -0.010003 0.174577 -0.133339
v -0.012799 0.174637 -0.133320
v -0.013281 0.174331 -0.133170
v -0.013684 0.173933 -0.132978
v -0.014330 0.171822 -0.131956
v -0.014163 0.171253 -0.131694
v -0.013608 0.170221 -0.131225
v -0.013202 0.169820 -0.131045
v -0.012138 0.169260 -0.130804
v -0.009921 0.169414 -0.130913
v -0.009413 0.169738 -0.131072
v 0.004893 0.119760 -0.043703
v 0.008232 0.117776 -0.044487
v 0.005003 0.133643 -0.061074
v 0.004951 0.126198 -0.052638
v 0.008290 0.124316 -0.053556
v 0.008344 0.131876 -0.062120
v -0.000904 0.129984 -0.039644
v -0.013369 0.129978 -0.039663
v -0.000850 0.135895 -0.047889
v -0.000802 0.142752 -0.055666
v -0.013267 0.142746 -0.055685
v -0.013316 0.135890 -0.047908
v 0.004970 0.139222 -0.057766
v 0.004920 0.132161 -0.049756
v 0.004865 0.126074 -0.041264
v 0.003168 0.128840 -0.040115
v 0.003222 0.134803 -0.048432
v 0.003271 0.141719 -0.056277
v 0.008375 0.085524 -0.057315
v 0.008447 0.093724 -0.068559
v 0.008514 0.103141 -0.079204
v -0.000695 0.081828 -0.058896
v -0.013150 0.081822 -0.058915
v -0.000621 0.090182 -0.070353
v -0.013076 0.090176 -0.070372
v -0.000553 0.099776 -0.081198
v -0.013008 0.099770 -0.081217
v -0.000712 0.085520 -0.057329
v -0.000639 0.093720 -0.068573
v -0.000573 0.103137 -0.079217
v -0.019075 0.119749 -0.043739
v -0.022396 0.117762 -0.044534
v -0.018964 0.133632 -0.061110
v -0.022284 0.131862 -0.062167
v -0.022338 0.124302 -0.053602
v -0.019017 0.126187 -0.052674
v -0.018997 0.139211 -0.057802
v -0.019047 0.132150 -0.049792
v -0.019102 0.126063 -0.041300
v -0.017431 0.128830 -0.040146
v -0.017377 0.134793 -0.048464
v -0.017328 0.141710 -0.056308
v -0.022253 0.085510 -0.057361
v -0.022181 0.093710 -0.068605
v -0.022114 0.103127 -0.079250
v -0.013167 0.085515 -0.057348
v -0.013094 0.093715 -0.068592
v -0.013028 0.103131 -0.079236
v -0.010622 0.119760 -0.043703
v -0.011644 0.117776 -0.044487
v -0.010656 0.133643 -0.061074
v -0.011679 0.131876 -0.062120
v -0.008847 0.129984 -0.039644
v -0.005031 0.129978 -0.039663
v -0.008879 0.142752 -0.055666
v -0.005062 0.142746 -0.055685
v -0.010646 0.139222 -0.057766
v -0.010614 0.126074 -0.041264
v -0.010094 0.128840 -0.040115
v -0.010126 0.141719 -0.056277
v -0.011688 0.085524 -0.057315
v -0.011731 0.103141 -0.079204
v -0.008911 0.081828 -0.058896
v -0.005098 0.081822 -0.058915
v -0.008955 0.099776 -0.081198
v -0.005142 0.099770 -0.081217
v -0.008906 0.085520 -0.057329
v -0.008949 0.103137 -0.079217
v -0.003284 0.119749 -0.043739
v -0.002268 0.117762 -0.044534
v -0.003318 0.133632 -0.061110
v -0.002302 0.131862 -0.062167
v -0.003308 0.139211 -0.057802
v -0.003276 0.126063 -0.041300
v -0.003788 0.128830 -0.040146
v -0.003819 0.141710 -0.056308
v -0.002311 0.085510 -0.057361
v -0.002354 0.103127 -0.079250
v -0.005093 0.085515 -0.057348
v -0.005136 0.103131 -0.079236
v -0.008952 0.106665 -0.008501
v -0.009427 0.108425 -0.008250
v -0.010634 0.109170 -0.008135
v -0.014310 0.109224 -0.008091
v -0.009909 0.107684 -0.007639
v -0.010785 0.108224 -0.007555
v -0.014175 0.108274 -0.007515
v -0.009529 0.106278 -0.007839
v -0.008041 0.101482 -0.009232
v -0.009018 0.102741 -0.009047
v -0.009598 0.102204 -0.008406
v -0.008620 0.100946 -0.008592
v -0.016143 0.102846 -0.008962
v -0.017163 0.101617 -0.009123
v -0.016584 0.101069 -0.008496
v -0.015565 0.102292 -0.008335
v -0.015542 0.108516 -0.008177
v -0.016077 0.106770 -0.008415
v -0.015496 0.106366 -0.007768
v -0.015069 0.107760 -0.007578
v -0.017474 0.083192 -0.011648
v -0.008352 0.083056 -0.011757
v -0.008916 0.083430 -0.010989
v -0.016881 0.083549 -0.010894
v -0.005962 0.076054 -0.013461
v -0.020190 0.076270 -0.013291
v -0.005959 0.076758 -0.014125
v -0.020187 0.076969 -0.013955
v -0.018013 0.112866 -0.008238
v -0.017178 0.115589 -0.007867
v -0.015257 0.116694 -0.007732
v -0.009524 0.116609 -0.007800
v -0.007641 0.115448 -0.007981
v -0.006900 0.112702 -0.008371
v -0.007636 0.115255 -0.007267
v -0.009519 0.116416 -0.007086
v -0.015252 0.116501 -0.007018
v -0.017173 0.115396 -0.007153
v -0.018007 0.112673 -0.007524
v -0.006894 0.112508 -0.007657
v -0.020175 0.076653 -0.012522
v -0.020184 0.076139 -0.012594
v -0.005956 0.075924 -0.012765
v -0.005947 0.076442 -0.012692
v -0.020219 0.074086 -0.012883
v -0.020225 0.074216 -0.013580
v -0.005997 0.074005 -0.013749
v -0.005991 0.073875 -0.013053
v -0.006998 0.106388 -0.008509
v -0.005473 0.104426 -0.008798
v -0.005485 0.104742 -0.010231
v -0.007003 0.106581 -0.009223
v -0.019701 0.104636 -0.008628
v -0.018111 0.106553 -0.008377
v -0.018116 0.106746 -0.009091
v -0.019713 0.104953 -0.010061
vt 0.774010 0.976404
vt 0.775241 0.976101
vt 0.774388 0.977939
vt 0.775619 0.977636
vt 0.833047 0.880342
vt 0.827268 0.879907
vt 0.833007 0.862749
vt 0.827823 0.862611
vt 0.825267 0.879720
vt 0.826148 0.862510
vt 0.837360 0.880331
vt 0.837767 0.879865
vt 0.838084 0.880329
vt 0.838084 0.879857
vt 0.839918 0.880329
vt 0.839918 0.879857
vt 0.923050 0.923839
vt 0.916398 0.923792
vt 0.923090 0.918125
vt 0.916438 0.918079
vt 0.925316 0.923854
vt 0.925355 0.918141
vt 0.954627 0.803593
vt 0.953931 0.803593
vt 0.954627 0.797879
vt 0.953931 0.797879
vt 0.973712 0.988077
vt 0.972830 0.988077
vt 0.973712 0.982363
vt 0.972830 0.982363
vt 0.757806 0.974300
vt 0.756963 0.970262
vt 0.772734 0.970522
vt 0.772072 0.967152
vt 0.949272 0.908803
vt 0.951531 0.910542
vt 0.949444 0.913939
vt 0.951644 0.913939
vt 0.965351 0.933751
vt 0.965880 0.930436
vt 0.966204 0.933887
vt 0.967013 0.928813
vt 0.964163 0.928813
vt 0.758846 0.801191
vt 0.762260 0.800386
vt 0.762245 0.801250
vt 0.967644 0.932607
vt 0.967644 0.930407
vt 0.968508 0.932607
vt 0.968508 0.930407
vt 0.927478 0.923870
vt 0.927517 0.918156
vt 0.756340 0.801147
vt 0.758946 0.795477
vt 0.756439 0.795434
vt 0.965507 0.981375
vt 0.965565 0.979572
vt 0.967778 0.980315
vt 0.967722 0.979435
vt 0.854944 0.790089
vt 0.855127 0.792798
vt 0.854634 0.790320
vt 0.854719 0.792539
vt 0.947674 0.863918
vt 0.947674 0.862051
vt 0.948320 0.863918
vt 0.948321 0.862051
vt 0.965425 0.900397
vt 0.964779 0.900397
vt 0.965425 0.881216
vt 0.964779 0.881216
vt 0.818473 0.970001
vt 0.817929 0.968130
vt 0.818470 0.968129
vt 0.786815 0.977909
vt 0.785568 0.977586
vt 0.785962 0.976064
vt 0.857826 0.879907
vt 0.852047 0.880342
vt 0.857271 0.862609
vt 0.850283 0.862744
vt 0.859827 0.879720
vt 0.858946 0.862509
vt 0.847009 0.879857
vt 0.847326 0.879856
vt 0.847009 0.880330
vt 0.847733 0.880331
vt 0.845176 0.880330
vt 0.845176 0.879857
vt 0.803359 0.974506
vt 0.788547 0.970555
vt 0.804249 0.970496
vt 0.789242 0.967213
vt 0.970306 0.926241
vt 0.970306 0.922841
vt 0.972505 0.926168
vt 0.972506 0.921029
vt 0.974659 0.972383
vt 0.973806 0.972519
vt 0.974130 0.969068
vt 0.972997 0.967444
vt 0.975847 0.967444
vt 0.762345 0.795537
vt 0.762330 0.796400
vt 0.975176 0.981772
vt 0.974312 0.981772
vt 0.975176 0.979572
vt 0.974312 0.979572
vt 0.979070 0.933478
vt 0.979073 0.925698
vt 0.979717 0.933478
vt 0.979722 0.925698
vt 0.844054 0.789904
vt 0.844373 0.790150
vt 0.843841 0.792709
vt 0.844266 0.792444
vt 0.979716 0.935346
vt 0.979071 0.935345
vt 0.968038 0.900397
vt 0.967392 0.900397
vt 0.968038 0.881215
vt 0.967392 0.881215
vt 0.809184 0.970009
vt 0.809184 0.968137
vt 0.809725 0.968136
vt 0.972977 0.977554
vt 0.972977 0.975945
vt 0.973327 0.977244
vt 0.973332 0.975630
vt 0.962449 0.843127
vt 0.962464 0.841580
vt 0.962815 0.843131
vt 0.962831 0.841580
vt 0.978538 0.964241
vt 0.978071 0.964249
vt 0.977448 0.963008
vt 0.976974 0.963017
vt 0.962831 0.838588
vt 0.968377 0.841544
vt 0.968011 0.841544
vt 0.968011 0.838588
vt 0.830218 0.939634
vt 0.830187 0.928868
vt 0.830685 0.939629
vt 0.830656 0.928866
vt 0.830131 0.977438
vt 0.830179 0.966661
vt 0.830596 0.977440
vt 0.830644 0.966668
vt 0.831068 0.928865
vt 0.831099 0.939754
vt 0.831008 0.977442
vt 0.831060 0.966545
vt 0.831401 0.966271
vt 0.831381 0.977429
vt 0.832088 0.965082
vt 0.832065 0.977431
vt 0.831734 0.965808
vt 0.831713 0.977430
vt 0.831440 0.940029
vt 0.831439 0.928870
vt 0.832124 0.941218
vt 0.831772 0.940492
vt 0.832123 0.928870
vt 0.831771 0.928870
vt 0.957648 0.826082
vt 0.957648 0.826638
vt 0.957423 0.825811
vt 0.957482 0.827102
vt 0.957099 0.827330
vt 0.956716 0.827429
vt 0.955382 0.825811
vt 0.956294 0.827431
vt 0.957648 0.819687
vt 0.957423 0.819958
vt 0.957648 0.819126
vt 0.957482 0.818662
vt 0.957099 0.818439
vt 0.955382 0.819958
vt 0.956716 0.818340
vt 0.956294 0.818339
vt 0.964097 0.950415
vt 0.964655 0.949788
vt 0.968706 0.950415
vt 0.968148 0.949788
vt 0.964655 0.947771
vt 0.968148 0.947771
vt 0.964890 0.947090
vt 0.967925 0.947081
vt 0.967252 0.946733
vt 0.965571 0.946742
vt 0.968764 0.960313
vt 0.964040 0.960313
vt 0.948986 0.827431
vt 0.948986 0.818339
vt 0.973097 0.978790
vt 0.973572 0.978790
vt 0.973097 0.980797
vt 0.973572 0.980797
vt 0.773019 0.971965
vt 0.774246 0.971696
vt 0.773736 0.969136
vt 0.772613 0.956195
vt 0.772819 0.961789
vt 0.771228 0.956274
vt 0.771477 0.961909
vt 0.772496 0.944614
vt 0.772571 0.950457
vt 0.771086 0.944645
vt 0.771164 0.950512
vt 0.772619 0.932425
vt 0.772496 0.938511
vt 0.771224 0.932403
vt 0.771088 0.938514
vt 0.773170 0.920379
vt 0.772825 0.926340
vt 0.771826 0.920302
vt 0.771451 0.926293
vt 0.773343 0.914518
vt 0.772044 0.914412
vt 0.773718 0.909905
vt 0.772475 0.909748
vt 0.773352 0.966964
vt 0.774264 0.906285
vt 0.773067 0.906089
vt 0.853209 0.789475
vt 0.855445 0.787294
vt 0.853509 0.786946
vt 0.851540 0.789342
vt 0.851723 0.786751
vt 0.779188 0.914867
vt 0.777913 0.914822
vt 0.779298 0.910376
vt 0.778086 0.910317
vt 0.776435 0.914726
vt 0.776670 0.910215
vt 0.851496 0.793513
vt 0.851654 0.796579
vt 0.847637 0.793549
vt 0.847376 0.796579
vt 0.778888 0.961411
vt 0.778830 0.955909
vt 0.782506 0.961444
vt 0.782610 0.955948
vt 0.778840 0.950253
vt 0.778882 0.944476
vt 0.782659 0.950289
vt 0.782686 0.944508
vt 0.778903 0.938470
vt 0.778949 0.932458
vt 0.782737 0.938506
vt 0.782758 0.932495
vt 0.779025 0.926439
vt 0.779151 0.920627
vt 0.782747 0.926473
vt 0.782684 0.920647
vt 0.782700 0.914898
vt 0.782611 0.910395
vt 0.779027 0.966440
vt 0.782340 0.966452
vt 0.779462 0.906836
vt 0.782454 0.906816
vt 0.847600 0.786521
vt 0.847609 0.789197
vt 0.777019 0.906651
vt 0.776348 0.920500
vt 0.776096 0.926385
vt 0.775950 0.932444
vt 0.775864 0.938464
vt 0.775880 0.944488
vt 0.775830 0.950269
vt 0.775862 0.955956
vt 0.776028 0.961503
vt 0.776356 0.966596
vt 0.859133 0.795903
vt 0.855416 0.796110
vt 0.858930 0.792727
vt 0.859070 0.787554
vt 0.777793 0.966498
vt 0.777570 0.961444
vt 0.853604 0.796353
vt 0.853150 0.793447
vt 0.777458 0.955923
vt 0.777450 0.950254
vt 0.777492 0.944476
vt 0.777502 0.938465
vt 0.777563 0.932448
vt 0.777670 0.926416
vt 0.777856 0.920585
vt 0.778337 0.906768
vt 0.834819 0.866609
vt 0.834811 0.862745
vt 0.816284 0.978025
vt 0.816283 0.976318
vt 0.818480 0.977079
vt 0.818479 0.975399
vt 0.755938 0.964125
vt 0.755319 0.957773
vt 0.755093 0.951446
vt 0.755162 0.944985
vt 0.755305 0.938388
vt 0.755623 0.931845
vt 0.755881 0.925434
vt 0.756394 0.919059
vt 0.757129 0.912458
vt 0.757910 0.907015
vt 0.758817 0.902807
vt 0.834851 0.880338
vt 0.818123 0.977826
vt 0.817821 0.978168
vt 0.836241 0.880334
vt 0.835751 0.880336
vt 0.836213 0.868171
vt 0.835717 0.867878
vt 0.836862 0.880332
vt 0.836822 0.868309
vt 0.816834 0.978415
vt 0.817298 0.978415
vt 0.835232 0.880337
vt 0.835219 0.867382
vt 0.818391 0.977423
vt 0.837320 0.868299
vt 0.770199 0.800525
vt 0.770269 0.796539
vt 0.778476 0.800670
vt 0.778546 0.796683
vt 0.786751 0.800814
vt 0.786821 0.796827
vt 0.795247 0.800962
vt 0.795317 0.796976
vt 0.803989 0.801115
vt 0.804059 0.797128
vt 0.812745 0.801268
vt 0.812814 0.797281
vt 0.821414 0.801419
vt 0.821484 0.797432
vt 0.830112 0.801571
vt 0.830182 0.797584
vt 0.838997 0.801726
vt 0.839067 0.797739
vt 0.846284 0.801853
vt 0.846353 0.797867
vt 0.851945 0.797964
vt 0.851875 0.801951
vt 0.816218 0.968131
vt 0.816220 0.970003
vt 0.817926 0.963829
vt 0.816214 0.963831
vt 0.817920 0.957299
vt 0.816224 0.975401
vt 0.965638 0.977307
vt 0.963437 0.977257
vt 0.964223 0.970807
vt 0.963527 0.970807
vt 0.963366 0.979494
vt 0.855131 0.801869
vt 0.854413 0.800318
vt 0.860667 0.799395
vt 0.860046 0.797803
vt 0.866606 0.797357
vt 0.866129 0.795714
vt 0.872715 0.795911
vt 0.872385 0.794229
vt 0.879113 0.795015
vt 0.878924 0.793314
vt 0.885763 0.794534
vt 0.885699 0.792824
vt 0.892440 0.794639
vt 0.892502 0.792930
vt 0.899002 0.795086
vt 0.899223 0.793391
vt 0.905512 0.796163
vt 0.905891 0.794497
vt 0.912122 0.797856
vt 0.912579 0.796210
vt 0.917442 0.799538
vt 0.917978 0.797917
vt 0.921488 0.801177
vt 0.922005 0.799549
vt 0.776629 0.968731
vt 0.777976 0.968620
vt 0.779132 0.968558
vt 0.782234 0.968544
vt 0.815486 0.957301
vt 0.815491 0.963831
vt 0.817914 0.950536
vt 0.815480 0.950538
vt 0.817909 0.943775
vt 0.815475 0.943777
vt 0.817903 0.936816
vt 0.815469 0.936818
vt 0.817897 0.929635
vt 0.815463 0.929637
vt 0.817891 0.922443
vt 0.815457 0.922445
vt 0.817885 0.915359
vt 0.815451 0.915361
vt 0.817879 0.908251
vt 0.815445 0.908253
vt 0.815439 0.900905
vt 0.817873 0.900903
vt 0.815434 0.894895
vt 0.817868 0.894893
vt 0.817864 0.890192
vt 0.815430 0.890194
vt 0.948323 0.856278
vt 0.947674 0.856278
vt 0.947674 0.854270
vt 0.948323 0.854270
vt 0.948147 0.851943
vt 0.947570 0.851966
vt 0.947983 0.851447
vt 0.947324 0.851374
vt 0.948516 0.852309
vt 0.948080 0.852437
vt 0.948003 0.850767
vt 0.947147 0.850611
vt 0.948173 0.849817
vt 0.947183 0.849644
vt 0.949050 0.852459
vt 0.948614 0.852587
vt 0.837729 0.868295
vt 0.962111 0.838479
vt 0.963179 0.837578
vt 0.962589 0.837047
vt 0.964189 0.837062
vt 0.963832 0.836377
vt 0.981488 0.930886
vt 0.981488 0.934200
vt 0.981030 0.930886
vt 0.981030 0.934200
vt 0.981488 0.925154
vt 0.981030 0.925154
vt 0.962111 0.841580
vt 0.936226 0.994180
vt 0.939967 0.994180
vt 0.936226 0.994638
vt 0.940103 0.994638
vt 0.941609 0.993641
vt 0.941962 0.994018
vt 0.942289 0.992339
vt 0.942831 0.992405
vt 0.942831 0.988282
vt 0.942289 0.988349
vt 0.853253 0.792880
vt 0.853308 0.790009
vt 0.851849 0.792867
vt 0.851883 0.790019
vt 0.847226 0.789918
vt 0.847276 0.792817
vt 0.788246 0.971987
vt 0.787030 0.971705
vt 0.787568 0.969166
vt 0.788816 0.956294
vt 0.790198 0.956387
vt 0.788553 0.961871
vt 0.789889 0.962003
vt 0.789068 0.944724
vt 0.790478 0.944771
vt 0.788924 0.950563
vt 0.790328 0.950635
vt 0.789092 0.932533
vt 0.790488 0.932528
vt 0.789142 0.938622
vt 0.790549 0.938642
vt 0.788675 0.920466
vt 0.790022 0.920403
vt 0.788956 0.926440
vt 0.790331 0.926409
vt 0.789475 0.909810
vt 0.789863 0.914497
vt 0.788224 0.909955
vt 0.788559 0.914591
vt 0.787971 0.967013
vt 0.787708 0.906305
vt 0.788915 0.906119
vt 0.843594 0.786940
vt 0.845865 0.789306
vt 0.845665 0.786623
vt 0.783976 0.914861
vt 0.783830 0.910340
vt 0.785457 0.914775
vt 0.785254 0.910245
vt 0.784926 0.906647
vt 0.785491 0.920552
vt 0.785680 0.926450
vt 0.785758 0.932514
vt 0.785774 0.938536
vt 0.785687 0.944557
vt 0.785668 0.950338
vt 0.785575 0.956022
vt 0.785358 0.961557
vt 0.784990 0.966620
vt 0.843540 0.796118
vt 0.839886 0.792616
vt 0.839682 0.795911
vt 0.839768 0.787164
vt 0.783565 0.966515
vt 0.783820 0.961487
vt 0.845404 0.796361
vt 0.845884 0.793407
vt 0.783981 0.955974
vt 0.784049 0.950305
vt 0.784075 0.944525
vt 0.784137 0.938518
vt 0.784144 0.932501
vt 0.784104 0.926463
vt 0.783980 0.920620
vt 0.783593 0.906754
vt 0.811385 0.976322
vt 0.809189 0.977087
vt 0.809187 0.975407
vt 0.805350 0.964398
vt 0.806052 0.958076
vt 0.806364 0.951767
vt 0.806386 0.945314
vt 0.806336 0.938717
vt 0.806109 0.932164
vt 0.805939 0.925736
vt 0.805508 0.919334
vt 0.804853 0.912700
vt 0.804133 0.907224
vt 0.803271 0.902985
vt 0.850243 0.880338
vt 0.850274 0.866608
vt 0.809547 0.977833
vt 0.811387 0.978030
vt 0.809850 0.978175
vt 0.848853 0.880334
vt 0.848881 0.868170
vt 0.849342 0.880336
vt 0.849376 0.867877
vt 0.848231 0.880333
vt 0.848272 0.868308
vt 0.810373 0.978421
vt 0.810837 0.978421
vt 0.849862 0.880337
vt 0.849874 0.867381
vt 0.809278 0.977431
vt 0.847773 0.868298
vt 0.811438 0.970007
vt 0.811436 0.968135
vt 0.809721 0.963836
vt 0.809715 0.957306
vt 0.811433 0.963835
vt 0.811442 0.975405
vt 0.965881 0.940755
vt 0.966879 0.934178
vt 0.968073 0.940566
vt 0.967574 0.934134
vt 0.966097 0.943011
vt 0.968286 0.942793
vt 0.859925 0.786638
vt 0.854241 0.784241
vt 0.860513 0.785033
vt 0.854927 0.782675
vt 0.866050 0.788599
vt 0.866493 0.786947
vt 0.872631 0.788265
vt 0.872336 0.789953
vt 0.879047 0.789028
vt 0.878892 0.790732
vt 0.885705 0.789369
vt 0.885676 0.791081
vt 0.892378 0.789126
vt 0.892475 0.790833
vt 0.899185 0.790232
vt 0.898929 0.788542
vt 0.905829 0.788988
vt 0.905416 0.787329
vt 0.911988 0.785499
vt 0.912480 0.787135
vt 0.917273 0.783706
vt 0.917842 0.785317
vt 0.921283 0.781984
vt 0.921834 0.783601
vt 0.966270 0.944807
vt 0.784704 0.968732
vt 0.783373 0.968612
vt 0.812150 0.957304
vt 0.812155 0.963834
vt 0.809710 0.950543
vt 0.812144 0.950541
vt 0.809704 0.943781
vt 0.812138 0.943779
vt 0.809698 0.936823
vt 0.812132 0.936821
vt 0.809692 0.929642
vt 0.812126 0.929640
vt 0.809686 0.922450
vt 0.812120 0.922448
vt 0.809680 0.915366
vt 0.812114 0.915364
vt 0.809674 0.908258
vt 0.812108 0.908256
vt 0.812102 0.900908
vt 0.809668 0.900910
vt 0.812097 0.894898
vt 0.809663 0.894900
vt 0.809659 0.890199
vt 0.812093 0.890197
vt 0.963936 0.943893
vt 0.963936 0.943011
vt 0.979187 0.964228
vt 0.979269 0.968529
vt 0.978263 0.968541
vt 0.978852 0.970214
vt 0.978514 0.970759
vt 0.978189 0.970181
vt 0.977948 0.970644
vt 0.977935 0.971143
vt 0.977528 0.970946
vt 0.979149 0.969490
vt 0.978279 0.969505
vt 0.977384 0.971205
vt 0.976974 0.971009
vt 0.847364 0.868297
vt 0.968253 0.837047
vt 0.968731 0.838479
vt 0.967681 0.837565
vt 0.966682 0.837048
vt 0.967009 0.836377
vt 0.963301 0.966521
vt 0.963760 0.966521
vt 0.963301 0.969835
vt 0.963760 0.969835
vt 0.963301 0.960790
vt 0.963762 0.960789
vt 0.968731 0.841580
vt 0.936226 0.986507
vt 0.936226 0.986049
vt 0.939967 0.986507
vt 0.940103 0.986049
vt 0.941609 0.987047
vt 0.941962 0.986669
vt 0.845786 0.792814
vt 0.845747 0.789858
vt 0.967502 0.904521
vt 0.959955 0.904521
vt 0.966972 0.902898
vt 0.965692 0.902226
vt 0.961766 0.902226
vt 0.960486 0.902898
vt 0.949050 0.845612
vt 0.948590 0.845528
vt 0.947952 0.845412
vt 0.838215 0.960149
vt 0.838212 0.961500
vt 0.833783 0.960140
vt 0.832097 0.961487
vt 0.832127 0.944813
vt 0.838242 0.944812
vt 0.833807 0.946194
vt 0.838243 0.946163
vt 0.838222 0.956900
vt 0.833786 0.956891
vt 0.838236 0.949412
vt 0.833801 0.949403
vt 0.838224 0.955739
vt 0.833788 0.955730
vt 0.833798 0.950571
vt 0.838234 0.950580
vt 0.838226 0.954508
vt 0.833790 0.954500
vt 0.838232 0.951801
vt 0.833796 0.951792
vt 0.838181 0.977442
vt 0.838239 0.928870
vt 0.832099 0.960137
vt 0.832127 0.946194
vt 0.958904 0.927989
vt 0.958908 0.928158
vt 0.958811 0.927992
vt 0.958815 0.928160
vt 0.968551 0.927989
vt 0.968551 0.909302
vt 0.958907 0.909302
vt 0.958907 0.927989
vt 0.967502 0.908152
vt 0.959955 0.908152
vt 0.861757 0.810598
vt 0.862427 0.808822
vt 0.863111 0.810594
vt 0.863106 0.808852
vt 0.749352 0.968370
vt 0.750706 0.968377
vt 0.750018 0.970147
vt 0.750697 0.970119
vt 0.946746 0.830831
vt 0.946746 0.831025
vt 0.938520 0.830831
vt 0.938520 0.831025
vt 0.947208 0.895891
vt 0.934498 0.895891
vt 0.947208 0.877492
vt 0.934498 0.875806
vt 0.947208 0.875806
vt 0.934498 0.877153
vt 0.947208 0.877155
vt 0.934498 0.877492
vt 0.935890 0.901190
vt 0.945817 0.901190
vt 0.936593 0.902989
vt 0.938293 0.903733
vt 0.943414 0.903733
vt 0.945113 0.902989
vt 0.935890 0.897166
vt 0.945817 0.897166
vt 0.945845 0.847487
vt 0.945390 0.848651
vt 0.939420 0.847487
vt 0.944290 0.849133
vt 0.940975 0.849133
vt 0.939876 0.848651
vt 0.938520 0.832344
vt 0.946746 0.832344
vt 0.938520 0.844253
vt 0.946746 0.844253
vt 0.945845 0.844882
vt 0.939420 0.844882
vt 0.862403 0.800867
vt 0.863083 0.800896
vt 0.862411 0.803324
vt 0.863090 0.803353
vt 0.943414 0.904083
vt 0.945113 0.903338
vt 0.938293 0.904083
vt 0.936593 0.903338
vt 0.749977 0.978103
vt 0.749990 0.975645
vt 0.750656 0.978075
vt 0.750668 0.975618
vt 0.862536 0.838064
vt 0.862533 0.836218
vt 0.863191 0.838041
vt 0.863188 0.836196
vt 0.861834 0.835738
vt 0.863188 0.835734
vt 0.750837 0.943237
vt 0.749483 0.943230
vt 0.750184 0.942747
vt 0.750839 0.942771
vt 0.750846 0.940930
vt 0.750191 0.940906
vt 0.938520 0.831898
vt 0.946746 0.831896
vt 0.881557 0.887728
vt 0.881519 0.892655
vt 0.881074 0.887367
vt 0.881031 0.893009
vt 0.893453 0.888654
vt 0.893652 0.888153
vt 0.894140 0.888901
vt 0.894563 0.888544
vt 0.891286 0.888457
vt 0.890633 0.887902
vt 0.891569 0.887957
vt 0.890868 0.887413
vt 0.891265 0.892103
vt 0.891524 0.892610
vt 0.890572 0.892640
vt 0.890800 0.893137
vt 0.893369 0.891996
vt 0.894058 0.891755
vt 0.894335 0.891277
vt 0.894386 0.889398
vt 0.894925 0.889289
vt 0.894874 0.891410
vt 0.894466 0.892133
vt 0.893552 0.892491
vt 0.881299 0.887214
vt 0.881253 0.893163
vt 0.811385 0.976322
vt 0.816224 0.975401
vt 0.811442 0.975405
vt 0.968551 0.927989
vt 0.968551 0.909302
vt 0.958908 0.928158
vt 0.958907 0.909302
vt 0.832127 0.946194
vt 0.833807 0.946194
vt 0.832127 0.944813
vt 0.958811 0.927992
vt 0.958815 0.928160
vt 0.832097 0.961487
vt 0.833783 0.960140
vt 0.832099 0.960137
vt 0.838181 0.977442
vt 0.832088 0.965082
vt 0.838212 0.961500
vt 0.958904 0.927989
vt 0.838224 0.955739
vt 0.833788 0.955730
vt 0.838222 0.956900
vt 0.838242 0.944812
vt 0.967502 0.904521
vt 0.966972 0.902898
vt 0.959955 0.904521
vt 0.844266 0.792444
vt 0.845786 0.792814
vt 0.844373 0.790150
vt 0.941609 0.987047
vt 0.941962 0.986669
vt 0.940103 0.986049
vt 0.844054 0.789904
vt 0.839886 0.792616
vt 0.843841 0.792709
vt 0.968731 0.838479
vt 0.968011 0.838588
vt 0.968731 0.841580
vt 0.963832 0.836377
vt 0.964189 0.837062
vt 0.967009 0.836377
vt 0.966682 0.837048
vt 0.967681 0.837565
vt 0.968253 0.837047
vt 0.809659 0.890199
vt 0.809663 0.894900
vt 0.812093 0.890197
vt 0.812097 0.894898
vt 0.838226 0.954508
vt 0.833790 0.954500
vt 0.833798 0.950571
vt 0.838234 0.950580
vt 0.838236 0.949412
vt 0.809710 0.950543
vt 0.812144 0.950541
vt 0.812138 0.943779
vt 0.809704 0.943781
vt 0.812132 0.936821
vt 0.833801 0.949403
vt 0.809715 0.957306
vt 0.812150 0.957304
vt 0.809692 0.929642
vt 0.809698 0.936823
vt 0.812126 0.929640
vt 0.968377 0.841544
vt 0.845865 0.789306
vt 0.845747 0.789858
vt 0.847226 0.789918
vt 0.811436 0.968135
vt 0.811433 0.963835
vt 0.809721 0.963836
vt 0.787568 0.969166
vt 0.787971 0.967013
vt 0.784990 0.966620
vt 0.963301 0.966521
vt 0.963301 0.969835
vt 0.963760 0.966521
vt 0.963762 0.960789
vt 0.963760 0.969835
vt 0.963301 0.960790
vt 0.942289 0.988349
vt 0.942831 0.988282
vt 0.965692 0.902226
vt 0.845884 0.793407
vt 0.978514 0.970759
vt 0.977948 0.970644
vt 0.977935 0.971143
vt 0.978189 0.970181
vt 0.968073 0.940566
vt 0.967574 0.934134
vt 0.966879 0.934178
vt 0.965881 0.940755
vt 0.809184 0.970009
vt 0.811438 0.970007
vt 0.809725 0.968136
vt 0.848272 0.868308
vt 0.847773 0.868298
vt 0.847733 0.880331
vt 0.849862 0.880337
vt 0.850243 0.880338
vt 0.849874 0.867381
vt 0.850274 0.866608
vt 0.852047 0.880342
vt 0.850283 0.862744
vt 0.809547 0.977833
vt 0.809850 0.978175
vt 0.811387 0.978030
vt 0.848231 0.880333
vt 0.848853 0.880334
vt 0.848881 0.868170
vt 0.809189 0.977087
vt 0.809278 0.977431
vt 0.849376 0.867877
vt 0.790488 0.932528
vt 0.806109 0.932164
vt 0.805939 0.925736
vt 0.790549 0.938642
vt 0.804853 0.912700
vt 0.789863 0.914497
vt 0.805508 0.919334
vt 0.804133 0.907224
vt 0.789475 0.909810
vt 0.977528 0.970946
vt 0.976974 0.971009
vt 0.977384 0.971205
vt 0.978279 0.969505
vt 0.978852 0.970214
vt 0.979149 0.969490
vt 0.978263 0.968541
vt 0.966097 0.943011
vt 0.963936 0.943011
vt 0.963936 0.943893
vt 0.790478 0.944771
vt 0.806336 0.938717
vt 0.790328 0.950635
vt 0.806386 0.945314
vt 0.790198 0.956387
vt 0.806052 0.958076
vt 0.806364 0.951767
vt 0.789889 0.962003
vt 0.789242 0.967213
vt 0.805350 0.964398
vt 0.785491 0.920552
vt 0.785457 0.914775
vt 0.783976 0.914861
vt 0.783593 0.906754
vt 0.782454 0.906816
vt 0.782611 0.910395
vt 0.966270 0.944807
vt 0.847276 0.792817
vt 0.958907 0.927989
vt 0.782747 0.926473
vt 0.782758 0.932495
vt 0.784104 0.926463
vt 0.785687 0.944557
vt 0.785774 0.938536
vt 0.784137 0.938518
vt 0.784049 0.950305
vt 0.783981 0.955974
vt 0.785668 0.950338
vt 0.782506 0.961444
vt 0.783820 0.961487
vt 0.783565 0.966515
vt 0.839682 0.795911
vt 0.843540 0.796118
vt 0.785575 0.956022
vt 0.788924 0.950563
vt 0.789142 0.938622
vt 0.789092 0.932533
vt 0.788675 0.920466
vt 0.788559 0.914591
vt 0.784075 0.944525
vt 0.967502 0.908152
vt 0.959955 0.908152
vt 0.782737 0.938506
vt 0.784144 0.932501
vt 0.785758 0.932514
vt 0.785358 0.961557
vt 0.782610 0.955948
vt 0.839768 0.787164
vt 0.784926 0.906647
vt 0.785254 0.910245
vt 0.787708 0.906305
vt 0.785680 0.926450
vt 0.788956 0.926440
vt 0.789068 0.944724
vt 0.833786 0.956891
vt 0.788224 0.909955
vt 0.788915 0.906119
vt 0.788816 0.956294
vt 0.788553 0.961871
vt 0.788547 0.970555
vt 0.787030 0.971705
vt 0.851883 0.790019
vt 0.853308 0.790009
vt 0.853209 0.789475
vt 0.853150 0.793447
vt 0.855127 0.792798
vt 0.853253 0.792880
vt 0.851849 0.792867
vt 0.936226 0.994638
vt 0.940103 0.994638
vt 0.939967 0.994180
vt 0.981030 0.930886
vt 0.981030 0.934200
vt 0.981488 0.934200
vt 0.948173 0.849817
vt 0.947183 0.849644
vt 0.947147 0.850611
vt 0.948147 0.851943
vt 0.947570 0.851966
vt 0.948080 0.852437
vt 0.815430 0.890194
vt 0.815434 0.894895
vt 0.817868 0.894893
vt 0.815439 0.900905
vt 0.817873 0.900903
vt 0.815469 0.936818
vt 0.815475 0.943777
vt 0.817909 0.943775
vt 0.815480 0.950538
vt 0.817914 0.950536
vt 0.851496 0.793513
vt 0.962464 0.841580
vt 0.962831 0.838588
vt 0.962111 0.841580
vt 0.936226 0.994180
vt 0.981488 0.930886
vt 0.963179 0.837578
vt 0.962111 0.838479
vt 0.948516 0.852309
vt 0.948323 0.856278
vt 0.948323 0.854270
vt 0.947674 0.854270
vt 0.817879 0.908251
vt 0.815451 0.915361
vt 0.815457 0.922445
vt 0.817891 0.922443
vt 0.854634 0.790320
vt 0.854944 0.790089
vt 0.817920 0.957299
vt 0.815486 0.957301
vt 0.816214 0.963831
vt 0.843594 0.786940
vt 0.783830 0.910340
vt 0.782340 0.966452
vt 0.782659 0.950289
vt 0.782686 0.944508
vt 0.963366 0.979494
vt 0.965565 0.979572
vt 0.963437 0.977257
vt 0.948590 0.845528
vt 0.947952 0.845412
vt 0.838243 0.946163
vt 0.838215 0.960149
vt 0.981030 0.925154
vt 0.965638 0.977307
vt 0.860667 0.799395
vt 0.860046 0.797803
vt 0.854413 0.800318
vt 0.858930 0.792727
vt 0.854719 0.792539
vt 0.981488 0.925154
vt 0.941609 0.993641
vt 0.866606 0.797357
vt 0.866129 0.795714
vt 0.962589 0.837047
vt 0.872385 0.794229
vt 0.872715 0.795911
vt 0.948003 0.850767
vt 0.947983 0.851447
vt 0.947324 0.851374
vt 0.885763 0.794534
vt 0.885699 0.792824
vt 0.879113 0.795015
vt 0.878924 0.793314
vt 0.817864 0.890192
vt 0.948321 0.862051
vt 0.947674 0.862051
vt 0.892502 0.792930
vt 0.892440 0.794639
vt 0.815445 0.908253
vt 0.817885 0.915359
vt 0.899002 0.795086
vt 0.899223 0.793391
vt 0.817903 0.936816
vt 0.817897 0.929635
vt 0.815463 0.929637
vt 0.905512 0.796163
vt 0.905891 0.794497
vt 0.790022 0.920403
vt 0.847637 0.793549
vt 0.788246 0.971987
vt 0.851540 0.789342
vt 0.816283 0.976318
vt 0.847376 0.796579
vt 0.845404 0.796361
vt 0.847609 0.789197
vt 0.847600 0.786521
vt 0.845665 0.786623
vt 0.782700 0.914898
vt 0.770199 0.800525
vt 0.770269 0.796539
vt 0.762260 0.800386
vt 0.837360 0.880331
vt 0.837320 0.868299
vt 0.836822 0.868309
vt 0.835717 0.867878
vt 0.835219 0.867382
vt 0.835232 0.880337
vt 0.816284 0.978025
vt 0.818123 0.977826
vt 0.818391 0.977423
vt 0.846353 0.797867
vt 0.846284 0.801853
vt 0.851875 0.801951
vt 0.816218 0.968131
vt 0.816220 0.970003
vt 0.817929 0.968130
vt 0.836862 0.880332
vt 0.835751 0.880336
vt 0.833796 0.951792
vt 0.838232 0.951801
vt 0.834851 0.880338
vt 0.818480 0.977079
vt 0.836241 0.880334
vt 0.836213 0.868171
vt 0.758817 0.902807
vt 0.757910 0.907015
vt 0.772475 0.909748
vt 0.834819 0.866609
vt 0.833007 0.862749
vt 0.833047 0.880342
vt 0.756394 0.919059
vt 0.755881 0.925434
vt 0.771451 0.926293
vt 0.771826 0.920302
vt 0.772044 0.914412
vt 0.755305 0.938388
vt 0.755162 0.944985
vt 0.771086 0.944645
vt 0.755623 0.931845
vt 0.771088 0.938514
vt 0.755319 0.957773
vt 0.755938 0.964125
vt 0.771477 0.961909
vt 0.755093 0.951446
vt 0.771228 0.956274
vt 0.779462 0.906836
vt 0.778337 0.906768
vt 0.779298 0.910376
vt 0.834811 0.862745
vt 0.779151 0.920627
vt 0.779188 0.914867
vt 0.777856 0.920585
vt 0.777913 0.914822
vt 0.776348 0.920500
vt 0.777670 0.926416
vt 0.779025 0.926439
vt 0.776096 0.926385
vt 0.778903 0.938470
vt 0.778949 0.932458
vt 0.777563 0.932448
vt 0.818479 0.975399
vt 0.816834 0.978415
vt 0.817298 0.978415
vt 0.817821 0.978168
vt 0.773067 0.906089
vt 0.757129 0.912458
vt 0.771224 0.932403
vt 0.756963 0.970262
vt 0.772072 0.967152
vt 0.771164 0.950512
vt 0.777019 0.906651
vt 0.776670 0.910215
vt 0.778086 0.910317
vt 0.775864 0.938464
vt 0.777502 0.938465
vt 0.775950 0.932444
vt 0.777450 0.950254
vt 0.777492 0.944476
vt 0.775880 0.944488
vt 0.782684 0.920647
vt 0.783980 0.920620
vt 0.855131 0.801869
vt 0.779132 0.968558
vt 0.782234 0.968544
vt 0.779027 0.966440
vt 0.777976 0.968620
vt 0.777793 0.966498
vt 0.832065 0.977431
vt 0.838239 0.928870
vt 0.809187 0.975407
vt 0.832123 0.928870
vt 0.832124 0.941218
vt 0.851945 0.797964
vt 0.839067 0.797739
vt 0.838997 0.801726
vt 0.830182 0.797584
vt 0.830112 0.801571
vt 0.821484 0.797432
vt 0.821414 0.801419
vt 0.812814 0.797281
vt 0.812745 0.801268
vt 0.804059 0.797128
vt 0.803989 0.801115
vt 0.795317 0.796976
vt 0.795247 0.800962
vt 0.786821 0.796827
vt 0.786751 0.800814
vt 0.778546 0.796683
vt 0.778476 0.800670
vt 0.762330 0.796400
vt 0.810837 0.978421
vt 0.849342 0.880336
vt 0.810373 0.978421
vt 0.803271 0.902985
vt 0.879047 0.789028
vt 0.872631 0.788265
vt 0.878892 0.790732
vt 0.790331 0.926409
vt 0.872336 0.789953
vt 0.964223 0.970807
vt 0.963527 0.970807
vt 0.818473 0.970001
vt 0.817926 0.963829
vt 0.942831 0.992405
vt 0.942289 0.992339
vt 0.961766 0.902226
vt 0.960486 0.902898
vt 0.778840 0.950253
vt 0.777458 0.955923
vt 0.775830 0.950269
vt 0.775862 0.955956
vt 0.778830 0.955909
vt 0.949050 0.845612
vt 0.809686 0.922450
vt 0.812120 0.922448
vt 0.812114 0.915364
vt 0.809680 0.915366
vt 0.778888 0.961411
vt 0.777570 0.961444
vt 0.859133 0.795903
vt 0.855416 0.796110
vt 0.772496 0.938511
vt 0.772619 0.932425
vt 0.772825 0.926340
vt 0.774264 0.906285
vt 0.778882 0.944476
vt 0.772819 0.961789
vt 0.776028 0.961503
vt 0.772613 0.956195
vt 0.859070 0.787554
vt 0.855445 0.787294
vt 0.776356 0.966596
vt 0.772571 0.950457
vt 0.772496 0.944614
vt 0.776435 0.914726
vt 0.773343 0.914518
vt 0.851654 0.796579
vt 0.783373 0.968612
vt 0.774010 0.976404
vt 0.775241 0.976101
vt 0.773019 0.971965
vt 0.965507 0.981375
vt 0.772734 0.970522
vt 0.773736 0.969136
vt 0.815491 0.963831
vt 0.773718 0.909905
vt 0.853509 0.786946
vt 0.851723 0.786751
vt 0.917273 0.783706
vt 0.917842 0.785317
vt 0.921834 0.783601
vt 0.973097 0.980797
vt 0.973572 0.980797
vt 0.973572 0.978790
vt 0.784704 0.968732
vt 0.948614 0.852587
vt 0.949050 0.852459
vt 0.774246 0.971696
vt 0.968286 0.942793
vt 0.921283 0.781984
vt 0.941962 0.994018
vt 0.837767 0.879865
vt 0.837729 0.868295
vt 0.947674 0.856278
vt 0.773170 0.920379
vt 0.773352 0.966964
vt 0.758846 0.801191
vt 0.758946 0.795477
vt 0.936226 0.986507
vt 0.939967 0.986507
vt 0.936226 0.986049
vt 0.812102 0.900908
vt 0.809668 0.900910
vt 0.847364 0.868297
vt 0.847326 0.879856
vt 0.957648 0.826082
vt 0.957423 0.825811
vt 0.957648 0.826638
vt 0.831771 0.928870
vt 0.831439 0.928870
vt 0.831440 0.940029
vt 0.831772 0.940492
vt 0.968706 0.950415
vt 0.964097 0.950415
vt 0.964040 0.960313
vt 0.955382 0.825811
vt 0.948986 0.827431
vt 0.956294 0.827431
vt 0.979187 0.964228
vt 0.978538 0.964241
vt 0.979269 0.968529
vt 0.831068 0.928865
vt 0.831099 0.939754
vt 0.978071 0.964249
vt 0.812108 0.908256
vt 0.809674 0.908258
vt 0.812155 0.963834
vt 0.853604 0.796353
vt 0.956294 0.818339
vt 0.948986 0.818339
vt 0.955382 0.819958
vt 0.776629 0.968731
vt 0.968764 0.960313
vt 0.965571 0.946742
vt 0.964890 0.947090
vt 0.967925 0.947081
vt 0.967252 0.946733
vt 0.968148 0.947771
vt 0.964655 0.947771
vt 0.968148 0.949788
vt 0.964655 0.949788
vt 0.956716 0.818340
vt 0.957423 0.819958
vt 0.957099 0.818439
vt 0.957482 0.818662
vt 0.957648 0.819126
vt 0.956716 0.827429
vt 0.957648 0.819687
vt 0.957099 0.827330
vt 0.957482 0.827102
vt 0.859925 0.786638
vt 0.860513 0.785033
vt 0.854241 0.784241
vt 0.917442 0.799538
vt 0.917978 0.797917
vt 0.912122 0.797856
vt 0.921488 0.801177
vt 0.922005 0.799549
vt 0.912579 0.796210
vt 0.854927 0.782675
vt 0.973097 0.978790
vt 0.911988 0.785499
vt 0.912480 0.787135
vt 0.898929 0.788542
vt 0.892378 0.789126
vt 0.892475 0.790833
vt 0.905416 0.787329
vt 0.899185 0.790232
vt 0.885705 0.789369
vt 0.885676 0.791081
vt 0.866493 0.786947
vt 0.905829 0.788988
vt 0.866050 0.788599
vt 0.804249 0.970496
vt 0.786815 0.977909
vt 0.785962 0.976064
vt 0.831401 0.966271
vt 0.831381 0.977429
vt 0.831713 0.977430
vt 0.831008 0.977442
vt 0.831060 0.966545
vt 0.830644 0.966668
vt 0.977448 0.963008
vt 0.976974 0.963017
vt 0.968038 0.900397
vt 0.968038 0.881215
vt 0.967392 0.900397
vt 0.962831 0.841580
vt 0.979717 0.933478
vt 0.979070 0.933478
vt 0.979071 0.935345
vt 0.839918 0.880329
vt 0.845176 0.880330
vt 0.845176 0.879857
vt 0.975176 0.981772
vt 0.975176 0.979572
vt 0.974312 0.981772
vt 0.974312 0.979572
vt 0.972977 0.977554
vt 0.973327 0.977244
vt 0.972977 0.975945
vt 0.972505 0.926168
vt 0.972506 0.921029
vt 0.970306 0.922841
vt 0.803359 0.974506
vt 0.847009 0.880330
vt 0.847009 0.879857
vt 0.968011 0.841544
vt 0.830131 0.977438
vt 0.830596 0.977440
vt 0.830179 0.966661
vt 0.830685 0.939629
vt 0.830656 0.928866
vt 0.830187 0.928868
vt 0.830218 0.939634
vt 0.965425 0.881216
vt 0.964779 0.881216
vt 0.964779 0.900397
vt 0.965425 0.900397
vt 0.948320 0.863918
vt 0.947674 0.863918
vt 0.831734 0.965808
vt 0.854787 0.862609
vt 0.855342 0.879907
vt 0.857343 0.879720
vt 0.856461 0.862509
vt 0.785568 0.977586
vt 0.818470 0.968129
vt 0.970306 0.926241
vt 0.979722 0.925698
vt 0.979073 0.925698
vt 0.839918 0.879857
vt 0.809184 0.968137
vt 0.973332 0.975630
vt 0.962449 0.843127
vt 0.962815 0.843131
vt 0.974130 0.969068
vt 0.975847 0.967444
vt 0.972997 0.967444
vt 0.762345 0.795537
vt 0.979716 0.935346
vt 0.967392 0.881215
vt 0.973806 0.972519
vt 0.974659 0.972383
vt 0.967778 0.980315
vt 0.927478 0.923870
vt 0.927517 0.918156
vt 0.925316 0.923854
vt 0.965880 0.930436
vt 0.967013 0.928813
vt 0.964163 0.928813
vt 0.762245 0.801250
vt 0.925355 0.918141
vt 0.923090 0.918125
vt 0.923050 0.923839
vt 0.916438 0.918079
vt 0.916398 0.923792
vt 0.838084 0.880329
vt 0.838084 0.879857
vt 0.757806 0.974300
vt 0.973712 0.982363
vt 0.972830 0.982363
vt 0.972830 0.988077
vt 0.966204 0.933887
vt 0.954627 0.803593
vt 0.954627 0.797879
vt 0.953931 0.803593
vt 0.949272 0.908803
vt 0.949444 0.913939
vt 0.951531 0.910542
vt 0.756340 0.801147
vt 0.967722 0.979435
vt 0.965351 0.933751
vt 0.953931 0.797879
vt 0.829908 0.879907
vt 0.830462 0.862611
vt 0.827907 0.879720
vt 0.774388 0.977939
vt 0.775619 0.977636
vt 0.828788 0.862510
vt 0.756439 0.795434
vt 0.973712 0.988077
vt 0.951644 0.913939
vt 0.967644 0.932607
vt 0.968508 0.932607
vt 0.967644 0.930407
vt 0.968508 0.930407
vt 0.865131 0.824253
vt 0.865114 0.824245
vt 0.865151 0.824158
vt 0.865078 0.824333
vt 0.865131 0.824158
vt 0.865131 0.824064
vt 0.865114 0.824072
vt 0.865078 0.823984
vt 0.864998 0.823931
vt 0.864991 0.823948
vt 0.865065 0.823997
vt 0.864904 0.823912
vt 0.864810 0.823931
vt 0.864817 0.823948
vt 0.864904 0.823931
vt 0.864730 0.823984
vt 0.864743 0.823997
vt 0.864676 0.824064
vt 0.864694 0.824072
vt 0.864677 0.824158
vt 0.864657 0.824158
vt 0.864676 0.824253
vt 0.864694 0.824245
vt 0.864730 0.824333
vt 0.864743 0.824319
vt 0.864810 0.824386
vt 0.864904 0.824405
vt 0.864817 0.824369
vt 0.864998 0.824386
vt 0.864904 0.824386
vt 0.864991 0.824369
vt 0.864940 0.824337
vt 0.865065 0.824320
vt 0.865056 0.824260
vt 0.865083 0.824122
vt 0.864904 0.824158
vt 0.865006 0.824007
vt 0.864868 0.823980
vt 0.864753 0.824057
vt 0.864725 0.824194
vt 0.864802 0.824310
vt 0.879015 0.824900
vt 0.876263 0.825004
vt 0.879014 0.824780
vt 0.876263 0.824884
vt 0.875769 0.825214
vt 0.875768 0.825045
vt 0.865545 0.825281
vt 0.865545 0.825113
vt 0.865429 0.825094
vt 0.865429 0.825236
vt 0.865354 0.825222
vt 0.865354 0.825088
vt 0.865429 0.824938
vt 0.865354 0.824935
vt 0.865429 0.824779
vt 0.865354 0.824775
vt 0.865429 0.824616
vt 0.865354 0.824616
vt 0.865429 0.824454
vt 0.865354 0.824454
vt 0.865429 0.824291
vt 0.865354 0.824291
vt 0.865429 0.824130
vt 0.865354 0.824130
vt 0.865429 0.823967
vt 0.865354 0.823967
vt 0.865429 0.823805
vt 0.865354 0.823805
vt 0.865429 0.823642
vt 0.865354 0.823642
vt 0.865429 0.823480
vt 0.865354 0.823480
vt 0.865428 0.823318
vt 0.865354 0.823319
vt 0.865428 0.823156
vt 0.865353 0.823158
vt 0.865428 0.822996
vt 0.865353 0.823000
vt 0.865428 0.822841
vt 0.865353 0.822847
vt 0.865428 0.822699
vt 0.865353 0.822713
vt 0.865544 0.822822
vt 0.865544 0.822653
vt 0.875767 0.822666
vt 0.875768 0.822835
vt 0.876263 0.822876
vt 0.876263 0.822995
vt 0.879014 0.822893
vt 0.879014 0.823012
vt 0.876263 0.823122
vt 0.879014 0.823133
vt 0.876263 0.823252
vt 0.879014 0.823257
vt 0.876263 0.823386
vt 0.879014 0.823383
vt 0.876263 0.823523
vt 0.879014 0.823509
vt 0.876263 0.823661
vt 0.879014 0.823638
vt 0.876263 0.823800
vt 0.879014 0.823767
vt 0.876263 0.823940
vt 0.879014 0.823896
vt 0.876263 0.824079
vt 0.879014 0.824026
vt 0.876263 0.824219
vt 0.879014 0.824155
vt 0.876263 0.824356
vt 0.879014 0.824283
vt 0.876263 0.824494
vt 0.879014 0.824409
vt 0.876263 0.824626
vt 0.879014 0.824536
vt 0.879014 0.824659
vt 0.876263 0.824757
vt 0.875768 0.824881
vt 0.875768 0.824720
vt 0.865545 0.824946
vt 0.875768 0.824561
vt 0.865545 0.824782
vt 0.865545 0.824618
vt 0.865544 0.824455
vt 0.875768 0.824405
vt 0.875768 0.824248
vt 0.865544 0.824293
vt 0.875768 0.824094
vt 0.865544 0.824130
vt 0.875768 0.823940
vt 0.865544 0.823967
vt 0.875768 0.823785
vt 0.865544 0.823805
vt 0.875768 0.823631
vt 0.865544 0.823642
vt 0.875768 0.823475
vt 0.865544 0.823479
vt 0.875768 0.823319
vt 0.865544 0.823316
vt 0.875768 0.823160
vt 0.865544 0.823152
vt 0.875768 0.822999
vt 0.865544 0.822988
vt 0.884677 0.824118
vt 0.883728 0.824410
vt 0.884677 0.824063
vt 0.883728 0.824316
vt 0.883477 0.824505
vt 0.883477 0.824360
vt 0.881336 0.824559
vt 0.881336 0.824656
vt 0.881113 0.824607
vt 0.881113 0.824713
vt 0.879189 0.824789
vt 0.879189 0.824679
vt 0.881113 0.824505
vt 0.879189 0.824572
vt 0.879189 0.824467
vt 0.881113 0.824406
vt 0.879189 0.824365
vt 0.881113 0.824310
vt 0.879189 0.824266
vt 0.881113 0.824216
vt 0.881113 0.824124
vt 0.879189 0.824168
vt 0.881113 0.824032
vt 0.879189 0.824071
vt 0.879189 0.823975
vt 0.881113 0.823941
vt 0.879189 0.823878
vt 0.881113 0.823851
vt 0.879189 0.823782
vt 0.881113 0.823759
vt 0.879189 0.823684
vt 0.881113 0.823667
vt 0.881113 0.823573
vt 0.879189 0.823585
vt 0.881113 0.823477
vt 0.879189 0.823483
vt 0.881112 0.823379
vt 0.879189 0.823379
vt 0.879189 0.823272
vt 0.881112 0.823278
vt 0.881112 0.823171
vt 0.879189 0.823161
vt 0.881335 0.823235
vt 0.883476 0.823340
vt 0.881335 0.823328
vt 0.881335 0.823420
vt 0.883476 0.823488
vt 0.881335 0.823509
vt 0.883476 0.823634
vt 0.883728 0.823653
vt 0.883727 0.823546
vt 0.884677 0.823615
vt 0.884677 0.823560
vt 0.883728 0.823763
vt 0.884677 0.823684
vt 0.884677 0.823760
vt 0.883728 0.823876
vt 0.884677 0.823841
vt 0.883728 0.823991
vt 0.883728 0.824103
vt 0.884677 0.823921
vt 0.884677 0.823997
vt 0.883728 0.824213
vt 0.883477 0.824216
vt 0.883477 0.824071
vt 0.881336 0.824286
vt 0.881336 0.824198
vt 0.881336 0.824112
vt 0.881336 0.824026
vt 0.881336 0.823941
vt 0.883476 0.823926
vt 0.881336 0.823856
vt 0.883476 0.823781
vt 0.881335 0.823771
vt 0.881335 0.823684
vt 0.881335 0.823597
vt 0.881336 0.824375
vt 0.881336 0.824465
vt 0.864771 0.823837
vt 0.864795 0.823896
vt 0.864905 0.823811
vt 0.864659 0.823913
vt 0.864904 0.823875
vt 0.865038 0.823837
vt 0.865151 0.823913
vt 0.865014 0.823896
vt 0.865106 0.823957
vt 0.865168 0.824051
vt 0.865189 0.824160
vt 0.865253 0.824160
vt 0.865226 0.824027
vt 0.865226 0.824293
vt 0.865168 0.824268
vt 0.865151 0.824405
vt 0.865037 0.824481
vt 0.865106 0.824361
vt 0.865013 0.824423
vt 0.864904 0.824445
vt 0.864904 0.824507
vt 0.864771 0.824481
vt 0.864795 0.824423
vt 0.864659 0.824405
vt 0.864583 0.824293
vt 0.864641 0.824268
vt 0.864703 0.824361
vt 0.864556 0.824160
vt 0.864619 0.824160
vt 0.864583 0.824026
vt 0.864703 0.823957
vt 0.864641 0.824050
vt 0.833152 0.965518
vt 0.832802 0.963753
vt 0.834348 0.964718
vt 0.831742 0.965239
vt 0.830944 0.964043
vt 0.831223 0.962631
vt 0.832417 0.961832
vt 0.833829 0.962112
vt 0.834628 0.963308
vt 0.864424 0.822679
vt 0.864424 0.822763
vt 0.865323 0.822700
vt 0.865323 0.822775
vt 0.864424 0.822843
vt 0.865323 0.822848
vt 0.864424 0.822921
vt 0.865323 0.822923
vt 0.864424 0.823000
vt 0.865323 0.823001
vt 0.864424 0.823078
vt 0.865323 0.823082
vt 0.864424 0.823158
vt 0.865323 0.823159
vt 0.864423 0.823238
vt 0.865323 0.823237
vt 0.864423 0.823317
vt 0.865323 0.823320
vt 0.864423 0.823399
vt 0.865323 0.823403
vt 0.864423 0.823478
vt 0.865323 0.823479
vt 0.864423 0.823559
vt 0.865323 0.823563
vt 0.864423 0.823641
vt 0.865323 0.823642
vt 0.864423 0.823721
vt 0.865323 0.823725
vt 0.864423 0.823802
vt 0.865323 0.823805
vt 0.864423 0.823883
vt 0.865323 0.823884
vt 0.864423 0.823965
vt 0.865323 0.823967
vt 0.864423 0.824047
vt 0.865323 0.824051
vt 0.864423 0.824127
vt 0.865322 0.824130
vt 0.864423 0.824208
vt 0.865322 0.824208
vt 0.864423 0.824289
vt 0.865322 0.824292
vt 0.864423 0.824371
vt 0.865322 0.824375
vt 0.864423 0.824451
vt 0.865322 0.824454
vt 0.864423 0.824531
vt 0.865322 0.824532
vt 0.864423 0.824612
vt 0.865322 0.824615
vt 0.864423 0.824692
vt 0.865322 0.824697
vt 0.864423 0.824772
vt 0.865322 0.824775
vt 0.864423 0.824850
vt 0.865322 0.824852
vt 0.864423 0.824930
vt 0.865322 0.824933
vt 0.864423 0.825009
vt 0.865322 0.825012
vt 0.864423 0.825087
vt 0.865322 0.825087
vt 0.864423 0.825167
vt 0.865322 0.825160
vt 0.864423 0.825251
vt 0.865322 0.825235
vt 0.865323 0.825160
vt 0.865323 0.825086
vt 0.865323 0.825011
vt 0.865323 0.824933
vt 0.865323 0.824852
vt 0.865323 0.824776
vt 0.865323 0.824697
vt 0.865323 0.824615
vt 0.865323 0.824532
vt 0.865323 0.824455
vt 0.865323 0.824371
vt 0.865323 0.824293
vt 0.865323 0.824209
vt 0.865323 0.824130
vt 0.865323 0.824051
vt 0.865323 0.823884
vt 0.865322 0.823805
vt 0.865322 0.823726
vt 0.865322 0.823643
vt 0.865322 0.823560
vt 0.865322 0.823481
vt 0.865322 0.823402
vt 0.865322 0.823320
vt 0.865322 0.823237
vt 0.865322 0.823160
vt 0.865322 0.823082
vt 0.865322 0.823002
vt 0.865322 0.822922
vt 0.865322 0.822848
vt 0.865322 0.822775
vt 0.865795 0.818501
vt 0.865355 0.818311
vt 0.865629 0.818700
vt 0.865918 0.818267
vt 0.865426 0.818868
vt 0.865095 0.818528
vt 0.865197 0.818991
vt 0.864945 0.819066
vt 0.864768 0.818625
vt 0.864685 0.819093
vt 0.864428 0.818590
vt 0.864609 0.818497
vt 0.864901 0.818470
vt 0.865157 0.818334
vt 0.865338 0.818108
vt 0.865519 0.818011
vt 0.865421 0.817830
vt 0.865549 0.817671
vt 0.865395 0.817543
vt 0.865452 0.817345
vt 0.865258 0.817287
vt 0.865236 0.817084
vt 0.865033 0.817102
vt 0.864936 0.816925
vt 0.864754 0.817018
vt 0.864595 0.816890
vt 0.864468 0.817045
vt 0.864273 0.816988
vt 0.864212 0.817182
vt 0.864008 0.817204
vt 0.864026 0.817407
vt 0.863850 0.817504
vt 0.863943 0.817685
vt 0.863815 0.817844
vt 0.863974 0.817972
vt 0.863916 0.818171
vt 0.864110 0.818228
vt 0.864133 0.818431
vt 0.864331 0.818413
vt 0.863572 0.818502
vt 0.863740 0.818700
vt 0.863943 0.818868
vt 0.864173 0.818992
vt 0.864424 0.819067
vt 0.863448 0.818268
vt 0.863373 0.818021
vt 0.863347 0.817760
vt 0.863373 0.817496
vt 0.863448 0.817248
vt 0.863571 0.817014
vt 0.863739 0.816815
vt 0.863942 0.816648
vt 0.864172 0.816524
vt 0.864423 0.816449
vt 0.864684 0.816422
vt 0.864944 0.816449
vt 0.865196 0.816523
vt 0.865425 0.816647
vt 0.865629 0.816815
vt 0.865794 0.817013
vt 0.865918 0.817247
vt 0.865993 0.817495
vt 0.866020 0.817759
vt 0.865993 0.818020
vt 0.865131 0.824253
vt 0.865114 0.824245
vt 0.865151 0.824158
vt 0.865078 0.824333
vt 0.865131 0.824158
vt 0.865131 0.824064
vt 0.865114 0.824072
vt 0.865078 0.823984
vt 0.864998 0.823931
vt 0.864991 0.823948
vt 0.865065 0.823997
vt 0.864904 0.823912
vt 0.864810 0.823931
vt 0.864817 0.823948
vt 0.864904 0.823931
vt 0.864730 0.823984
vt 0.864743 0.823997
vt 0.864676 0.824064
vt 0.864694 0.824072
vt 0.864677 0.824158
vt 0.864657 0.824158
vt 0.864676 0.824253
vt 0.864694 0.824245
vt 0.864730 0.824333
vt 0.864743 0.824319
vt 0.864810 0.824386
vt 0.864904 0.824405
vt 0.864817 0.824369
vt 0.864998 0.824386
vt 0.864904 0.824386
vt 0.864991 0.824369
vt 0.864940 0.824337
vt 0.865065 0.824320
vt 0.865056 0.824260
vt 0.865083 0.824122
vt 0.864904 0.824158
vt 0.865006 0.824007
vt 0.864868 0.823980
vt 0.864753 0.824057
vt 0.864725 0.824194
vt 0.864802 0.824310
vt 0.879015 0.824900
vt 0.876263 0.825004
vt 0.879014 0.824780
vt 0.876263 0.824884
vt 0.875769 0.825214
vt 0.875768 0.825045
vt 0.865545 0.825281
vt 0.865545 0.825113
vt 0.865429 0.825094
vt 0.865429 0.825236
vt 0.865354 0.825222
vt 0.865354 0.825088
vt 0.865429 0.824938
vt 0.865354 0.824935
vt 0.865429 0.824779
vt 0.865354 0.824775
vt 0.865429 0.824616
vt 0.865354 0.824616
vt 0.865429 0.824454
vt 0.865354 0.824454
vt 0.865429 0.824291
vt 0.865354 0.824291
vt 0.865429 0.824130
vt 0.865354 0.824130
vt 0.865429 0.823967
vt 0.865354 0.823967
vt 0.865429 0.823805
vt 0.865354 0.823805
vt 0.865429 0.823642
vt 0.865354 0.823642
vt 0.865429 0.823480
vt 0.865354 0.823480
vt 0.865428 0.823318
vt 0.865354 0.823319
vt 0.865428 0.823156
vt 0.865353 0.823158
vt 0.865428 0.822996
vt 0.865353 0.823000
vt 0.865428 0.822841
vt 0.865353 0.822847
vt 0.865428 0.822699
vt 0.865353 0.822713
vt 0.865544 0.822822
vt 0.865544 0.822653
vt 0.875767 0.822666
vt 0.875768 0.822835
vt 0.876263 0.822876
vt 0.876263 0.822995
vt 0.879014 0.822893
vt 0.879014 0.823012
vt 0.876263 0.823122
vt 0.879014 0.823133
vt 0.876263 0.823252
vt 0.879014 0.823257
vt 0.876263 0.823386
vt 0.879014 0.823383
vt 0.876263 0.823523
vt 0.879014 0.823509
vt 0.876263 0.823661
vt 0.879014 0.823638
vt 0.876263 0.823800
vt 0.879014 0.823767
vt 0.876263 0.823940
vt 0.879014 0.823896
vt 0.876263 0.824079
vt 0.879014 0.824026
vt 0.876263 0.824219
vt 0.879014 0.824155
vt 0.876263 0.824356
vt 0.879014 0.824283
vt 0.876263 0.824494
vt 0.879014 0.824409
vt 0.876263 0.824626
vt 0.879014 0.824536
vt 0.879014 0.824659
vt 0.876263 0.824757
vt 0.875768 0.824881
vt 0.875768 0.824720
vt 0.865545 0.824946
vt 0.875768 0.824561
vt 0.865545 0.824782
vt 0.865545 0.824618
vt 0.865544 0.824455
vt 0.875768 0.824405
vt 0.875768 0.824248
vt 0.865544 0.824293
vt 0.875768 0.824094
vt 0.865544 0.824130
vt 0.875768 0.823940
vt 0.865544 0.823967
vt 0.875768 0.823785
vt 0.865544 0.823805
vt 0.875768 0.823631
vt 0.865544 0.823642
vt 0.875768 0.823475
vt 0.865544 0.823479
vt 0.875768 0.823319
vt 0.865544 0.823316
vt 0.875768 0.823160
vt 0.865544 0.823152
vt 0.875768 0.822999
vt 0.865544 0.822988
vt 0.884677 0.824118
vt 0.883728 0.824410
vt 0.884677 0.824063
vt 0.883728 0.824316
vt 0.883477 0.824505
vt 0.883477 0.824360
vt 0.881336 0.824559
vt 0.881336 0.824656
vt 0.881113 0.824607
vt 0.881113 0.824713
vt 0.879189 0.824789
vt 0.879189 0.824679
vt 0.881113 0.824505
vt 0.879189 0.824572
vt 0.879189 0.824467
vt 0.881113 0.824406
vt 0.879189 0.824365
vt 0.881113 0.824310
vt 0.879189 0.824266
vt 0.881113 0.824216
vt 0.881113 0.824124
vt 0.879189 0.824168
vt 0.881113 0.824032
vt 0.879189 0.824071
vt 0.879189 0.823975
vt 0.881113 0.823941
vt 0.879189 0.823878
vt 0.881113 0.823851
vt 0.879189 0.823782
vt 0.881113 0.823759
vt 0.879189 0.823684
vt 0.881113 0.823667
vt 0.881113 0.823573
vt 0.879189 0.823585
vt 0.881113 0.823477
vt 0.879189 0.823483
vt 0.881112 0.823379
vt 0.879189 0.823379
vt 0.879189 0.823272
vt 0.881112 0.823278
vt 0.881112 0.823171
vt 0.879189 0.823161
vt 0.881335 0.823235
vt 0.883476 0.823340
vt 0.881335 0.823328
vt 0.881335 0.823420
vt 0.883476 0.823488
vt 0.881335 0.823509
vt 0.883476 0.823634
vt 0.883728 0.823653
vt 0.883727 0.823546
vt 0.884677 0.823615
vt 0.884677 0.823560
vt 0.883728 0.823763
vt 0.884677 0.823684
vt 0.884677 0.823760
vt 0.883728 0.823876
vt 0.884677 0.823841
vt 0.883728 0.823991
vt 0.883728 0.824103
vt 0.884677 0.823921
vt 0.884677 0.823997
vt 0.883728 0.824213
vt 0.883477 0.824216
vt 0.883477 0.824071
vt 0.881336 0.824286
vt 0.881336 0.824198
vt 0.881336 0.824112
vt 0.881336 0.824026
vt 0.881336 0.823941
vt 0.883476 0.823926
vt 0.881336 0.823856
vt 0.883476 0.823781
vt 0.881335 0.823771
vt 0.881335 0.823684
vt 0.881335 0.823597
vt 0.881336 0.824375
vt 0.881336 0.824465
vt 0.864771 0.824097
vt 0.864795 0.824039
vt 0.864905 0.824124
vt 0.864659 0.824021
vt 0.864904 0.824060
vt 0.865038 0.824097
vt 0.865151 0.824021
vt 0.865014 0.824038
vt 0.865106 0.823977
vt 0.865168 0.823884
vt 0.865189 0.823775
vt 0.865253 0.823775
vt 0.865226 0.823908
vt 0.865226 0.823642
vt 0.865168 0.823666
vt 0.865151 0.823529
vt 0.865037 0.823453
vt 0.865106 0.823574
vt 0.865013 0.823512
vt 0.864904 0.823490
vt 0.864904 0.823427
vt 0.864771 0.823453
vt 0.864795 0.823512
vt 0.864659 0.823529
vt 0.864583 0.823642
vt 0.864641 0.823666
vt 0.864703 0.823574
vt 0.864556 0.823775
vt 0.864619 0.823775
vt 0.864583 0.823908
vt 0.864703 0.823977
vt 0.864641 0.823884
vt 0.833152 0.965518
vt 0.832802 0.963753
vt 0.834348 0.964718
vt 0.831742 0.965239
vt 0.830944 0.964043
vt 0.831223 0.962631
vt 0.832417 0.961832
vt 0.833829 0.962112
vt 0.834628 0.963308
vt 0.864424 0.822679
vt 0.864424 0.822763
vt 0.865323 0.822700
vt 0.865323 0.822775
vt 0.864424 0.822843
vt 0.865323 0.822848
vt 0.864424 0.822921
vt 0.865323 0.822923
vt 0.864424 0.823000
vt 0.865323 0.823001
vt 0.864424 0.823078
vt 0.865323 0.823082
vt 0.864424 0.823158
vt 0.865323 0.823159
vt 0.864423 0.823238
vt 0.865323 0.823237
vt 0.864423 0.823317
vt 0.865323 0.823320
vt 0.864423 0.823399
vt 0.865323 0.823403
vt 0.864423 0.823478
vt 0.865323 0.823479
vt 0.864423 0.823559
vt 0.865323 0.823563
vt 0.864423 0.823641
vt 0.865323 0.823642
vt 0.864423 0.823721
vt 0.865323 0.823725
vt 0.864423 0.823802
vt 0.865323 0.823805
vt 0.864423 0.823883
vt 0.865323 0.823884
vt 0.864423 0.823965
vt 0.865323 0.823967
vt 0.864423 0.824047
vt 0.865323 0.824051
vt 0.864423 0.824127
vt 0.865322 0.824130
vt 0.864423 0.824208
vt 0.865322 0.824208
vt 0.864423 0.824289
vt 0.865322 0.824292
vt 0.864423 0.824371
vt 0.865322 0.824375
vt 0.864423 0.824451
vt 0.865322 0.824454
vt 0.864423 0.824531
vt 0.865322 0.824532
vt 0.864423 0.824612
vt 0.865322 0.824615
vt 0.864423 0.824692
vt 0.865322 0.824697
vt 0.864423 0.824772
vt 0.865322 0.824775
vt 0.864423 0.824850
vt 0.865322 0.824852
vt 0.864423 0.824930
vt 0.865322 0.824933
vt 0.864423 0.825009
vt 0.865322 0.825012
vt 0.864423 0.825087
vt 0.865322 0.825087
vt 0.864423 0.825167
vt 0.865322 0.825160
vt 0.864423 0.825251
vt 0.865322 0.825235
vt 0.865323 0.825160
vt 0.865323 0.825086
vt 0.865323 0.825011
vt 0.865323 0.824933
vt 0.865323 0.824852
vt 0.865323 0.824776
vt 0.865323 0.824697
vt 0.865323 0.824615
vt 0.865323 0.824532
vt 0.865323 0.824455
vt 0.865323 0.824371
vt 0.865323 0.824293
vt 0.865323 0.824209
vt 0.865323 0.824130
vt 0.865323 0.824051
vt 0.865323 0.823884
vt 0.865322 0.823805
vt 0.865322 0.823726
vt 0.865322 0.823643
vt 0.865322 0.823560
vt 0.865322 0.823481
vt 0.865322 0.823402
vt 0.865322 0.823320
vt 0.865322 0.823237
vt 0.865322 0.823160
vt 0.865322 0.823082
vt 0.865322 0.823002
vt 0.865322 0.822922
vt 0.865322 0.822848
vt 0.865322 0.822775
vt 0.865795 0.818501
vt 0.865355 0.818311
vt 0.865629 0.818700
vt 0.865918 0.818267
vt 0.865426 0.818868
vt 0.865095 0.818528
vt 0.865197 0.818991
vt 0.864945 0.819066
vt 0.864768 0.818625
vt 0.864685 0.819093
vt 0.864428 0.818590
vt 0.864609 0.818497
vt 0.864901 0.818470
vt 0.865157 0.818334
vt 0.865338 0.818108
vt 0.865519 0.818011
vt 0.865421 0.817830
vt 0.865549 0.817671
vt 0.865395 0.817543
vt 0.865452 0.817345
vt 0.865258 0.817287
vt 0.865236 0.817084
vt 0.865033 0.817102
vt 0.864936 0.816925
vt 0.864754 0.817018
vt 0.864595 0.816890
vt 0.864468 0.817045
vt 0.864273 0.816988
vt 0.864212 0.817182
vt 0.864008 0.817204
vt 0.864026 0.817407
vt 0.863850 0.817504
vt 0.863943 0.817685
vt 0.863815 0.817844
vt 0.863974 0.817972
vt 0.863916 0.818171
vt 0.864110 0.818228
vt 0.864133 0.818431
vt 0.864331 0.818413
vt 0.863572 0.818502
vt 0.863740 0.818700
vt 0.863943 0.818868
vt 0.864173 0.818992
vt 0.864424 0.819067
vt 0.863448 0.818268
vt 0.863373 0.818021
vt 0.863347 0.817760
vt 0.863373 0.817496
vt 0.863448 0.817248
vt 0.863571 0.817014
vt 0.863739 0.816815
vt 0.863942 0.816648
vt 0.864172 0.816524
vt 0.864423 0.816449
vt 0.864684 0.816422
vt 0.864944 0.816449
vt 0.865196 0.816523
vt 0.865425 0.816647
vt 0.865629 0.816815
vt 0.865794 0.817013
vt 0.865918 0.817247
vt 0.865993 0.817495
vt 0.866020 0.817759
vt 0.865993 0.818020
vt 0.895202 0.951429
vt 0.896571 0.951559
vt 0.895173 0.951743
vt 0.896548 0.951876
vt 0.897946 0.951661
vt 0.897929 0.951980
vt 0.896669 0.950115
vt 0.895315 0.950003
vt 0.896742 0.949252
vt 0.895387 0.949146
vt 0.898022 0.950220
vt 0.898093 0.949364
vt 0.896617 0.950799
vt 0.895262 0.950679
vt 0.897974 0.950897
vt 0.897999 0.950533
vt 0.896644 0.950430
vt 0.895290 0.950315
vt 0.896254 0.955430
vt 0.897738 0.955573
vt 0.894786 0.955248
vt 0.903291 0.946636
vt 0.902264 0.946618
vt 0.903299 0.946167
vt 0.902272 0.946149
vt 0.904320 0.946654
vt 0.904329 0.946185
vt 0.903950 0.949220
vt 0.903169 0.949276
vt 0.903943 0.949019
vt 0.903146 0.949076
vt 0.904735 0.949232
vt 0.904742 0.949031
vt 0.895333 0.941181
vt 0.896951 0.941300
vt 0.895293 0.941729
vt 0.896911 0.941849
vt 0.893713 0.941061
vt 0.893672 0.941610
vt 0.895503 0.947719
vt 0.895525 0.947405
vt 0.896875 0.947810
vt 0.896903 0.947494
vt 0.898249 0.947930
vt 0.898283 0.947613
vt 0.895442 0.948470
vt 0.896799 0.948568
vt 0.898154 0.948689
vt 0.898120 0.949051
vt 0.896768 0.948936
vt 0.895412 0.948834
vt 0.897185 0.943938
vt 0.898672 0.944038
vt 0.895705 0.943879
vt 0.903943 0.948613
vt 0.903940 0.948814
vt 0.903161 0.948572
vt 0.903143 0.948773
vt 0.904728 0.948584
vt 0.904739 0.948785
vt 0.895197 0.943030
vt 0.895237 0.942481
vt 0.896815 0.943149
vt 0.896855 0.942600
vt 0.893576 0.942910
vt 0.893617 0.942362
vt 0.903138 0.954255
vt 0.903585 0.954258
vt 0.903585 0.954258
vt 0.903138 0.954255
vt 0.902983 0.952841
vt 0.902793 0.952840
vt 0.902793 0.952840
vt 0.902983 0.952841
vt 0.902387 0.954271
vt 0.902785 0.954256
vt 0.902785 0.954256
vt 0.902387 0.954271
vt 0.904728 0.948584
vt 0.904739 0.948785
vt 0.900349 0.954315
vt 0.902221 0.954275
vt 0.902221 0.954275
vt 0.900349 0.954315
vt 0.907723 0.951665
vt 0.907437 0.951665
vt 0.907437 0.951665
vt 0.907723 0.951665
vt 0.903946 0.952849
vt 0.903756 0.952847
vt 0.903756 0.952847
vt 0.903946 0.952849
vt 0.904329 0.946185
vt 0.904320 0.946654
vt 0.904335 0.954284
vt 0.904501 0.954289
vt 0.904501 0.954289
vt 0.904335 0.954284
vt 0.902974 0.954255
vt 0.902974 0.954255
vt 0.904502 0.952850
vt 0.904338 0.952851
vt 0.904338 0.952851
vt 0.904502 0.952850
vt 0.906371 0.954353
vt 0.906371 0.954353
vt 0.903169 0.949276
vt 0.903146 0.949076
vt 0.903938 0.954264
vt 0.903938 0.954264
vt 0.903593 0.952846
vt 0.903146 0.952842
vt 0.903146 0.952842
vt 0.903593 0.952846
vt 0.906760 0.953355
vt 0.907046 0.953355
vt 0.907046 0.953355
vt 0.906760 0.953355
vt 0.903748 0.954261
vt 0.903748 0.954261
vt 0.902238 0.952836
vt 0.900404 0.952770
vt 0.900404 0.952770
vt 0.902238 0.952836
vt 0.907045 0.951665
vt 0.906759 0.951666
vt 0.906759 0.951666
vt 0.907045 0.951665
vt 0.902402 0.952838
vt 0.902402 0.952838
vt 0.906338 0.952807
vt 0.906338 0.952807
vt 0.902264 0.946618
vt 0.902272 0.946149
vt 0.904742 0.949031
vt 0.904735 0.949232
vt 0.903143 0.948773
vt 0.903161 0.948572
vt 0.907439 0.953355
vt 0.907725 0.953354
vt 0.907725 0.953354
vt 0.907439 0.953355
vt 0.891265 0.892103
vt 0.891524 0.892610
vt 0.893369 0.891996
vt 0.893453 0.888654
vt 0.893652 0.888153
vt 0.891569 0.887957
vt 0.891286 0.888457
vt 0.894058 0.891755
vt 0.894335 0.891277
vt 0.890633 0.887902
vt 0.938520 0.832344
vt 0.946746 0.832344
vt 0.946746 0.831896
vt 0.946746 0.831025
vt 0.938520 0.831025
vt 0.750846 0.940930
vt 0.750191 0.940906
vt 0.750184 0.942747
vt 0.863188 0.835734
vt 0.861834 0.835738
vt 0.862533 0.836218
vt 0.862403 0.800867
vt 0.862411 0.803324
vt 0.863083 0.800896
vt 0.946746 0.844253
vt 0.938520 0.844253
vt 0.945845 0.844882
vt 0.939420 0.844882
vt 0.939420 0.847487
vt 0.945845 0.847487
vt 0.944290 0.849133
vt 0.940975 0.849133
vt 0.947208 0.895891
vt 0.947208 0.877492
vt 0.934498 0.895891
vt 0.750018 0.970147
vt 0.750697 0.970119
vt 0.750706 0.968377
vt 0.863111 0.810594
vt 0.863106 0.808852
vt 0.862427 0.808822
vt 0.935890 0.897166
vt 0.945817 0.897166
vt 0.935890 0.901190
vt 0.945817 0.901190
vt 0.946746 0.830831
vt 0.938520 0.830831
vt 0.943414 0.903733
vt 0.945113 0.902989
vt 0.881557 0.887728
vt 0.881074 0.887367
vt 0.881519 0.892655
vt 0.894140 0.888901
vt 0.894563 0.888544
vt 0.881031 0.893009
vt 0.938520 0.831898
vt 0.890572 0.892640
vt 0.890800 0.893137
vt 0.938293 0.903733
vt 0.936593 0.902989
vt 0.936593 0.903338
vt 0.938293 0.904083
vt 0.894466 0.892133
vt 0.894874 0.891410
vt 0.894925 0.889289
vt 0.894386 0.889398
vt 0.890868 0.887413
vt 0.881299 0.887214
vt 0.861757 0.810598
vt 0.749483 0.943230
vt 0.749352 0.968370
vt 0.863191 0.838041
vt 0.863188 0.836196
vt 0.862536 0.838064
vt 0.750656 0.978075
vt 0.750668 0.975618
vt 0.749990 0.975645
vt 0.749977 0.978103
vt 0.945113 0.903338
vt 0.943414 0.904083
vt 0.893552 0.892491
vt 0.750837 0.943237
vt 0.750839 0.942771
vt 0.863090 0.803353
vt 0.881253 0.893163
vt 0.934498 0.875806
vt 0.934498 0.877153
vt 0.947208 0.875806
vt 0.939876 0.848651
vt 0.945390 0.848651
vt 0.934498 0.877492
vt 0.947208 0.877155
vn 0.7719 0.6352 0.0259
vn 1.0000 0.0008 0.0032
vn 1.0000 0.0008 0.0029
vn 1.0000 0.0009 0.0028
vn 1.0000 0.0009 0.0026
vn 1.0000 0.0009 0.0025
vn -0.6301 -0.0631 0.7740
vn -0.6316 -0.0635 0.7727
vn -0.6300 -0.0644 0.7739
vn -0.6314 -0.0645 0.7728
vn -1.0000 -0.0008 -0.0034
vn 0.0004 -0.9936 0.1126
vn 0.0012 -0.9913 -0.1313
vn 0.0013 -0.9913 -0.1313
vn -0.0033 -0.1009 0.9949
vn 0.0009 -0.9993 -0.0366
vn 1.0000 0.0008 0.0034
vn 0.9999 -0.0128 0.0039
vn 0.9999 -0.0146 0.0013
vn -0.0013 0.9914 0.1310
vn -0.0012 0.9914 0.1311
vn -0.8652 -0.3702 0.3381
vn 0.0032 0.1662 -0.9861
vn -0.0033 -0.0370 0.9993
vn 0.0034 -0.3325 -0.9431
vn 0.1257 0.9911 0.0441
vn 0.1255 0.9911 0.0441
vn 0.1256 0.9911 0.0441
vn 0.1252 0.9912 0.0441
vn -0.0012 0.9952 0.0980
vn -0.0011 0.9952 0.0980
vn 0.0033 0.0907 -0.9959
vn 0.0012 -0.9914 -0.1310
vn -0.7849 0.6192 0.0201
vn -1.0000 -0.0008 -0.0039
vn -1.0000 -0.0008 -0.0035
vn -1.0000 -0.0008 -0.0036
vn -1.0000 -0.0008 -0.0041
vn -1.0000 -0.0007 -0.0043
vn 0.6260 -0.0630 0.7773
vn 0.6262 -0.0620 0.7772
vn 0.6247 -0.0629 0.7784
vn 0.6248 -0.0616 0.7784
vn -0.9999 -0.0143 -0.0050
vn -0.9999 -0.0162 -0.0054
vn -0.0012 0.9914 0.1310
vn 0.8635 -0.3688 0.3440
vn -0.0010 0.9983 0.0580
vn -0.1277 0.9909 0.0433
vn -0.1275 0.9909 0.0433
vn -0.1274 0.9909 0.0433
vn -0.1272 0.9909 0.0432
vn 0.0012 -0.9914 -0.1311
vn -0.0034 -0.0370 0.9993
vn -0.0009 0.9993 0.0366
vn -0.0010 0.9993 0.0366
vn -0.0034 -0.0369 0.9993
vn -0.0141 -0.0382 0.9992
vn -0.0129 -0.0383 0.9992
vn -0.0090 -0.0386 0.9992
vn -0.0029 -0.0371 0.9993
vn -0.0020 -0.0381 0.9993
vn 0.0033 0.0370 -0.9993
vn 0.0034 0.0370 -0.9993
vn 0.4275 0.0311 -0.9035
vn 0.4343 0.0319 -0.9002
vn 0.4342 0.0314 -0.9003
vn -0.4206 0.0305 -0.9067
vn -0.4273 0.0313 -0.9036
vn -0.4272 0.0308 -0.9036
vn -0.8450 0.0163 -0.5345
vn -0.8430 0.0172 -0.5376
vn -0.8450 0.0167 -0.5345
vn -0.8429 0.0173 -0.5377
vn -1.0000 -0.0007 -0.0071
vn -0.9721 0.0078 -0.2345
vn 0.8512 0.0173 -0.5245
vn 0.8512 0.0177 -0.5246
vn 0.8490 0.0183 -0.5281
vn 0.8489 0.0183 -0.5282
vn 1.0000 0.0010 -0.0004
vn 0.9736 0.0094 -0.2280
vn 0.9736 0.0093 -0.2280
vn 0.0034 0.9981 0.0618
vn 0.0035 0.9981 0.0619
vn 0.0034 0.9981 0.0615
vn 0.0037 0.9981 0.0618
vn 0.0043 0.9967 0.0804
vn -0.0054 0.9993 0.0364
vn -0.0059 0.9994 0.0355
vn -0.0058 0.9993 0.0357
vn -0.0017 0.9993 0.0376
vn -0.0054 0.9993 0.0366
vn -0.0007 0.9994 0.0347
vn -0.0008 0.9994 0.0344
vn -0.0005 0.9994 0.0353
vn -0.0005 0.9994 0.0355
vn 0.0003 0.9987 0.0516
vn 0.0035 0.9993 0.0365
vn 0.0037 0.9993 0.0363
vn 0.0036 0.9993 0.0365
vn 0.0037 0.9993 0.0361
vn 0.0035 0.9993 0.0366
vn -0.0041 0.9993 0.0369
vn 0.0017 0.9993 0.0371
vn 0.7682 0.6383 0.0496
vn 0.7651 0.6407 0.0648
vn 0.7682 0.6383 0.0497
vn 0.7638 0.6422 0.0651
vn 0.7487 0.6251 0.2205
vn 0.7492 0.6432 0.1581
vn 0.7512 0.6226 0.2195
vn 0.7515 0.6415 0.1542
vn 0.7480 0.5874 0.3090
vn 0.7484 0.6061 0.2694
vn 0.7505 0.5846 0.3081
vn 0.7510 0.6046 0.2654
vn 0.7465 0.5275 0.4056
vn 0.7470 0.5592 0.3595
vn 0.7491 0.5270 0.4014
vn 0.7496 0.5582 0.3557
vn 0.7465 0.4658 0.4751
vn 0.7468 0.4883 0.4515
vn 0.7493 0.4590 0.4774
vn 0.7493 0.4879 0.4478
vn 0.7474 0.4383 0.4993
vn 0.7499 0.4388 0.4951
vn 0.7478 0.3900 0.5372
vn 0.7507 0.3817 0.5392
vn 0.7498 0.6537 0.1021
vn 0.7461 0.3588 0.5610
vn 0.7518 0.3564 0.5548
vn 0.7692 0.6375 0.0432
vn 0.7694 0.6374 0.0432
vn 0.9989 0.0470 0.0054
vn 0.7910 0.6111 0.0297
vn 0.9977 0.0676 0.0069
vn 0.7906 0.6116 0.0297
vn 0.1641 0.9855 0.0441
vn 0.1640 0.9855 0.0440
vn 0.1420 0.6578 0.7397
vn 0.8054 0.3927 0.4439
vn 0.1423 0.5804 0.8018
vn 0.8055 0.3470 0.4805
vn 0.9962 0.0562 0.0658
vn 0.9962 0.0504 0.0710
vn 0.1649 0.9830 0.0812
vn 0.1651 0.9829 0.0812
vn -0.1671 0.9827 0.0801
vn -0.1673 0.9827 0.0800
vn 0.1431 0.9643 0.2230
vn 0.1429 0.9354 0.3235
vn -0.1462 0.9642 0.2211
vn -0.1465 0.9365 0.3185
vn 0.1425 0.9033 0.4046
vn 0.1417 0.8715 0.4695
vn -0.1466 0.9032 0.4034
vn -0.1463 0.8730 0.4652
vn 0.1424 0.8366 0.5290
vn 0.1421 0.7828 0.6059
vn -0.1474 0.8364 0.5280
vn -0.1474 0.7848 0.6020
vn 0.1421 0.7281 0.6706
vn 0.1403 0.6914 0.7087
vn -0.1478 0.7279 0.6696
vn -0.1461 0.6939 0.7050
vn -0.1481 0.6580 0.7383
vn -0.1486 0.5802 0.8008
vn 0.1428 0.9792 0.1439
vn -0.1454 0.9790 0.1429
vn 0.1410 0.5373 0.8315
vn -0.1473 0.5372 0.8305
vn -0.1659 0.9852 0.0430
vn -0.1660 0.9852 0.0429
vn 0.9959 0.0485 0.0760
vn 0.9959 0.0626 0.0654
vn 0.9962 0.0632 0.0602
vn 0.9962 0.0681 0.0545
vn 0.9962 0.0722 0.0480
vn 0.9961 0.0770 0.0436
vn 0.9961 0.0794 0.0382
vn 0.9962 0.0815 0.0305
vn 0.9963 0.0828 0.0221
vn 0.9963 0.0843 0.0157
vn 0.9956 0.0931 0.0108
vn 0.9972 0.0742 0.0094
vn 0.8051 0.5864 0.0894
vn 0.8064 0.5756 0.1354
vn 0.7944 0.6051 0.0522
vn 0.7932 0.6066 0.0524
vn 0.8063 0.5594 0.1924
vn 0.8052 0.5406 0.2437
vn 0.8032 0.5248 0.2818
vn 0.8055 0.5000 0.3180
vn 0.8052 0.4696 0.3621
vn 0.8052 0.4355 0.4024
vn 0.7998 0.4201 0.4287
vn 0.8015 0.3245 0.5024
vn 1.0000 0.0006 0.0092
vn 0.0011 -0.9957 -0.0930
vn 0.9993 0.0003 0.0383
vn 0.6153 -0.0277 0.7878
vn 0.8152 -0.0193 0.5788
vn 0.6526 -0.0269 0.7572
vn 0.8287 -0.0185 0.5594
vn 0.2586 -0.0355 0.9653
vn 0.2739 -0.0348 0.9611
vn 0.0009 -0.9993 -0.0367
vn 0.0010 -0.9993 -0.0366
vn 0.9084 -0.0135 0.4178
vn 0.9411 -0.0106 0.3379
vn -0.1578 -0.0367 0.9868
vn -0.2694 -0.0359 0.9624
vn 0.0015 -0.9752 -0.2214
vn 0.0013 -0.9871 -0.1603
vn 0.0015 -0.9752 -0.2215
vn 0.0018 -0.9506 -0.3103
vn 0.0021 -0.9168 -0.3994
vn 0.0023 -0.8820 -0.4713
vn 0.0025 -0.8430 -0.5378
vn 0.0027 -0.8033 -0.5956
vn 0.0028 -0.7569 -0.6535
vn 0.0030 -0.6943 -0.7197
vn 0.0031 -0.6435 -0.7655
vn 0.0031 -0.6436 -0.7653
vn 0.0032 -0.5926 -0.8055
vn 0.0032 -0.5927 -0.8054
vn 0.0033 -0.5561 -0.8311
vn 0.0013 -0.9914 -0.1311
vn 0.0012 -0.9931 -0.1175
vn 0.0012 -0.9931 -0.1169
vn 0.0013 -0.9885 -0.1511
vn 0.0014 -0.9866 -0.1630
vn 0.0016 -0.9726 -0.2324
vn 0.0011 -0.9973 -0.0738
vn 0.7516 0.6563 0.0668
vn 0.9958 0.0904 0.0106
vn 0.7976 0.6010 0.0519
vn 0.1405 0.9867 0.0814
vn -0.1427 0.9865 0.0805
vn 0.0012 -0.9913 -0.1312
vn 0.0016 -0.9730 -0.2308
vn 0.0014 -0.9842 -0.1772
vn 0.0018 -0.9505 -0.3107
vn 0.0021 -0.9167 -0.3996
vn 0.0023 -0.8819 -0.4714
vn 0.0025 -0.8430 -0.5379
vn 0.0027 -0.8034 -0.5954
vn 0.0028 -0.7572 -0.6532
vn 0.0030 -0.6942 -0.7198
vn 0.0030 -0.6944 -0.7195
vn 0.0031 -0.6436 -0.7654
vn 0.0032 -0.5924 -0.8057
vn 0.0032 -0.5924 -0.8056
vn 0.0033 -0.5564 -0.8309
vn -0.0010 0.9979 0.0654
vn -0.1404 0.8732 0.4667
vn -0.1363 0.8187 0.5577
vn -0.0866 0.6746 0.7331
vn -0.0677 0.6399 0.7655
vn -0.0544 0.9844 0.1675
vn -0.1150 0.9505 0.2886
vn -0.0177 0.4812 0.8764
vn -0.0123 0.4623 0.8866
vn -0.0028 0.0367 0.9993
vn -0.0017 0.0337 0.9994
vn 0.0128 0.9994 0.0328
vn 0.0128 0.9994 0.0325
vn -0.5645 -0.0310 0.8248
vn -0.5646 -0.0310 0.8248
vn -0.0049 -0.0378 0.9993
vn -0.0058 -0.0407 0.9992
vn -0.0058 -0.0410 0.9991
vn -0.0048 -0.0436 0.9990
vn -0.0048 -0.0433 0.9991
vn 0.0011 -0.9972 -0.0742
vn 0.0011 -0.9954 -0.0955
vn 0.0011 -0.9972 -0.0743
vn 0.0010 -0.9981 -0.0621
vn -0.0035 -0.0370 0.9993
vn 0.0000 0.1051 -0.9945
vn -0.0001 0.1059 -0.9944
vn 0.0001 0.1051 -0.9945
vn 0.0001 0.1063 -0.9943
vn 0.0036 0.1090 -0.9940
vn 0.0037 0.1089 -0.9940
vn 0.0043 0.1088 -0.9940
vn 0.0038 0.1088 -0.9941
vn 0.0024 0.1086 -0.9941
vn 0.0022 0.1088 -0.9941
vn 0.9220 0.3867 0.0201
vn 0.7783 0.6271 0.0302
vn 0.7747 0.6316 0.0302
vn 0.1395 0.9893 0.0439
vn 0.1384 0.9894 0.0439
vn -0.1403 0.9892 0.0430
vn -0.1414 0.9890 0.0430
vn 0.1507 0.0871 0.9847
vn 0.1898 0.0661 0.9796
vn 0.2676 0.0262 0.9632
vn 0.2675 0.0261 0.9632
vn 0.1434 0.1870 -0.9718
vn 0.2553 0.1429 -0.9563
vn 0.1797 0.1711 -0.9687
vn 0.2551 0.1428 -0.9563
vn 0.0117 0.1053 0.9944
vn 0.0351 0.1068 0.9937
vn 0.0167 0.1979 -0.9801
vn 0.0378 0.1994 -0.9792
vn -0.0419 0.1067 0.9934
vn -0.0185 0.1052 0.9943
vn -0.7704 0.6363 0.0402
vn -0.7705 0.6362 0.0402
vn -0.7668 0.6391 0.0595
vn -0.7657 0.6404 0.0598
vn -0.7512 0.6236 0.2163
vn -0.7536 0.6208 0.2158
vn -0.7513 0.6426 0.1504
vn -0.7535 0.6401 0.1499
vn -0.7510 0.5855 0.3053
vn -0.7535 0.5829 0.3041
vn -0.7512 0.6058 0.2621
vn -0.7538 0.6029 0.2614
vn -0.7501 0.5250 0.4022
vn -0.7526 0.5228 0.4003
vn -0.7504 0.5591 0.3526
vn -0.7528 0.5588 0.3480
vn -0.7505 0.4629 0.4717
vn -0.7532 0.4608 0.4693
vn -0.7506 0.4885 0.4449
vn -0.7531 0.4853 0.4442
vn -0.7549 0.3865 0.5298
vn -0.7539 0.4376 0.4900
vn -0.7521 0.3870 0.5335
vn -0.7515 0.4387 0.4928
vn -0.7513 0.6531 0.0946
vn -0.7504 0.3600 0.5543
vn -0.7561 0.3569 0.5486
vn -0.7716 0.6353 0.0331
vn -0.7716 0.6352 0.0331
vn -0.9990 0.0454 -0.0013
vn -0.9978 0.0660 -0.0005
vn -0.7922 0.6098 0.0242
vn -0.7918 0.6103 0.0244
vn -0.8090 0.3919 0.4381
vn -0.8092 0.3455 0.4751
vn -0.9968 0.0549 0.0588
vn -0.9967 0.0484 0.0645
vn -0.9965 0.0470 0.0693
vn -0.9964 0.0606 0.0591
vn -0.9967 0.0613 0.0537
vn -0.9966 0.0662 0.0481
vn -0.9966 0.0704 0.0417
vn -0.9965 0.0752 0.0372
vn -0.9965 0.0777 0.0317
vn -0.9965 0.0798 0.0240
vn -0.9966 0.0811 0.0156
vn -0.9965 0.0827 0.0091
vn -0.9974 0.0726 0.0027
vn -0.9958 0.0915 0.0041
vn -0.8067 0.5850 0.0835
vn -0.8083 0.5743 0.1300
vn -0.7958 0.6038 0.0469
vn -0.7946 0.6054 0.0470
vn -0.8084 0.5581 0.1870
vn -0.8077 0.5393 0.2383
vn -0.8060 0.5235 0.2764
vn -0.8084 0.4986 0.3127
vn -0.8084 0.4683 0.3567
vn -0.8086 0.4342 0.3969
vn -0.8034 0.4188 0.4233
vn -0.8053 0.3230 0.4971
vn 0.0011 -0.9952 -0.0983
vn -0.9983 -0.0030 0.0575
vn -1.0000 -0.0012 0.0071
vn -0.6206 -0.0286 0.7836
vn -0.6576 -0.0279 0.7529
vn -0.8191 -0.0206 0.5733
vn -0.8324 -0.0198 0.5538
vn -0.2650 -0.0357 0.9636
vn -0.2803 -0.0353 0.9593
vn -0.9112 -0.0150 0.4116
vn -0.9434 -0.0121 0.3315
vn 0.1497 -0.0364 0.9881
vn 0.2623 -0.0355 0.9643
vn 0.0012 -0.9931 -0.1174
vn 0.0012 -0.9886 -0.1506
vn 0.0013 -0.9866 -0.1630
vn -0.7537 0.6541 0.0642
vn -0.9960 0.0888 0.0039
vn -0.7989 0.5997 0.0465
vn 0.0016 -0.9885 -0.1511
vn 0.0032 -0.5925 -0.8056
vn -0.0052 0.0337 0.9994
vn -0.0038 0.0367 0.9993
vn 0.0615 0.6400 0.7659
vn 0.1315 0.8189 0.5587
vn 0.0805 0.6747 0.7337
vn 0.1368 0.8732 0.4677
vn 0.1128 0.9510 0.2880
vn 0.0531 0.9849 0.1646
vn 0.0055 0.4623 0.8867
vn 0.0110 0.4812 0.8765
vn -0.0136 0.9995 0.0267
vn -0.0133 0.9995 0.0270
vn 0.5590 -0.0301 0.8286
vn -0.0008 -0.0411 0.9992
vn -0.0017 -0.0378 0.9993
vn -0.0007 -0.0408 0.9992
vn -0.0023 -0.0439 0.9990
vn -0.0018 -0.0434 0.9991
vn 0.0338 -0.9969 -0.0716
vn 0.0339 -0.9969 -0.0716
vn 0.0604 -0.9965 -0.0577
vn 0.0605 -0.9965 -0.0577
vn -0.0032 -0.0370 0.9993
vn 0.0064 0.1051 -0.9944
vn 0.0066 0.1051 -0.9944
vn 0.0066 0.1060 -0.9943
vn 0.0064 0.1062 -0.9943
vn 0.0030 0.1090 -0.9940
vn 0.0028 0.1089 -0.9940
vn -0.9227 0.3852 0.0139
vn -0.7795 0.6259 0.0249
vn -0.7759 0.6303 0.0251
vn -0.2740 0.0257 0.9614
vn -0.1965 0.0657 0.9783
vn -0.2741 0.0258 0.9614
vn -0.1575 0.0870 0.9837
vn -0.1371 0.1868 -0.9728
vn -0.1735 0.1708 -0.9699
vn -0.2490 0.1425 -0.9580
vn -0.2488 0.1423 -0.9580
vn -0.0104 0.1979 -0.9802
vn -0.0315 0.1994 -0.9794
vn 0.0011 0.8449 -0.5350
vn 0.0011 0.8448 -0.5350
vn -0.7697 -0.6378 -0.0260
vn 0.7787 -0.6272 -0.0184
vn 0.7779 -0.6282 -0.0182
vn 0.7780 -0.6280 -0.0181
vn 0.7780 -0.6280 -0.0183
vn -0.9971 -0.0764 -0.0061
vn 0.9975 -0.0709 0.0008
vn -0.7635 -0.6453 -0.0262
vn -0.7634 -0.6454 -0.0262
vn 0.7740 -0.6328 -0.0206
vn 0.7741 -0.6328 -0.0206
vn -0.1644 -0.9857 -0.0367
vn -0.1643 -0.9857 -0.0367
vn 0.1586 -0.9867 -0.0357
vn -1.0000 -0.0067 0.0052
vn -1.0000 -0.0060 -0.0017
vn -1.0000 -0.0062 -0.0036
vn 1.0000 -0.0044 0.0051
vn 0.9999 -0.0051 0.0119
vn 1.0000 -0.0046 0.0032
vn -0.9999 -0.0071 0.0081
vn -1.0000 -0.0054 0.0047
vn 0.9999 -0.0054 0.0149
vn 0.9999 -0.0037 0.0114
vn 0.7828 -0.6219 -0.0202
vn 0.0011 0.8437 -0.5369
vn 0.0011 0.8437 -0.5368
vn 0.0014 0.7899 -0.6133
vn -0.7704 0.3541 0.5301
vn -0.7704 0.3531 0.5308
vn -0.7704 0.3541 0.5302
vn -0.7704 0.3531 0.5309
vn 0.7663 0.3553 0.5353
vn 0.7662 0.3553 0.5354
vn 0.7663 0.3544 0.5359
vn 0.7662 0.3544 0.5360
vn 0.0033 -0.5144 -0.8576
vn 0.0033 -0.5143 -0.8576
vn 0.0011 0.8449 -0.5349
vn 0.0011 0.8445 -0.5355
vn 0.0011 0.8448 -0.5351
vn 0.0011 0.8447 -0.5352
vn 0.0011 0.8447 -0.5353
vn 0.0012 0.8448 -0.5350
vn -0.0011 -0.8449 0.5350
vn -0.0011 -0.8448 0.5350
vn -0.0013 -0.8577 0.5141
vn -0.0010 -0.8576 0.5143
vn -0.0012 -0.8362 0.5485
vn -0.0041 -0.7685 0.6398
vn 0.0010 -0.7685 0.6399
vn -0.9580 0.1670 0.2330
vn -0.9959 0.0539 0.0731
vn -0.9966 0.0490 0.0661
vn -0.1464 0.5730 0.8064
vn -0.1499 0.5727 0.8060
vn -0.4958 0.5033 0.7077
vn 0.1399 0.5732 0.8074
vn 0.1436 0.5728 0.8070
vn 0.4902 0.5041 0.7110
vn 0.9562 0.1685 0.2395
vn 0.9953 0.0556 0.0798
vn 0.9961 0.0506 0.0728
vn -1.0000 -0.0008 -0.0033
vn -0.0002 -0.9618 0.2739
vn -0.0001 -0.9618 0.2737
vn -0.0011 -0.8441 0.5361
vn 0.0033 0.0528 -0.9986
vn 0.0033 0.0524 -0.9986
vn -0.7537 0.5812 -0.3070
vn -0.7495 0.5940 -0.2923
vn -0.5722 0.8179 -0.0597
vn -0.5366 0.8433 -0.0314
vn -0.7023 0.6730 -0.2318
vn -0.7537 0.5686 -0.3296
vn -0.7203 0.6416 -0.2638
vn -0.7462 0.5869 -0.3141
vn 0.7026 0.6744 -0.2272
vn 0.7207 0.6430 -0.2591
vn 0.7554 0.5694 -0.3244
vn 0.7474 0.5883 -0.3087
vn 0.0012 0.8449 -0.5350
vn 0.0011 0.8457 -0.5337
vn 0.0011 0.8461 -0.5330
vn -0.0965 0.9832 0.1550
vn -0.0861 0.9839 0.1567
vn 0.0939 0.9833 0.1557
vn 0.0834 0.9840 0.1573
vn 0.5713 0.8188 -0.0558
vn 0.5354 0.8441 -0.0278
vn 0.7548 0.5824 -0.3019
vn 0.7504 0.5953 -0.2873
vn -0.7645 0.5441 -0.3457
vn 0.7661 0.5451 -0.3404
vn 0.7663 0.5450 -0.3403
vn -0.0170 -0.4119 -0.9111
vn -0.0288 -0.4332 -0.9008
vn -0.0056 -0.4335 -0.9011
vn 0.0098 -0.1381 0.9904
vn -0.0204 -0.1681 0.9855
vn 0.7716 -0.2686 -0.5767
vn 0.7667 -0.2722 -0.5815
vn 0.7703 -0.2631 -0.5809
vn 0.0082 -0.2294 0.9733
vn -0.7811 -0.2509 -0.5719
vn -0.9998 0.0165 0.0145
vn -0.9997 0.0216 -0.0127
vn -0.9997 0.0044 -0.0234
vn -0.9999 0.0131 0.0068
vn 0.0389 -0.1691 0.9848
vn -0.7903 -0.2459 -0.5612
vn -0.7890 -0.2466 -0.5627
vn -0.9764 -0.0813 -0.2001
vn 0.7600 -0.2634 -0.5941
vn -0.9156 0.1756 0.3617
vn -0.7571 0.2798 0.5903
vn -0.0073 -0.8730 0.4877
vn -0.0077 -0.8731 0.4875
vn -0.0037 -0.8752 0.4838
vn -0.9914 0.1047 0.0785
vn -0.9998 0.0153 0.0117
vn -0.9932 0.0370 0.1103
vn 0.0102 0.9081 -0.4185
vn 0.0102 0.9087 -0.4174
vn 0.0086 0.9085 -0.4178
vn 0.0068 0.9057 -0.4239
vn 0.0068 0.9055 -0.4242
vn 0.0100 0.9056 -0.4241
vn 0.0104 0.9054 -0.4243
vn 0.0112 0.9068 -0.4215
vn 0.0111 0.9066 -0.4218
vn -0.0172 -0.9721 -0.2340
vn -0.0175 -0.9632 -0.2682
vn -0.0175 -0.9632 -0.2683
vn -0.3525 -0.3828 -0.8539
vn -0.3522 -0.3828 -0.8541
vn 0.7735 -0.2676 -0.5746
vn 0.7750 -0.2668 -0.5728
vn 0.9722 -0.1049 -0.2094
vn -0.0186 -0.6319 -0.7748
vn -0.0189 -0.6987 -0.7152
vn -0.0190 -0.7508 -0.6602
vn 0.9719 -0.1054 -0.2104
vn -0.0181 -0.5522 -0.8335
vn -0.0181 -0.5536 -0.8326
vn -0.0190 -0.7976 -0.6028
vn -0.0190 -0.7509 -0.6602
vn -0.0190 -0.7976 -0.6029
vn 0.0080 0.9085 -0.4179
vn -0.1696 -0.8235 0.5414
vn -0.2107 -0.8263 0.5223
vn -0.0887 -0.8239 0.5597
vn -0.0177 -0.4901 -0.8715
vn -0.0191 -0.5150 -0.8570
vn -0.0202 -0.5162 -0.8563
vn -0.9486 0.3016 0.0956
vn -0.8679 -0.1287 0.4799
vn -0.9911 0.0264 0.1308
vn 0.0152 -0.4535 -0.8912
vn -0.0174 -0.4610 -0.8872
vn 0.0154 -0.4538 -0.8910
vn 0.0929 -0.3836 -0.9188
vn 0.0888 -0.4715 -0.8774
vn -0.0083 -0.8732 0.4872
vn -0.0080 -0.8734 0.4870
vn -0.3319 -0.7587 0.5605
vn -0.3199 -0.8179 0.4782
vn -0.3173 0.9041 -0.2862
vn -0.1725 0.9368 -0.3044
vn -0.2168 0.9207 -0.3244
vn 0.1297 0.7903 0.5989
vn 0.1746 0.7533 0.6340
vn 0.1097 0.6048 0.7888
vn 0.1061 0.9209 0.3751
vn -0.0166 -0.4861 -0.8737
vn -0.0176 -0.4870 -0.8732
vn -0.2465 0.8806 -0.4046
vn 0.3507 0.8486 -0.3961
vn 0.2149 0.8941 -0.3929
vn -0.9420 0.3116 -0.1246
vn -0.9844 0.1661 -0.0573
vn -0.9439 0.3027 -0.1318
vn -0.9998 0.0217 -0.0052
vn -0.9998 0.0152 0.0118
vn -0.9998 0.0151 0.0118
vn -0.2138 0.8892 -0.4044
vn -0.6605 0.6872 -0.3025
vn -0.7080 0.6544 -0.2656
vn -0.8431 0.4941 -0.2123
vn -0.8940 0.0278 0.4472
vn -0.9827 -0.0906 0.1615
vn -0.8694 0.4424 -0.2201
vn -0.9129 0.1029 0.3950
vn 0.0415 0.5153 0.8560
vn 0.0034 0.4011 0.9160
vn 0.0057 0.4033 0.9150
vn 0.0287 0.9812 0.1910
vn 0.0531 0.9153 0.3991
vn 0.0065 0.9806 0.1959
vn 0.0173 0.9991 -0.0390
vn -0.8389 0.0722 0.5395
vn -0.9875 -0.0963 0.1249
vn -0.9050 -0.1144 0.4097
vn -0.9875 -0.1207 0.1013
vn -0.9879 -0.1117 0.1073
vn -0.9758 0.1976 0.0936
vn -0.9952 0.0853 0.0479
vn -0.7799 0.5679 0.2630
vn -0.7701 0.6216 0.1438
vn -0.3624 0.9078 0.2110
vn -0.1421 0.9458 0.2919
vn -0.0819 0.9557 -0.2829
vn -0.2425 0.9081 0.3415
vn -0.1340 0.8254 0.5484
vn -0.7849 0.5326 0.3167
vn -0.9756 0.1676 0.1417
vn -0.9866 0.1565 0.0456
vn -0.7552 0.5249 0.3927
vn -0.7531 0.4582 0.4721
vn -0.7950 0.4037 0.4529
vn -0.9861 0.1520 0.0677
vn -0.3465 0.5292 0.7745
vn -0.7968 0.3450 0.4961
vn -0.7509 0.3377 0.5675
vn -0.9760 0.1082 0.1888
vn -0.9768 0.1231 0.1750
vn -0.8651 -0.0082 0.5016
vn -0.9995 -0.0090 0.0311
vn -0.9321 -0.0173 0.3618
vn -0.9357 0.2769 -0.2184
vn -0.8475 0.2396 0.4736
vn -0.7700 0.5019 0.3940
vn -0.3500 0.7420 0.5718
vn -0.7583 0.5417 0.3626
vn -0.9947 0.0929 0.0436
vn -0.9758 0.1333 0.1736
vn -0.2369 0.5323 0.8128
vn -0.9784 0.2010 0.0484
vn -0.9938 0.1114 0.0002
vn -0.9993 -0.0102 0.0355
vn -0.9847 0.1166 0.1294
vn -0.9994 -0.0091 0.0335
vn -0.9333 -0.0742 0.3514
vn -0.9761 -0.0819 -0.2012
vn -0.7462 0.6477 0.1540
vn -0.9987 -0.0377 0.0352
vn -0.8804 -0.0616 0.4703
vn -0.9989 0.0464 -0.0067
vn -0.7549 0.3085 0.5787
vn -0.7560 0.3069 0.5781
vn -0.7587 0.3001 0.5781
vn 0.0776 -0.8264 0.5577
vn 0.1985 -0.8324 0.5174
vn 0.1580 -0.8284 0.5375
vn 0.1928 0.9314 -0.3087
vn 0.3371 0.8944 -0.2940
vn 0.2364 0.9140 -0.3297
vn 0.7789 0.2564 0.5724
vn 0.7738 0.2587 0.5782
vn 0.4471 0.3683 0.8151
vn -0.0073 -0.8737 0.4864
vn -0.0106 -0.8752 0.4837
vn -0.0109 -0.8754 0.4832
vn -0.0173 -0.4512 -0.8922
vn 0.0116 0.9992 -0.0389
vn 0.0359 0.9981 -0.0493
vn 0.0272 0.9803 0.1957
vn -0.1363 0.7581 0.6377
vn -0.0920 0.7938 0.6012
vn -0.0713 0.6087 0.7902
vn -0.0174 -0.9632 -0.2683
vn -0.0179 -0.9419 -0.3353
vn 0.0629 0.9574 -0.2818
vn 0.1034 0.9529 -0.2850
vn 0.0076 0.9080 -0.4189
vn 0.0025 0.9084 -0.4181
vn 0.0083 0.9085 -0.4178
vn -0.0076 -0.8766 0.4812
vn -0.0173 -0.4513 -0.8922
vn 0.0057 0.9069 -0.4213
vn 0.0067 0.9082 -0.4185
vn -0.0032 0.5184 0.8551
vn 0.0170 0.4177 0.9084
vn 0.0170 0.4119 0.9111
vn -0.0184 -0.9143 -0.4045
vn -0.0187 -0.8741 -0.4853
vn -0.0189 -0.8366 -0.5475
vn 0.3067 -0.8273 0.4707
vn 0.3225 -0.7685 0.5526
vn -0.0167 -0.5151 -0.8570
vn -0.7636 0.2765 0.5835
vn -0.9688 0.1112 0.2217
vn -0.7636 0.6224 0.1718
vn -0.3469 0.4726 0.8101
vn -0.2368 0.7609 0.6041
vn -0.2362 0.6493 0.7229
vn 0.9998 -0.0153 -0.0117
vn 0.0084 0.9085 -0.4177
vn 0.0085 0.9085 -0.4177
vn 0.7616 -0.2788 -0.5851
vn -0.0172 -0.4332 -0.9011
vn 0.9957 0.0743 0.0552
vn 0.9962 0.0066 0.0870
vn 0.3267 0.8761 -0.3545
vn -0.0069 -0.8730 0.4877
vn 0.0057 0.9067 -0.4217
vn 0.0049 0.9815 0.1912
vn -0.0698 0.9235 0.3771
vn -0.0164 0.9164 0.4000
vn 0.0172 0.4360 0.8998
vn -0.0184 -0.9145 -0.4042
vn -0.8576 0.4858 -0.1691
vn -0.0413 0.9590 -0.2805
vn -0.7586 0.3012 0.5777
vn 0.0413 -0.8261 0.5621
vn -0.3367 0.4243 0.8406
vn -0.3355 0.4267 0.8399
vn -0.7605 0.2975 0.5772
vn -0.7649 0.2962 0.5720
vn -0.3363 0.3961 0.8544
vn -0.3356 0.3968 0.8544
vn -0.7614 0.2774 0.5859
vn -0.3544 0.8658 0.3531
vn -0.0182 -0.5616 -0.8272
vn -0.0161 -0.5015 -0.8650
vn -0.1997 0.8999 -0.3877
vn -0.3349 0.8588 -0.3878
vn 0.2629 0.8730 -0.4107
vn 0.8525 0.4684 -0.2323
vn 0.9494 0.2738 -0.1541
vn 0.9479 0.2829 -0.1467
vn -0.0175 -0.9633 -0.2678
vn -0.0175 -0.9633 -0.2679
vn -0.0172 -0.9722 -0.2337
vn -0.0176 -0.4901 -0.8715
vn 0.2305 0.8825 -0.4099
vn 0.8392 0.4886 -0.2388
vn 0.3203 -0.3930 -0.8619
vn 0.3209 -0.3930 -0.8617
vn 0.9830 0.1596 -0.0903
vn 0.6735 0.6671 -0.3184
vn 0.7209 0.6329 -0.2825
vn 0.9908 -0.0719 0.1144
vn 0.9995 -0.0135 -0.0289
vn 0.9998 -0.0154 -0.0117
vn 0.9413 0.2437 -0.2335
vn 0.8853 0.1228 0.4486
vn 0.8771 0.4158 -0.2405
vn 0.9842 -0.1273 0.1232
vn 0.9446 0.2712 -0.1851
vn 0.9420 0.3254 -0.0825
vn 0.9875 -0.1346 0.0825
vn 0.3939 0.8967 0.2020
vn 0.7916 0.5980 0.1258
vn 0.1736 0.9505 0.2577
vn 0.1854 0.8694 0.4580
vn 0.2540 0.8564 0.4495
vn 0.8027 0.5296 0.2744
vn 0.8251 0.5233 0.2130
vn 0.9833 0.1699 0.0647
vn 0.8079 0.5084 0.2981
vn 0.3860 0.8294 0.4038
vn 0.9840 0.1609 0.0758
vn 0.3854 0.7319 0.5620
vn 0.3327 0.7409 0.5835
vn 0.7827 0.5183 0.3447
vn -0.0171 -0.4278 -0.9037
vn -0.0170 -0.4120 -0.9110
vn -0.0169 -0.4119 -0.9111
vn -0.0170 -0.4119 -0.9110
vn 0.9977 -0.0678 0.0097
vn 0.9981 -0.0613 -0.0107
vn 0.9366 0.3501 -0.0140
vn 0.8897 0.4533 -0.0540
vn 0.9849 0.1710 0.0253
vn 0.9982 0.0581 0.0136
vn 0.7990 0.5888 0.1220
vn 0.9838 0.1444 0.1062
vn 0.7966 0.5012 0.3379
vn 0.9905 0.1371 0.0148
vn 0.8193 0.4084 0.4024
vn 0.7939 0.4781 0.3758
vn 0.9884 0.1425 0.0527
vn -0.3523 0.8517 0.3879
vn -0.7796 0.5536 0.2929
vn 0.3751 0.4122 0.8303
vn -0.3425 0.4231 0.8388
vn 0.1615 0.4644 0.8708
vn 0.7625 0.2868 0.5799
vn 0.8139 0.2613 0.5189
vn -0.9999 0.0157 -0.0013
vn 0.9993 -0.0089 -0.0362
vn 0.9997 -0.0175 -0.0167
vn 0.9999 -0.0141 -0.0090
vn -0.0171 -0.4230 -0.9060
vn 0.9996 -0.0148 -0.0248
vn 0.9986 -0.0262 -0.0469
vn -0.0179 -0.9419 -0.3354
vn -0.0180 -0.9418 -0.3356
vn -0.0184 -0.9146 -0.4040
vn -0.0184 -0.9145 -0.4041
vn -0.0187 -0.8743 -0.4850
vn -0.0189 -0.8367 -0.5474
vn -0.0189 -0.6986 -0.7153
vn -0.0189 -0.6985 -0.7153
vn -0.0186 -0.6316 -0.7750
vn -0.0186 -0.6316 -0.7751
vn -0.0194 -0.5015 -0.8650
vn -0.8294 0.5139 -0.2190
vn -0.0170 -0.4118 -0.9111
vn -0.8678 0.1234 0.4814
vn -0.0187 -0.4860 -0.8737
vn -0.0178 -0.5115 -0.8591
vn 0.9288 0.1474 0.3401
vn -0.0059 -0.8734 0.4869
vn -0.0059 -0.8733 0.4872
vn 0.3816 0.6654 0.6415
vn 0.8190 0.3713 0.4375
vn 0.9885 0.1370 0.0645
vn 0.9835 0.1123 0.1416
vn 0.1817 0.5811 0.7933
vn 0.4453 0.3698 0.8154
vn -0.4142 0.3829 0.8257
vn -0.4166 0.3814 0.8252
vn 0.2755 0.6309 0.7253
vn 0.7965 0.3067 0.5211
vn 0.9830 0.0782 0.1658
vn 0.7891 0.3230 0.5225
vn 0.8851 0.4426 -0.1439
vn 0.7686 0.5310 0.3569
vn 0.9992 -0.0401 0.0090
vn 0.3657 0.7373 0.5681
vn 0.8996 -0.1435 0.4126
vn 0.9934 0.0070 0.1141
vn 0.9994 0.0049 -0.0340
vn 0.9766 0.0819 0.1986
vn 0.9829 0.0867 0.1625
vn 0.9020 -0.0832 0.4236
vn 0.9993 -0.0047 -0.0374
vn 0.3679 0.3855 0.8462
vn 0.9845 0.1717 0.0354
vn 0.9985 -0.0427 0.0357
vn 0.3683 0.4159 0.8315
vn 0.3689 0.4137 0.8323
vn -0.0523 -0.8247 0.5632
vn -0.7517 0.2821 0.5961
vn -0.7395 0.3098 0.5976
vn 0.7826 0.2619 0.5648
vn 0.7830 0.2672 0.5618
vn 0.7800 0.2788 0.5603
vn 0.9152 -0.0046 0.4031
vn 0.9601 0.2704 0.0717
vn -0.0179 -0.5274 -0.8495
vn 0.7740 0.5775 0.2597
vn 0.7851 0.2530 0.5654
vn 0.7832 0.2538 0.5676
vn 0.3677 0.3860 0.8460
vn -0.9737 0.1130 0.1979
vn 0.0302 0.4081 0.9124
vn 0.0313 0.4065 0.9131
vn 0.7800 0.2778 0.5607
vn 0.7787 0.2829 0.5599
vn 0.7771 0.2854 0.5610
vn -0.0065 -0.8731 0.4875
vn -0.5852 0.7409 -0.3296
vn 0.8752 0.1453 0.4615
vn 0.9982 0.0413 -0.0427
vn -0.0177 -0.4903 -0.8714
vn -0.0068 -0.8766 0.4812
vn -0.0035 -0.8755 0.4831
vn -0.0069 -0.8737 0.4864
vn 0.5991 0.7232 -0.3436
vn 0.0242 0.4328 0.9012
vn 0.0158 0.4446 0.8956
vn 0.0267 0.4326 0.9012
vn 0.9746 -0.2099 0.0782
vn 0.9998 -0.0185 -0.0103
vn 0.0137 0.4105 0.9118
vn 0.0170 0.4150 0.9097
vn 0.0126 0.4120 0.9111
vn -0.0076 0.9988 -0.0488
vn 0.8877 -0.4462 0.1131
vn 0.8903 -0.3916 0.2326
vn 0.8490 -0.4614 0.2575
vn -0.0180 -0.5274 -0.8495
vn 0.7827 0.2738 0.5590
vn 0.7867 0.2725 0.5539
vn 0.0214 0.4119 0.9110
vn 0.0172 0.4145 0.9099
vn 0.0192 0.4138 0.9102
vn 0.9811 0.0830 0.1749
vn 0.0085 0.9085 -0.4178
vn 0.0216 0.4116 0.9111
vn 0.0215 0.4117 0.9111
vn 0.0213 0.4111 0.9113
vn 0.0183 0.4245 0.9052
vn 0.0173 0.4108 0.9116
vn 0.0174 0.4109 0.9115
vn 0.0171 0.4101 0.9119
vn 0.0120 0.4121 0.9111
vn 0.0125 0.4118 0.9112
vn 0.0174 0.4105 0.9117
vn 0.0120 0.4111 0.9115
vn 0.0227 0.4485 0.8935
vn 0.0194 0.4202 0.9072
vn -0.3089 0.8856 -0.3469
vn -0.0248 -0.5064 -0.8619
vn -0.9055 0.0215 0.4238
vn -0.7642 0.2803 0.5809
vn -0.7607 0.2872 0.5821
vn -0.9784 -0.1801 0.1011
vn -0.3941 -0.8032 0.4467
vn -0.5380 -0.7353 0.4122
vn -0.5096 -0.8041 0.3062
vn 0.0084 0.9086 -0.4177
vn -0.0075 -0.8827 0.4699
vn -0.1087 0.4162 0.9027
vn -0.1091 0.4171 0.9023
vn -0.1102 0.4174 0.9020
vn -0.0033 0.9081 -0.4188
vn 0.0175 0.4631 0.8862
vn -0.0060 -0.8412 0.5407
vn 0.0084 0.9085 -0.4178
vn -0.0084 -0.9085 0.4177
vn -0.0085 -0.9085 0.4177
vn -0.0074 -0.8827 0.4699
vn 0.0174 0.4630 0.8862
vn 0.0174 0.4631 0.8862
vn -0.9998 0.0121 0.0132
vn -0.8128 -0.5445 0.2071
vn -0.8550 -0.4397 0.2752
vn -0.8937 -0.4255 0.1426
vn 0.7986 -0.5726 0.1854
vn 0.4941 -0.8187 0.2925
vn 0.5281 -0.7492 0.3997
vn 0.3805 -0.8143 0.4383
vn 0.3798 -0.8690 0.3172
vn 0.6763 0.6404 -0.3640
vn 0.6703 0.6574 -0.3442
vn 0.6789 0.6504 -0.3406
vn -0.9998 0.0149 0.0120
vn 0.6650 0.6536 -0.3614
vn -0.9998 0.0149 0.0119
vn -0.9998 0.0147 0.0120
vn -0.9998 0.0146 0.0121
vn -0.7737 0.2675 0.5743
vn 0.0172 0.4298 0.9027
vn 0.0171 0.4298 0.9027
vn -0.8929 -0.3729 0.2522
vn -0.3979 -0.8570 0.3274
vn 0.0169 0.4119 0.9111
vn 0.8685 0.1385 -0.4759
vn -0.0176 -0.4903 -0.8714
vn 0.0177 0.4901 0.8715
vn 0.1443 0.4123 0.8996
vn 0.1440 0.4135 0.8991
vn 0.1424 0.4124 0.8998
vn 0.1428 0.4132 0.8994
vn -0.1106 0.4162 0.9025
vn -0.8749 0.1652 -0.4553
vn -0.0156 -0.2825 -0.9591
vn 0.0073 0.8774 -0.4796
vn -0.0145 -0.9995 0.0263
vn 0.0176 0.4901 0.8715
vn 0.9998 -0.0157 -0.0115
vn 0.9998 -0.0158 -0.0115
vn 0.9998 -0.0159 -0.0114
vn 0.7832 0.2497 0.5694
vn 0.9998 -0.0160 -0.0113
vn -0.6587 0.6769 -0.3284
vn -0.6659 0.6597 -0.3484
vn -0.6669 0.6705 -0.3250
vn -0.6539 0.6724 -0.3467
vn -0.8684 -0.4451 -0.2187
vn -0.7614 -0.4883 -0.4265
vn -0.7119 -0.6927 -0.1155
vn -0.9189 -0.0990 -0.3818
vn -0.4938 -0.7240 -0.4817
vn -0.4440 -0.8960 -0.0102
vn -0.2972 -0.9134 -0.2783
vn -0.0474 -0.9981 0.0383
vn 0.2822 -0.9594 -0.0020
vn 0.2295 -0.9034 -0.3621
vn -0.0720 -0.8783 -0.4727
vn 0.5840 -0.8084 -0.0737
vn 0.8204 -0.5394 -0.1896
vn 0.6254 -0.5687 -0.5343
vn 0.4353 -0.7900 -0.4317
vn 0.9091 -0.2539 -0.3303
vn 0.7531 -0.2446 -0.6107
vn 0.8463 0.1534 -0.5102
vn 0.5305 -0.0825 -0.8437
vn 0.5584 0.2828 -0.7799
vn 0.6455 0.4507 -0.6166
vn 0.4054 0.6235 -0.6685
vn 0.1888 0.3224 -0.9276
vn 0.0786 0.6930 -0.7167
vn -0.0422 0.4662 -0.8837
vn -0.2606 0.6731 -0.6921
vn -0.5688 0.5399 -0.6204
vn -0.2906 0.3008 -0.9083
vn -0.8021 0.2870 -0.5238
vn -0.5493 0.2784 -0.7879
vn -0.7187 0.0445 -0.6939
vn -0.1415 -0.3002 -0.9433
vn -0.6191 -0.2492 -0.7448
vn -0.1507 -0.4088 -0.9001
vn -0.0936 -0.4791 -0.8728
vn -0.0479 -0.3783 -0.9244
vn -0.0349 -0.4833 -0.8748
vn 0.0390 -0.4575 -0.8883
vn 0.0691 -0.3770 -0.9236
vn 0.0292 -0.2965 -0.9546
vn -0.0490 -0.2646 -0.9631
vn -0.6040 0.7168 0.3484
vn -0.7947 0.6057 -0.0382
vn -0.6414 0.5873 0.4936
vn -0.9571 0.2893 0.0168
vn -0.7737 0.6041 -0.1910
vn -0.9485 0.3086 -0.0713
vn -0.8348 0.2046 -0.5111
vn -0.9828 0.1560 -0.0989
vn -0.8908 0.1262 -0.4366
vn -0.7175 0.4085 -0.5642
vn -0.6281 0.6964 0.3470
vn -0.7673 0.4509 0.4560
vn -0.9395 -0.1759 -0.2938
vn -0.7986 0.1857 0.5725
vn -0.8304 -0.5253 -0.1860
vn -0.7163 -0.0817 0.6930
vn -0.6027 -0.7970 -0.0388
vn -0.5209 -0.2832 0.8052
vn -0.3457 -0.9352 0.0760
vn -0.2538 -0.4287 0.8671
vn 0.0128 -0.9989 0.0453
vn 0.0791 -0.4546 0.8872
vn 0.4275 -0.9032 -0.0389
vn 0.3994 -0.3660 0.8406
vn 0.7481 -0.6546 -0.1083
vn 0.6474 -0.1740 0.7420
vn 0.9119 -0.3762 -0.1640
vn 0.7916 0.0691 0.6071
vn 0.9342 -0.1233 -0.3347
vn 0.8381 0.3024 0.4541
vn 0.8666 0.1834 -0.4641
vn 0.7218 0.5777 0.3811
vn 0.6339 0.4580 -0.6232
vn 0.5296 0.7968 0.2910
vn 0.3330 0.6890 -0.6437
vn 0.2647 0.9390 0.2196
vn -0.0690 0.6669 -0.7420
vn -0.0535 0.9687 0.2423
vn -0.4433 0.6389 -0.6287
vn -0.3743 0.8907 0.2581
vn -0.5474 0.7480 -0.3754
vn -0.4489 0.8400 -0.3047
vn -0.4828 0.8466 -0.2240
vn -0.3579 0.8823 0.3056
vn -0.0945 0.9574 -0.2727
vn -0.0562 0.9642 0.2590
vn 0.3161 0.9125 -0.2598
vn 0.2600 0.9312 0.2556
vn 0.6310 0.7411 -0.2293
vn 0.5162 0.8107 0.2762
vn 0.8514 0.5156 -0.0961
vn 0.6759 0.6256 0.3896
vn 0.9806 0.1834 0.0694
vn 0.7760 0.3409 0.5306
vn 0.9741 -0.1604 0.1595
vn 0.7684 0.1100 0.6304
vn 0.8393 -0.4355 0.3254
vn 0.6446 -0.1047 0.7573
vn 0.5557 -0.7013 0.4465
vn 0.4281 -0.2867 0.8571
vn 0.1214 -0.8361 0.5350
vn 0.0854 -0.3759 0.9227
vn -0.2808 -0.8341 0.4747
vn -0.2281 -0.3315 0.9154
vn -0.5992 -0.6709 0.4368
vn -0.5004 -0.2717 0.8220
vn -0.8667 -0.3729 0.3314
vn -0.6937 -0.0828 0.7155
vn -0.7109 0.2449 0.6593
vn -0.9869 -0.0426 0.1554
vn -0.9974 -0.0242 0.0674
vn -0.9191 -0.3398 0.1993
vn -0.9838 -0.1713 0.0522
vn -0.7058 -0.6275 0.3288
vn -0.8568 -0.4793 0.1903
vn -0.6100 -0.7396 0.2846
vn -0.2646 -0.9002 0.3459
vn -0.3709 -0.8255 0.4254
vn 0.0287 -0.8985 0.4381
vn 0.1515 -0.9229 0.3540
vn 0.4304 -0.8076 0.4032
vn 0.5402 -0.7890 0.2925
vn 0.7551 -0.5826 0.3006
vn 0.8305 -0.5296 0.1725
vn 0.9499 -0.2641 0.1675
vn 0.9784 -0.2048 0.0280
vn 0.9987 0.0512 0.0061
vn 0.9861 0.1307 -0.1024
vn 0.9159 0.3819 -0.1239
vn 0.8575 0.4511 -0.2473
vn 0.7069 0.6681 -0.2322
vn 0.6174 0.7062 -0.3466
vn 0.3743 0.8705 -0.3195
vn 0.2670 0.8609 -0.4331
vn -0.0324 0.9364 -0.3494
vn -0.1568 0.8871 -0.4342
vn -0.4194 0.7868 0.4529
vn -0.6128 0.7874 0.0664
vn -0.6128 0.4862 0.6230
vn -0.9573 0.1717 0.2327
vn -0.8561 0.5073 0.0988
vn -0.9311 -0.1500 0.3324
vn -0.9659 0.2420 0.0920
vn -0.7661 0.6345 -0.1021
vn -0.9455 0.3183 -0.0688
vn -0.8143 0.5623 -0.1440
vn -0.4705 0.6883 0.5521
vn -0.9794 0.1951 -0.0524
vn -0.9933 -0.0683 0.0934
vn -0.9951 -0.0772 0.0619
vn -0.9209 -0.3447 0.1819
vn -0.8607 -0.4402 0.2557
vn -0.7111 -0.6334 0.3050
vn -0.6227 -0.6934 0.3626
vn -0.3213 -0.8578 0.4011
vn -0.3454 -0.8297 0.4386
vn 0.0207 -0.8898 0.4559
vn 0.1547 -0.8936 0.4214
vn 0.4758 -0.7841 0.3986
vn 0.4940 -0.7844 0.3751
vn 0.7591 -0.5874 0.2807
vn 0.8075 -0.5159 0.2859
vn 0.9467 -0.2852 0.1500
vn 0.9720 -0.1920 0.1354
vn 0.9986 0.0524 -0.0040
vn 0.9889 0.1481 -0.0107
vn 0.8709 0.4542 -0.1876
vn 0.9006 0.4189 -0.1157
vn 0.7078 0.6639 -0.2412
vn 0.4149 0.7730 0.4799
vn 0.3893 0.8603 -0.3292
vn 0.2678 0.8777 0.3975
vn -0.0854 0.9333 -0.3487
vn -0.0120 0.8818 0.4714
vn -0.3011 0.8365 0.4578
vn -0.5095 0.8139 -0.2791
vn -0.4947 0.8547 -0.1575
vn -0.0929 0.9718 -0.2169
vn -0.2323 0.9618 -0.1446
vn 0.2473 0.9473 -0.2034
vn 0.5298 0.8422 -0.1006
vn 0.1177 0.9876 -0.1035
vn 0.0754 0.9135 0.3999
vn 0.7545 0.6561 0.0156
vn 0.5343 0.6587 0.5299
vn 0.6159 0.1063 0.7806
vn 0.9550 0.0150 0.2962
vn 0.4591 -0.1552 0.8747
vn 0.6324 -0.5395 0.5559
vn -0.1108 -0.7431 0.6600
vn -0.0868 -0.3313 0.9395
vn -0.5115 -0.0897 0.8546
vn -0.7568 -0.4227 0.4985
vn -0.4797 -0.6699 0.5666
vn 0.2872 -0.7386 0.6099
vn -0.6839 -0.5711 0.4541
vn -0.2380 -0.7909 0.5638
vn 0.1213 -0.8209 0.5580
vn 0.5196 -0.6981 0.4926
vn 0.7737 -0.4763 0.4177
vn 0.8747 -0.2880 0.3898
vn 0.9668 -0.0845 0.2413
vn 0.9424 0.3140 0.1149
vn 0.9743 0.2073 0.0880
vn 0.8371 0.5453 -0.0438
vn 0.6240 0.7664 -0.1525
vn -0.8952 -0.3085 0.3216
vn -0.9791 -0.0131 0.2028
vn 0.0211 0.4213 0.9067
vn 0.0186 0.4252 0.9049
vn 0.0093 0.4308 0.9024
vn 0.0091 0.4308 0.9024
vn 0.0093 0.4309 0.9024
vn 0.0109 0.4241 0.9056
vn 0.0110 0.4240 0.9056
vn 0.0099 0.4312 0.9022
vn 0.0174 0.4321 0.9017
vn 0.0183 0.4096 0.9121
vn 0.0170 0.4321 0.9016
vn 0.0177 0.4321 0.9017
vn -0.5774 0.1357 -0.8051
vn -0.6713 0.0278 -0.7406
vn -0.6867 0.6870 0.2375
vn -0.7353 0.5990 0.3170
vn -0.6717 -0.1895 -0.7162
vn -0.8153 0.4348 0.3825
vn -0.7358 -0.2279 -0.6377
vn -0.8446 0.2642 0.4657
vn -0.7648 -0.3289 -0.5540
vn -0.8503 0.1238 0.5116
vn -0.7166 -0.4487 -0.5340
vn -0.8138 -0.0026 0.5812
vn -0.6733 -0.5638 -0.4784
vn -0.7545 -0.0982 0.6489
vn -0.6085 -0.6726 -0.4212
vn -0.6681 -0.2213 0.7104
vn -0.5160 -0.7733 -0.3684
vn -0.5586 -0.3343 0.7591
vn -0.3909 -0.8547 -0.3417
vn -0.4229 -0.4293 0.7981
vn -0.2172 -0.9007 -0.3762
vn -0.3059 -0.5143 0.8012
vn -0.1070 -0.9523 -0.2856
vn -0.0855 -0.5269 0.8456
vn 0.0333 -0.9575 -0.2865
vn 0.0730 -0.5410 0.8378
vn 0.1876 -0.9456 -0.2659
vn 0.2814 -0.4879 0.8263
vn 0.3281 -0.8839 -0.3334
vn 0.4176 -0.4283 0.8014
vn 0.4634 -0.8009 -0.3793
vn 0.5644 -0.3350 0.7545
vn 0.5680 -0.7066 -0.4220
vn 0.6838 -0.2267 0.6936
vn 0.6578 -0.5885 -0.4702
vn 0.7686 -0.1212 0.6281
vn 0.7272 -0.4556 -0.5134
vn 0.8314 0.0294 0.5549
vn 0.6966 -0.3397 -0.6320
vn 0.8409 0.1205 0.5276
vn 0.7292 -0.2452 -0.6389
vn 0.8544 0.2186 0.4714
vn 0.7141 -0.0894 -0.6943
vn 0.8071 0.4542 0.3772
vn 0.6717 -0.0136 -0.7407
vn 0.7658 0.5526 0.3289
vn 0.6068 0.1191 -0.7859
vn 0.6753 0.6836 0.2771
vn 0.4854 0.1702 -0.8575
vn 0.5619 0.8021 0.2022
vn 0.3921 0.3056 -0.8677
vn 0.4185 0.8864 0.1978
vn 0.2135 0.3522 -0.9113
vn 0.3145 0.9369 0.1527
vn 0.1069 0.3990 -0.9107
vn 0.0962 0.9847 0.1455
vn -0.0627 0.4163 -0.9070
vn -0.0841 0.9824 0.1667
vn -0.2566 0.3667 -0.8942
vn -0.2225 0.9624 0.1561
vn -0.3962 0.3131 -0.8631
vn -0.3763 0.9096 0.1761
vn -0.5187 0.2130 -0.8280
vn -0.5310 0.8191 0.2173
vn -0.2074 -0.4222 -0.8825
vn -0.2265 -0.4810 -0.8469
vn -0.2135 -0.5623 -0.7989
vn -0.0955 -0.5560 -0.8256
vn -0.4647 -0.8261 -0.3187
vn -0.6639 -0.6322 -0.3995
vn -0.7723 -0.3991 -0.4943
vn -0.7757 -0.1552 -0.6117
vn -0.2744 -0.3280 -0.9039
vn -0.6654 0.0885 -0.7412
vn -0.1753 -0.2886 -0.9413
vn -0.4541 0.2979 -0.8397
vn -0.0826 -0.2694 -0.9595
vn -0.1539 0.4121 -0.8980
vn -0.0035 -0.2250 -0.9744
vn 0.1719 0.4012 -0.8997
vn 0.1021 -0.1930 -0.9759
vn 0.4549 0.3069 -0.8360
vn 0.1318 -0.2980 -0.9454
vn 0.6691 0.1171 -0.7339
vn 0.2471 -0.3093 -0.9183
vn 0.7684 -0.1229 -0.6280
vn 0.2171 -0.4053 -0.8880
vn 0.7644 -0.3855 -0.5168
vn 0.1994 -0.4714 -0.8591
vn 0.6473 -0.6379 -0.4172
vn 0.1188 -0.5274 -0.8413
vn 0.4295 -0.8349 -0.3442
vn 0.0884 -0.6219 -0.7781
vn 0.1313 -0.9458 -0.2969
vn -0.0187 -0.5973 -0.8018
vn -0.1745 -0.9447 -0.2776
vn -0.7119 -0.6927 -0.1156
vn 0.2295 -0.9035 -0.3621
vn 0.7531 -0.2446 -0.6108
vn 0.6455 0.4507 -0.6165
vn 0.4054 0.6236 -0.6684
vn 0.1888 0.3225 -0.9276
vn -0.0349 -0.4833 -0.8747
vn -0.7948 0.6057 -0.0382
vn -0.6282 0.6964 0.3470
vn -0.6028 -0.7970 -0.0388
vn -0.3457 -0.9353 0.0759
vn -0.2538 -0.4288 0.8670
vn 0.4275 -0.9032 -0.0388
vn 0.3993 -0.3660 0.8406
vn 0.9342 -0.1232 -0.3347
vn 0.8666 0.1835 -0.4641
vn 0.2600 0.9312 0.2555
vn 0.5167 0.8098 0.2781
vn 0.6757 0.6258 0.3897
vn 0.0854 -0.3760 0.9227
vn -0.2281 -0.3315 0.9155
vn -0.8666 -0.3729 0.3314
vn -0.6937 -0.0827 0.7155
vn -0.7109 0.2449 0.6592
vn -0.9191 -0.3398 0.1992
vn -0.6128 0.4861 0.6230
vn -0.9659 0.2419 0.0920
vn -0.8133 0.5628 -0.1476
vn -0.4512 0.6989 0.5549
vn 0.1547 -0.8936 0.4213
vn 0.8075 -0.5160 0.2859
vn 0.9466 -0.2853 0.1500
vn 0.8899 0.4254 -0.1645
vn 0.7099 0.6642 -0.2343
vn 0.3934 0.7589 0.5189
vn 0.3860 0.8632 -0.3253
vn 0.2425 0.8932 0.3786
vn -0.0881 0.9318 -0.3521
vn -0.0322 0.8740 0.4849
vn -0.3141 0.8430 0.4367
vn -0.5097 0.8113 -0.2864
vn -0.4946 0.8547 -0.1575
vn 0.0754 0.9135 0.3998
vn 0.5342 0.6587 0.5299
vn 0.4591 -0.1551 0.8748
vn -0.5115 -0.0898 0.8546
vn 0.7737 -0.4764 0.4177
vn 0.0221 0.4188 0.9078
vn 0.0186 0.4251 0.9049
vn 0.0109 0.4240 0.9056
vn 0.0110 0.4241 0.9056
vn 0.0184 0.4096 0.9121
vn 0.0169 0.4321 0.9016
vn 0.0177 0.4320 0.9017
vn -0.6733 -0.5637 -0.4785
vn -0.5160 -0.7733 -0.3683
vn -0.4229 -0.4293 0.7980
vn -0.1070 -0.9524 -0.2856
vn -0.0855 -0.5270 0.8456
vn 0.1877 -0.9456 -0.2659
vn 0.3281 -0.8839 -0.3333
vn 0.4175 -0.4283 0.8014
vn 0.5644 -0.3351 0.7544
vn 0.6577 -0.5885 -0.4702
vn 0.7686 -0.1213 0.6281
vn 0.7273 -0.4555 -0.5134
vn 0.8409 0.1204 0.5275
vn 0.8544 0.2185 0.4714
vn 0.6716 -0.0136 -0.7407
vn 0.7658 0.5526 0.3288
vn 0.6753 0.6835 0.2771
vn 0.4854 0.1702 -0.8576
vn 0.3145 0.9369 0.1526
vn -0.2136 -0.5623 -0.7989
vn -0.0955 -0.5560 -0.8257
vn -0.7723 -0.3991 -0.4942
vn -0.1753 -0.2885 -0.9413
vn -0.1540 0.4121 -0.8980
vn -0.0035 -0.2250 -0.9743
vn 0.4549 0.3070 -0.8360
vn 0.1318 -0.2979 -0.9454
vn 0.4295 -0.8349 -0.3441
vn 0.0884 -0.6220 -0.7780
vn 0.3839 0.9057 -0.1798
vn 0.6476 0.6113 0.4549
vn 0.3229 0.9333 -0.1570
vn 0.6232 0.6101 0.4893
vn 0.5849 -0.4580 0.6695
vn 0.8147 0.3769 0.4407
vn 0.0316 0.7816 0.6230
vn -0.0053 0.9837 -0.1795
vn -0.0346 0.7817 0.6227
vn 0.0128 0.9950 -0.0991
vn 0.2025 0.3596 0.9109
vn -0.0983 0.4233 0.9006
vn 0.9798 0.1461 0.1367
vn 0.7902 0.4818 -0.3787
vn 0.7299 -0.1701 0.6621
vn 0.4311 0.2255 0.8737
vn 0.6479 0.5922 0.4790
vn 0.5259 0.8346 -0.1637
vn 1.0000 0.0014 0.0075
vn 0.5653 -0.7921 0.2302
vn 0.5915 -0.1241 -0.7967
vn 0.0013 -0.7793 -0.6267
vn 0.5664 -0.7940 0.2210
vn 0.0013 -0.7794 -0.6265
vn -0.5656 -0.7953 0.2183
vn 0.5918 -0.1256 -0.7963
vn -0.5844 -0.1263 -0.8016
vn 0.3334 -0.9038 0.2684
vn 0.3107 0.5906 -0.7447
vn -0.1184 0.8850 -0.4503
vn -0.3829 0.9231 -0.0355
vn -0.6534 0.5923 0.4714
vn -0.6308 0.6410 0.4373
vn -0.1420 -0.4593 0.8769
vn -0.7170 0.4579 0.5256
vn -0.7879 0.4842 -0.3806
vn -0.9822 0.1510 0.1120
vn -0.7537 -0.1592 0.6377
vn -0.4722 0.1928 0.8602
vn -0.6528 0.5944 0.4696
vn -0.5272 0.8332 -0.1669
vn -1.0000 -0.0014 -0.0075
vn -0.5652 -0.7930 0.2274
vn -0.5842 -0.1257 -0.8018
vn -0.8336 0.5177 -0.1925
vn -0.3487 -0.8578 -0.3776
vn -0.0879 -0.4407 0.8933
vn 0.0980 -0.4159 0.9041
vn 0.0104 0.5580 -0.8297
vn 0.0331 0.5122 -0.8582
vn 0.0011 -0.4232 0.9060
vn 0.3048 -0.0979 0.9474
vn 0.0000 -0.9801 -0.1983
vn 0.0000 0.5097 -0.8604
vn 0.0019 -0.6567 0.7542
vn 0.0000 -0.3720 0.9283
vn 0.0000 0.8580 -0.5136
vn 0.0000 0.5129 -0.8584
vn -0.0331 0.5149 -0.8566
vn -0.0393 0.4755 -0.8788
vn -0.2806 -0.1844 0.9419
vn -0.3884 -0.4136 0.8234
vn 0.0172 -0.4083 0.9127
vn -0.3854 0.3899 -0.8363
vn -0.1786 0.2404 -0.9541
vn 0.0000 -0.3672 0.9301
vn 0.0000 -0.8379 0.5459
vn 0.0000 -0.3930 0.9195
vn -0.0451 -0.3398 0.9394
vn -0.0439 0.4241 -0.9046
vn 0.0224 0.4243 -0.9052
vn 0.0000 0.9762 0.2169
vn -0.0173 -0.4114 0.9113
vn 0.1485 0.7377 -0.6586
vn 0.0000 0.5091 -0.8607
vn 0.1602 0.1558 -0.9747
vn 0.6355 0.2507 0.7303
vn 0.6759 0.1823 0.7141
vn 0.7563 0.0299 0.6535
vn -0.7394 0.0528 0.6712
vn -0.7287 0.0845 0.6796
vn -0.6529 0.2036 0.7296
vn 0.0098 -0.1380 0.9904
vn -0.6097 0.2710 0.7449
vn -0.6231 0.3046 0.7204
vn -0.0192 -0.6905 -0.7231
vn -0.0191 -0.6870 -0.7264
vn -0.0177 -0.4795 -0.8774
vn -0.0098 0.1394 -0.9902
vn -0.9559 0.2814 0.0835
vn -0.9747 0.2166 0.0560
vn -0.0771 0.3563 -0.9312
vn 0.0654 0.3541 -0.9329
vn -0.0585 0.4027 -0.9135
vn 0.0485 0.4011 -0.9147
vn -0.0098 0.1381 -0.9904
vn 0.0098 -0.1387 0.9903
vn 0.7872 0.5976 0.1525
vn 0.8037 0.5771 0.1452
vn 0.7993 0.5873 0.1273
vn -0.7780 0.6112 0.1457
vn -0.7822 0.6011 0.1637
vn -0.7649 0.6211 0.1706
vn -0.0167 -0.9828 -0.1838
vn -0.0167 -0.9828 -0.1837
vn -0.0082 -0.9012 0.4333
vn -0.5408 0.2956 0.7875
vn -0.4853 0.3436 0.8040
vn -0.0082 -0.9014 0.4329
vn -0.0178 -0.4842 -0.8748
vn 0.6504 0.2833 0.7048
vn 0.5970 0.3704 0.7116
vn 0.3939 0.8859 0.2449
vn 0.5272 0.8212 0.2184
vn 0.3828 0.8904 0.2462
vn 0.5679 0.2787 0.7745
vn 0.5144 0.3283 0.7923
vn 0.2741 0.4600 0.8445
vn 0.2551 0.4651 0.8477
vn -0.2208 0.4724 0.8533
vn -0.2403 0.4677 0.8506
vn -0.7661 -0.0756 0.6383
vn -0.5690 0.3874 0.7254
vn -0.7667 -0.0733 0.6378
vn 0.9658 0.2521 0.0609
vn 0.9860 0.1645 0.0273
vn 0.9819 0.1867 0.0331
vn -0.4971 0.8365 0.2304
vn -0.3617 0.8971 0.2538
vn -0.3501 0.9014 0.2548
vn 0.7468 0.0619 0.6622
vn 0.0098 -0.1366 0.9906
vn -0.9796 0.1945 0.0503
vn -0.7702 0.6202 0.1486
vn 0.0098 -0.1358 0.9907
vn 0.7919 0.5966 0.1304
vn 0.7785 -0.0992 0.6197
vn 0.7791 -0.0972 0.6193
vn 0.0085 -0.1394 0.9902
vn 0.0097 -0.1405 0.9900
vn 0.0111 -0.1394 0.9902
vn 0.0097 -0.1404 0.9900
usemtl None
s 1
f 1/1/1 2/2/1 4/3/1
f 4/3/1 2/2/1 3/4/1
f 5/5/2 6/6/3 8/7/2
f 8/7/2 6/6/3 7/8/4
f 6/6/3 9/9/5 7/8/4
f 7/8/4 9/9/5 10/10/6
f 12/11/7 13/12/8 11/13/9
f 11/13/9 13/12/8 14/14/10
f 15/15/11 11/13/11 16/16/11
f 16/16/11 11/13/11 14/14/11
f 17/17/12 18/18/12 20/19/12
f 20/19/12 18/18/12 19/20/12
f 21/21/13 17/17/13 22/22/13
f 22/22/13 17/17/13 20/19/14
f 18/23/15 23/24/15 19/25/15
f 19/25/15 23/24/15 24/26/15
f 25/27/16 26/28/16 28/29/16
f 28/29/16 26/28/16 27/30/16
f 29/31/17 30/32/17 32/33/18
f 32/33/18 30/32/17 31/34/19
f 34/35/17 35/36/17 33/37/17
f 33/37/17 35/36/17 36/38/17
f 37/39/20 38/40/20 33/41/20
f 33/41/21 38/40/21 34/42/21
f 38/40/22 35/43/22 34/42/22
f 35/44/14 39/45/14 36/46/14
f 39/47/23 37/48/23 36/49/23
f 36/49/23 37/48/23 33/50/23
f 26/51/24 21/21/24 27/52/24
f 27/52/24 21/21/24 22/22/24
f 35/44/25 25/53/25 40/54/25
f 40/54/25 25/53/25 28/55/25
f 35/56/17 21/57/17 25/58/17
f 25/58/17 21/57/17 26/59/17
f 41/60/26 42/61/27 44/62/28
f 44/62/28 42/61/27 43/63/29
f 32/64/30 45/65/31 10/66/30
f 10/66/30 45/65/31 7/67/31
f 9/68/32 29/69/32 10/70/32
f 10/70/32 29/69/32 32/71/32
f 6/72/33 29/73/33 9/74/33
f 46/75/34 47/76/34 48/77/34
f 49/78/35 50/79/36 52/80/35
f 52/80/35 50/79/36 51/81/37
f 49/78/35 52/80/35 53/82/38
f 53/82/38 52/80/35 54/83/39
f 56/84/40 57/85/41 55/86/42
f 55/86/42 57/85/41 58/87/43
f 59/88/17 60/89/17 55/86/17
f 55/86/17 60/89/17 56/84/17
f 62/90/11 63/91/44 61/92/11
f 61/92/11 63/91/44 64/93/45
f 66/94/11 40/95/11 65/96/11
f 65/96/11 40/95/11 67/97/11
f 68/98/46 65/99/46 69/100/20
f 69/100/20 65/99/46 67/101/20
f 69/100/47 67/101/47 40/102/47
f 40/54/14 66/103/14 70/104/14
f 70/105/23 66/106/23 68/107/23
f 68/107/23 66/106/23 65/108/23
f 16/16/24 60/89/24 15/15/24
f 15/15/24 60/89/24 59/88/24
f 52/109/48 51/110/48 71/111/48
f 71/111/48 51/110/48 46/112/48
f 72/113/49 73/114/50 75/115/51
f 75/115/51 73/114/50 74/116/52
f 63/117/31 54/118/31 71/111/31
f 71/111/31 54/118/31 52/109/31
f 62/119/32 53/120/32 63/121/32
f 63/121/32 53/120/32 54/122/32
f 49/123/53 53/124/53 62/125/53
f 4/126/24 3/127/54 77/128/24
f 77/128/24 3/127/54 76/129/54
f 3/130/55 2/131/56 76/132/55
f 76/132/55 2/131/56 78/133/56
f 46/134/24 79/135/24 47/136/57
f 47/136/57 79/135/24 80/137/57
f 78/133/58 2/131/59 81/138/60
f 48/139/61 82/140/24 83/141/62
f 84/142/63 57/143/64 86/144/63
f 86/144/63 57/143/64 85/145/64
f 13/146/63 87/147/63 89/148/63
f 89/148/63 87/147/63 88/149/63
f 85/145/65 90/150/65 86/144/66
f 86/144/66 90/150/65 91/151/67
f 89/148/68 88/149/69 93/152/68
f 93/152/68 88/149/69 92/153/70
f 94/154/71 95/155/72 92/153/73
f 92/153/73 95/155/72 93/152/74
f 97/156/75 98/157/75 96/158/75
f 96/158/75 98/157/75 99/159/75
f 96/158/76 99/159/76 94/154/76
f 94/154/76 99/159/76 95/155/76
f 100/160/77 91/151/78 101/161/79
f 101/161/79 91/151/78 90/150/80
f 102/162/81 103/163/81 105/164/81
f 105/164/81 103/163/81 104/165/81
f 103/163/82 100/160/82 104/165/83
f 104/165/83 100/160/82 101/161/83
f 13/166/84 89/167/85 14/168/86
f 14/168/86 89/167/85 93/169/87
f 14/168/88 93/169/88 95/170/88
f 14/168/89 95/170/90 99/171/91
f 16/172/92 14/168/89 98/173/93
f 98/173/93 14/168/89 99/171/91
f 57/174/94 56/175/95 85/176/96
f 85/176/96 56/175/95 90/177/97
f 56/175/98 101/178/98 90/177/98
f 60/179/99 104/180/100 56/175/101
f 56/175/101 104/180/100 101/178/102
f 60/179/99 105/181/103 104/180/100
f 106/182/24 107/183/24 109/184/24
f 109/184/24 107/183/24 108/185/24
f 107/183/24 110/186/24 108/185/24
f 108/185/24 110/186/24 111/187/24
f 110/186/24 112/188/24 111/187/24
f 111/187/24 112/188/24 113/189/24
f 115/190/24 113/189/24 114/191/24
f 114/191/24 113/189/24 112/188/24
f 116/192/24 117/193/24 109/184/24
f 109/184/24 117/193/24 106/182/24
f 16/172/92 98/173/93 117/194/104
f 105/181/103 60/179/99 116/195/105
f 60/179/99 16/172/92 116/195/105
f 116/195/105 16/172/92 117/194/104
f 47/196/55 80/197/55 48/198/55
f 48/198/55 80/197/55 82/199/55
f 45/200/106 32/33/107 119/201/108
f 119/201/108 32/33/107 118/202/109
f 120/203/110 121/204/111 123/205/112
f 123/205/112 121/204/111 122/206/113
f 124/207/114 125/208/115 127/209/116
f 127/209/116 125/208/115 126/210/117
f 128/211/118 129/212/119 131/213/120
f 131/213/120 129/212/119 130/214/121
f 132/215/122 133/216/123 135/217/124
f 135/217/124 133/216/123 134/218/125
f 137/219/126 138/220/127 136/221/128
f 136/221/128 138/220/127 139/222/129
f 121/204/111 140/223/130 122/206/113
f 122/206/113 140/223/130 31/34/19
f 125/208/115 120/203/110 126/210/117
f 126/210/117 120/203/110 123/205/112
f 129/212/119 124/207/114 130/214/121
f 130/214/121 124/207/114 127/209/116
f 133/216/123 128/211/118 134/218/125
f 134/218/125 128/211/118 131/213/120
f 141/224/131 136/221/128 142/225/132
f 142/225/132 136/221/128 139/222/129
f 138/220/127 137/219/126 135/217/124
f 135/217/124 137/219/126 132/215/122
f 1/1/133 45/200/106 2/2/134
f 2/2/134 45/200/106 119/201/108
f 41/60/135 143/226/136 145/227/137
f 145/227/137 143/226/136 144/228/138
f 143/226/136 146/229/139 144/228/138
f 144/228/138 146/229/139 147/230/140
f 148/231/141 149/232/142 151/233/143
f 151/233/143 149/232/142 150/234/144
f 149/232/142 152/235/145 150/234/144
f 150/234/144 152/235/145 153/236/146
f 154/237/147 155/238/148 157/239/149
f 157/239/149 155/238/148 156/240/150
f 158/241/151 159/242/152 161/243/153
f 161/243/153 159/242/152 160/244/154
f 162/245/155 163/246/156 165/247/157
f 165/247/157 163/246/156 164/248/158
f 166/249/159 167/250/160 169/251/161
f 169/251/161 167/250/160 168/252/162
f 170/253/163 171/254/164 173/255/165
f 173/255/165 171/254/164 172/256/166
f 148/231/141 151/233/143 175/257/167
f 175/257/167 151/233/143 174/258/168
f 176/259/169 158/241/151 177/260/170
f 177/260/170 158/241/151 161/243/153
f 159/242/152 162/245/155 160/244/154
f 160/244/154 162/245/155 165/247/157
f 163/246/156 166/249/159 164/248/158
f 164/248/158 166/249/159 169/251/161
f 167/250/160 170/253/163 168/252/162
f 168/252/162 170/253/163 173/255/165
f 151/233/143 178/261/171 174/258/168
f 174/258/168 178/261/171 179/262/172
f 171/254/164 148/231/141 172/256/166
f 172/256/166 148/231/141 175/257/167
f 147/230/140 146/229/139 181/263/173
f 181/263/173 146/229/139 180/264/174
f 136/221/128 141/224/131 153/236/146
f 153/236/146 141/224/131 182/265/175
f 152/235/145 137/219/126 153/236/146
f 153/236/146 137/219/126 136/221/128
f 137/219/126 152/235/145 132/215/122
f 132/215/122 152/235/145 183/266/176
f 133/216/123 132/215/122 184/267/177
f 184/267/177 132/215/122 183/266/176
f 128/211/118 133/216/123 185/268/178
f 185/268/178 133/216/123 184/267/177
f 129/212/119 128/211/118 186/269/179
f 186/269/179 128/211/118 185/268/178
f 124/207/114 129/212/119 187/270/180
f 187/270/180 129/212/119 186/269/179
f 125/208/115 124/207/114 188/271/181
f 188/271/181 124/207/114 187/270/180
f 120/203/110 125/208/115 189/272/182
f 189/272/182 125/208/115 188/271/181
f 121/204/111 120/203/110 190/273/183
f 190/273/183 120/203/110 189/272/182
f 140/223/130 121/204/111 191/274/184
f 191/274/184 121/204/111 190/273/183
f 193/275/17 194/276/185 192/277/17
f 192/277/17 194/276/185 42/61/186
f 192/277/17 41/60/135 195/278/17
f 195/278/17 41/60/135 145/227/137
f 176/259/169 196/279/187 158/241/151
f 158/241/151 196/279/187 197/280/188
f 196/279/187 191/274/184 197/280/188
f 197/280/188 191/274/184 190/273/183
f 194/276/185 198/281/189 42/61/186
f 42/61/186 198/281/189 199/282/190
f 198/281/189 155/238/148 199/282/190
f 199/282/190 155/238/148 154/237/147
f 197/280/188 200/283/191 158/241/151
f 158/241/151 200/283/191 159/242/152
f 190/273/183 189/272/182 197/280/188
f 197/280/188 189/272/182 200/283/191
f 200/283/191 201/284/192 159/242/152
f 159/242/152 201/284/192 162/245/155
f 189/272/182 188/271/181 200/283/191
f 200/283/191 188/271/181 201/284/192
f 201/284/192 202/285/193 162/245/155
f 162/245/155 202/285/193 163/246/156
f 188/271/181 187/270/180 201/284/192
f 201/284/192 187/270/180 202/285/193
f 163/246/156 202/285/193 166/249/159
f 166/249/159 202/285/193 203/286/194
f 202/285/193 187/270/180 203/286/194
f 203/286/194 187/270/180 186/269/179
f 203/286/194 204/287/195 166/249/159
f 166/249/159 204/287/195 167/250/160
f 186/269/179 185/268/178 203/286/194
f 203/286/194 185/268/178 204/287/195
f 204/287/195 205/288/196 167/250/160
f 167/250/160 205/288/196 170/253/163
f 185/268/178 184/267/177 204/287/195
f 204/287/195 184/267/177 205/288/196
f 205/288/196 206/289/197 170/253/163
f 170/253/163 206/289/197 171/254/164
f 184/267/177 183/266/176 205/288/196
f 205/288/196 183/266/176 206/289/197
f 171/254/164 206/289/197 148/231/141
f 148/231/141 206/289/197 149/232/142
f 206/289/197 183/266/176 149/232/142
f 149/232/142 183/266/176 152/235/145
f 207/290/198 150/234/144 182/265/175
f 182/265/175 150/234/144 153/236/146
f 178/261/171 151/233/143 207/290/198
f 207/290/198 151/233/143 150/234/144
f 208/291/199 8/7/2 209/292/17
f 11/293/16 15/294/16 210/295/16
f 210/295/16 15/294/16 5/296/200
f 122/206/113 31/34/19 211/297/17
f 211/297/17 31/34/19 30/32/17
f 123/205/112 122/206/113 212/298/17
f 212/298/17 122/206/113 211/297/17
f 126/210/117 123/205/112 213/299/17
f 213/299/17 123/205/112 212/298/17
f 127/209/116 126/210/117 214/300/17
f 214/300/17 126/210/117 213/299/17
f 130/214/121 127/209/116 215/301/17
f 215/301/17 127/209/116 214/300/17
f 131/213/120 130/214/121 216/302/17
f 216/302/17 130/214/121 215/301/17
f 134/218/125 131/213/120 217/303/17
f 217/303/17 131/213/120 216/302/17
f 135/217/124 134/218/125 218/304/17
f 218/304/17 134/218/125 217/303/17
f 219/305/17 138/220/127 218/304/17
f 218/304/17 138/220/127 135/217/124
f 138/220/127 219/305/17 139/222/129
f 139/222/129 219/305/17 220/306/17
f 142/225/132 139/222/129 221/307/17
f 221/307/17 139/222/129 220/306/17
f 210/308/201 5/5/2 208/291/199
f 208/291/199 5/5/2 8/7/2
f 222/309/16 223/310/16 11/293/16
f 223/311/202 222/312/203 225/313/204
f 225/313/204 222/312/203 224/314/205
f 226/315/206 223/311/202 227/316/207
f 227/316/207 223/311/202 225/313/204
f 11/293/16 223/310/16 12/317/208
f 12/317/208 223/310/16 226/318/209
f 228/319/210 210/308/201 229/320/211
f 229/320/211 210/308/201 208/291/199
f 11/293/16 210/295/16 228/321/16
f 222/312/203 228/319/210 224/314/205
f 224/314/205 228/319/210 229/320/211
f 11/293/16 228/321/16 222/309/16
f 226/315/206 227/316/207 12/11/212
f 12/11/212 227/316/207 230/322/213
f 231/323/214 39/45/215 232/324/216
f 232/324/216 39/45/215 70/104/215
f 233/325/217 231/323/214 234/326/217
f 234/326/217 231/323/214 232/324/216
f 235/327/218 233/325/217 236/328/218
f 236/328/218 233/325/217 234/326/217
f 237/329/219 235/327/218 238/330/219
f 238/330/219 235/327/218 236/328/218
f 239/331/220 237/329/219 240/332/220
f 240/332/220 237/329/219 238/330/219
f 241/333/221 239/331/220 242/334/221
f 242/334/221 239/331/220 240/332/220
f 243/335/222 241/333/221 244/336/222
f 244/336/222 241/333/221 242/334/221
f 245/337/223 243/335/222 246/338/223
f 246/338/223 243/335/222 244/336/222
f 247/339/224 245/337/223 248/340/225
f 248/340/225 245/337/223 246/338/223
f 249/341/226 247/339/224 250/342/227
f 250/342/227 247/339/224 248/340/225
f 251/343/228 252/344/228 250/342/227
f 250/342/227 252/344/228 249/341/226
f 34/345/229 29/73/229 253/346/230
f 253/346/230 29/73/229 6/72/231
f 30/347/232 33/348/233 211/349/234
f 23/350/235 253/346/230 5/296/200
f 5/296/200 253/346/230 6/72/231
f 17/351/17 253/352/17 18/353/17
f 18/353/17 253/352/17 23/354/17
f 34/355/17 253/352/17 21/57/17
f 21/57/17 253/352/17 17/351/17
f 37/356/17 39/357/17 254/358/17
f 254/358/17 39/357/17 231/359/17
f 254/358/17 231/359/17 255/360/17
f 255/360/17 231/359/17 233/361/17
f 256/362/17 255/360/17 235/363/17
f 235/363/17 255/360/17 233/361/17
f 257/364/17 256/362/17 237/365/17
f 237/365/17 256/362/17 235/363/17
f 258/366/17 257/364/17 239/367/17
f 239/367/17 257/364/17 237/365/17
f 259/368/17 258/366/17 241/369/17
f 241/369/17 258/366/17 239/367/17
f 259/368/17 241/369/17 260/370/17
f 260/370/17 241/369/17 243/371/17
f 260/370/17 243/371/17 261/372/17
f 261/372/17 243/371/17 245/373/17
f 262/374/17 261/372/17 247/375/17
f 247/375/17 261/372/17 245/373/17
f 263/376/17 262/374/17 249/377/17
f 249/377/17 262/374/17 247/375/17
f 264/378/17 263/376/17 252/379/17
f 252/379/17 263/376/17 249/377/17
f 35/56/17 34/355/17 21/57/17
f 32/33/18 31/34/19 118/202/236
f 118/202/236 31/34/19 140/223/130
f 265/380/237 118/202/236 191/274/184
f 191/274/184 118/202/236 140/223/130
f 191/274/184 196/279/187 265/380/237
f 265/380/237 196/279/187 266/381/238
f 196/279/187 176/259/169 266/381/238
f 266/381/238 176/259/169 267/382/239
f 267/382/239 176/259/169 268/383/240
f 268/383/240 176/259/169 177/260/170
f 39/45/215 35/44/241 70/104/215
f 70/104/215 35/44/241 40/54/13
f 29/73/229 34/345/229 30/347/232
f 30/347/232 34/345/229 33/348/233
f 211/349/234 33/348/233 254/384/242
f 254/384/242 33/348/233 37/385/243
f 212/386/244 211/349/234 255/387/244
f 255/387/244 211/349/234 254/384/242
f 213/388/245 212/386/244 256/389/245
f 256/389/245 212/386/244 255/387/244
f 214/390/246 213/388/245 257/391/246
f 257/391/246 213/388/245 256/389/245
f 215/392/247 214/390/246 258/393/247
f 258/393/247 214/390/246 257/391/246
f 216/394/248 215/392/247 259/395/248
f 259/395/248 215/392/247 258/393/247
f 217/396/249 216/394/248 260/397/249
f 260/397/249 216/394/248 259/395/248
f 218/398/250 217/396/249 261/399/251
f 261/399/251 217/396/249 260/397/249
f 261/399/251 262/400/252 218/398/250
f 218/398/250 262/400/252 219/401/252
f 262/400/252 263/402/253 219/401/252
f 219/401/252 263/402/253 220/403/254
f 221/404/255 220/403/254 264/405/255
f 264/405/255 220/403/254 263/402/253
f 7/67/256 45/65/256 8/406/48
f 8/406/48 45/65/256 1/407/48
f 1/407/48 4/408/56 8/406/48
f 8/406/48 4/408/56 209/409/56
f 92/410/257 225/411/258 94/412/259
f 94/412/259 225/411/258 224/413/260
f 88/414/261 227/415/262 92/410/257
f 92/410/257 227/415/262 225/411/258
f 96/416/263 229/417/264 97/418/265
f 97/418/265 229/417/264 208/419/266
f 94/412/259 224/413/260 96/416/263
f 96/416/263 224/413/260 229/417/264
f 87/420/267 230/421/268 88/414/261
f 88/414/261 230/421/268 227/415/262
f 87/422/269 13/12/270 230/322/213
f 230/322/213 13/12/270 12/11/212
f 81/138/60 145/423/271 269/424/272
f 269/424/272 145/423/271 144/425/273
f 270/426/274 269/424/272 147/427/275
f 147/427/275 269/424/272 144/425/273
f 119/428/276 118/429/277 192/430/278
f 192/430/278 118/429/277 193/431/277
f 2/432/279 119/428/276 195/433/279
f 195/433/279 119/428/276 192/430/278
f 2/131/59 195/434/280 81/138/60
f 81/138/60 195/434/280 145/423/271
f 118/435/281 265/436/282 193/437/283
f 193/437/283 265/436/282 194/438/284
f 265/436/282 266/439/285 194/438/284
f 194/438/284 266/439/285 198/440/286
f 266/439/285 267/441/287 198/440/286
f 198/440/286 267/441/287 155/442/288
f 155/442/288 267/441/287 156/443/289
f 156/443/289 267/441/287 268/444/290
f 41/60/135 192/277/17 42/61/186
f 43/63/291 271/445/292 44/62/291
f 44/62/291 271/445/292 272/446/293
f 271/445/292 273/447/294 272/446/293
f 272/446/293 273/447/294 274/448/295
f 274/448/295 273/447/294 276/449/296
f 276/449/296 273/447/294 275/450/297
f 199/282/298 271/445/299 42/61/300
f 42/61/300 271/445/299 43/63/301
f 143/226/302 41/60/303 272/446/304
f 272/446/304 41/60/303 44/62/305
f 154/237/306 273/447/307 199/282/298
f 199/282/298 273/447/307 271/445/299
f 146/229/308 143/226/302 274/448/309
f 274/448/309 143/226/302 272/446/304
f 273/447/307 154/237/306 275/450/310
f 275/450/310 154/237/306 157/239/311
f 71/451/312 277/452/313 63/91/314
f 63/91/314 277/452/313 278/453/315
f 279/454/316 280/455/317 282/456/318
f 282/456/318 280/455/317 281/457/319
f 283/458/320 284/459/321 286/460/322
f 286/460/322 284/459/321 285/461/323
f 287/462/324 288/463/325 290/464/326
f 290/464/326 288/463/325 289/465/327
f 291/466/328 292/467/329 294/468/330
f 294/468/330 292/467/329 293/469/331
f 296/470/332 297/471/333 295/472/334
f 295/472/334 297/471/333 298/473/335
f 282/456/318 281/457/319 299/474/336
f 299/474/336 281/457/319 64/93/45
f 286/460/322 285/461/323 279/454/316
f 279/454/316 285/461/323 280/455/317
f 290/464/326 289/465/327 283/458/320
f 283/458/320 289/465/327 284/459/321
f 294/468/330 293/469/331 287/462/324
f 287/462/324 293/469/331 288/463/325
f 300/475/337 301/476/338 295/472/334
f 295/472/334 301/476/338 296/470/332
f 291/466/328 298/473/335 292/467/329
f 292/467/329 298/473/335 297/471/333
f 46/75/339 48/77/340 71/451/312
f 71/451/312 48/77/340 277/452/313
f 72/113/341 302/477/342 304/478/343
f 304/478/343 302/477/342 303/479/344
f 304/478/343 303/479/344 180/264/174
f 180/264/174 303/479/344 181/263/173
f 175/257/167 174/258/168 306/480/345
f 306/480/345 174/258/168 305/481/346
f 306/480/345 305/481/346 308/482/347
f 308/482/347 305/481/346 307/483/348
f 309/484/349 300/475/337 307/483/348
f 307/483/348 300/475/337 295/472/334
f 308/482/347 307/483/348 298/473/335
f 298/473/335 307/483/348 295/472/334
f 310/485/350 308/482/347 291/466/328
f 291/466/328 308/482/347 298/473/335
f 310/485/350 291/466/328 311/486/351
f 311/486/351 291/466/328 294/468/330
f 311/486/351 294/468/330 312/487/352
f 312/487/352 294/468/330 287/462/324
f 312/487/352 287/462/324 313/488/353
f 313/488/353 287/462/324 290/464/326
f 313/488/353 290/464/326 314/489/354
f 314/489/354 290/464/326 283/458/320
f 314/489/354 283/458/320 315/490/355
f 315/490/355 283/458/320 286/460/322
f 315/490/355 286/460/322 316/491/356
f 316/491/356 286/460/322 279/454/316
f 316/491/356 279/454/316 317/492/357
f 317/492/357 279/454/316 282/456/318
f 317/492/357 282/456/318 318/493/358
f 318/493/358 282/456/318 299/474/336
f 75/115/359 320/494/360 319/495/11
f 319/495/11 320/494/360 321/496/11
f 302/477/342 72/113/341 322/497/11
f 322/497/11 72/113/341 319/495/11
f 177/260/170 161/243/153 324/498/361
f 324/498/361 161/243/153 323/499/362
f 324/498/361 323/499/362 318/493/358
f 318/493/358 323/499/362 317/492/357
f 320/494/360 75/115/359 326/500/363
f 326/500/363 75/115/359 325/501/364
f 326/500/363 325/501/364 156/240/150
f 156/240/150 325/501/364 157/239/149
f 160/244/154 327/502/365 161/243/153
f 161/243/153 327/502/365 323/499/362
f 327/502/365 316/491/356 323/499/362
f 323/499/362 316/491/356 317/492/357
f 165/247/157 328/503/366 160/244/154
f 160/244/154 328/503/366 327/502/365
f 328/503/366 315/490/355 327/502/365
f 327/502/365 315/490/355 316/491/356
f 164/248/158 329/504/367 165/247/157
f 165/247/157 329/504/367 328/503/366
f 329/504/367 314/489/354 328/503/366
f 328/503/366 314/489/354 315/490/355
f 164/248/158 169/251/161 329/504/367
f 329/504/367 169/251/161 330/505/368
f 329/504/367 330/505/368 314/489/354
f 314/489/354 330/505/368 313/488/353
f 168/252/162 331/506/369 169/251/161
f 169/251/161 331/506/369 330/505/368
f 331/506/369 312/487/352 330/505/368
f 330/505/368 312/487/352 313/488/353
f 173/255/165 332/507/370 168/252/162
f 168/252/162 332/507/370 331/506/369
f 332/507/370 311/486/351 331/506/369
f 331/506/369 311/486/351 312/487/352
f 172/256/166 333/508/371 173/255/165
f 173/255/165 333/508/371 332/507/370
f 333/508/371 310/485/350 332/507/370
f 332/507/370 310/485/350 311/486/351
f 172/256/166 175/257/167 333/508/371
f 333/508/371 175/257/167 306/480/345
f 333/508/371 306/480/345 310/485/350
f 310/485/350 306/480/345 308/482/347
f 307/483/348 305/481/346 309/484/349
f 309/484/349 305/481/346 334/509/372
f 305/481/346 174/258/168 334/509/372
f 334/509/372 174/258/168 179/262/172
f 59/510/16 335/511/16 50/512/373
f 281/457/319 336/513/11 64/93/45
f 64/93/45 336/513/11 61/92/11
f 280/455/317 337/514/11 281/457/319
f 281/457/319 337/514/11 336/513/11
f 285/461/323 338/515/11 280/455/317
f 280/455/317 338/515/11 337/514/11
f 284/459/321 339/516/11 285/461/323
f 285/461/323 339/516/11 338/515/11
f 289/465/327 340/517/11 284/459/321
f 284/459/321 340/517/11 339/516/11
f 288/463/325 341/518/11 289/465/327
f 289/465/327 341/518/11 340/517/11
f 293/469/331 342/519/11 288/463/325
f 288/463/325 342/519/11 341/518/11
f 292/467/329 343/520/11 293/469/331
f 293/469/331 343/520/11 342/519/11
f 344/521/11 343/520/11 297/471/333
f 297/471/333 343/520/11 292/467/329
f 345/522/11 344/521/11 296/470/332
f 296/470/332 344/521/11 297/471/333
f 301/476/338 346/523/11 296/470/332
f 296/470/332 346/523/11 345/522/11
f 335/524/374 347/525/375 50/79/36
f 50/79/36 347/525/375 51/81/37
f 348/526/16 55/527/16 349/528/16
f 349/529/376 350/530/377 348/531/378
f 348/531/378 350/530/377 351/532/379
f 352/533/380 353/534/381 349/529/376
f 349/529/376 353/534/381 350/530/377
f 352/535/16 349/528/16 58/536/16
f 58/536/16 349/528/16 55/527/16
f 354/537/382 355/538/383 335/524/374
f 335/524/374 355/538/383 347/525/375
f 55/527/16 354/539/16 59/510/16
f 59/510/16 354/539/16 335/511/16
f 348/531/378 351/532/379 354/537/382
f 354/537/382 351/532/379 355/538/383
f 55/527/16 348/526/16 354/539/16
f 352/533/380 58/87/384 353/534/381
f 353/534/381 58/87/384 356/540/385
f 49/123/231 62/125/53 357/541/386
f 357/541/386 62/125/53 67/542/53
f 61/543/387 336/544/234 65/545/388
f 24/546/235 50/512/373 357/541/386
f 357/541/386 50/512/373 49/123/231
f 20/547/11 19/548/11 357/549/11
f 357/549/11 19/548/11 24/550/11
f 20/547/11 357/549/11 22/551/11
f 22/551/11 357/549/11 67/552/11
f 232/553/11 70/554/11 358/555/11
f 358/555/11 70/554/11 68/556/11
f 234/557/11 232/553/11 359/558/11
f 359/558/11 232/553/11 358/555/11
f 360/559/11 236/560/11 359/558/11
f 359/558/11 236/560/11 234/557/11
f 361/561/11 238/562/11 360/559/11
f 360/559/11 238/562/11 236/560/11
f 362/563/11 240/564/11 361/561/11
f 361/561/11 240/564/11 238/562/11
f 363/565/11 242/566/11 362/563/11
f 362/563/11 242/566/11 240/564/11
f 244/567/11 242/566/11 364/568/11
f 364/568/11 242/566/11 363/565/11
f 246/569/11 244/567/11 365/570/11
f 365/570/11 244/567/11 364/568/11
f 366/571/11 248/572/11 365/570/11
f 365/570/11 248/572/11 246/569/11
f 367/573/11 250/574/11 366/571/11
f 366/571/11 250/574/11 248/572/11
f 368/575/11 251/576/11 367/573/11
f 367/573/11 251/576/11 250/574/11
f 40/577/11 22/551/11 67/552/11
f 299/474/336 64/93/45 278/453/389
f 278/453/389 64/93/45 63/91/44
f 369/578/390 318/493/358 278/453/389
f 278/453/389 318/493/358 299/474/336
f 318/493/358 369/578/390 324/498/361
f 324/498/361 369/578/390 370/579/391
f 324/498/361 370/579/391 177/260/170
f 177/260/170 370/579/391 268/383/240
f 62/125/53 61/543/392 67/542/53
f 67/542/53 61/543/387 65/545/388
f 336/544/234 358/580/242 65/545/388
f 65/545/388 358/580/242 68/581/243
f 337/582/244 359/583/244 336/544/234
f 336/544/234 359/583/244 358/580/242
f 338/584/245 360/585/245 337/582/244
f 337/582/244 360/585/245 359/583/244
f 339/586/246 361/587/246 338/584/245
f 338/584/245 361/587/246 360/585/245
f 340/588/247 362/589/247 339/586/246
f 339/586/246 362/589/247 361/587/246
f 341/590/248 363/591/248 340/588/247
f 340/588/247 363/591/248 362/589/247
f 342/592/249 364/593/249 341/590/248
f 341/590/248 364/593/249 363/591/248
f 343/594/251 365/595/250 342/592/249
f 342/592/249 365/595/250 364/593/249
f 365/595/250 343/594/251 366/596/252
f 366/596/252 343/594/251 344/597/252
f 366/596/252 344/597/252 367/598/254
f 367/598/254 344/597/252 345/599/393
f 346/600/255 368/601/255 345/599/393
f 345/599/393 368/601/255 367/598/254
f 40/577/11 28/602/11 22/551/11
f 22/551/11 28/602/11 27/603/11
f 51/604/54 347/605/394 46/134/24
f 347/605/394 102/606/395 46/134/24
f 46/134/24 102/606/395 79/135/24
f 351/607/396 350/608/397 100/609/398
f 100/609/398 350/608/397 91/610/399
f 350/608/397 353/611/400 91/610/399
f 91/610/399 353/611/400 86/612/401
f 347/605/394 355/613/402 102/606/395
f 102/606/395 355/613/402 103/614/403
f 355/613/402 351/607/396 103/614/403
f 103/614/403 351/607/396 100/609/398
f 353/611/400 356/615/404 86/612/401
f 86/612/401 356/615/404 84/616/405
f 84/617/406 356/540/385 57/85/406
f 57/85/406 356/540/385 58/87/384
f 303/618/407 302/619/408 371/620/409
f 371/620/409 302/619/408 83/141/62
f 372/621/410 181/622/411 371/620/409
f 371/620/409 181/622/411 303/618/407
f 147/427/275 181/622/411 270/426/274
f 270/426/274 181/622/411 372/621/410
f 277/623/412 319/624/413 278/625/277
f 278/625/277 319/624/413 321/626/277
f 48/627/414 322/628/415 277/623/412
f 277/623/412 322/628/415 319/624/413
f 302/619/408 322/629/416 83/141/62
f 83/141/62 322/629/416 48/139/61
f 278/630/417 321/631/418 369/632/419
f 369/632/419 321/631/418 320/633/420
f 369/632/419 320/633/420 370/634/421
f 370/634/421 320/633/420 326/635/422
f 370/634/421 326/635/422 268/444/290
f 268/444/290 326/635/422 156/443/289
f 72/113/341 75/115/359 319/495/11
f 74/116/423 73/114/423 374/636/424
f 374/636/424 73/114/423 373/637/425
f 374/636/424 373/637/425 275/450/297
f 275/450/297 373/637/425 276/449/296
f 74/116/426 374/636/427 75/115/428
f 75/115/428 374/636/427 325/501/429
f 304/478/430 373/637/431 72/113/432
f 72/113/432 373/637/431 73/114/433
f 374/636/427 275/450/310 325/501/429
f 325/501/429 275/450/310 157/239/311
f 180/264/434 276/449/435 304/478/430
f 304/478/430 276/449/435 373/637/431
f 274/448/309 276/449/435 146/229/308
f 146/229/308 276/449/435 180/264/434
f 182/638/436 309/639/436 207/640/437
f 207/640/437 309/639/436 178/641/436
f 178/641/436 309/639/436 179/642/436
f 309/639/436 334/643/437 179/642/436
f 77/644/24 97/418/265 4/645/24
f 97/418/265 208/419/266 4/645/24
f 4/645/24 208/419/266 209/646/54
f 107/647/438 106/648/438 78/649/438
f 78/649/438 106/648/438 77/650/438
f 79/651/439 109/652/440 82/653/441
f 82/653/441 109/652/440 108/654/442
f 107/647/11 78/649/11 110/655/443
f 110/655/443 78/649/11 81/656/443
f 108/654/17 111/657/444 82/653/17
f 82/653/17 111/657/444 83/658/444
f 112/659/445 110/655/443 269/660/446
f 269/660/446 110/655/443 81/656/443
f 83/658/444 111/657/444 371/661/447
f 371/661/447 111/657/444 113/662/448
f 114/663/449 112/659/445 270/664/450
f 270/664/450 112/659/445 269/660/446
f 113/662/448 115/665/451 371/661/447
f 371/661/447 115/665/451 372/666/451
f 115/665/451 114/663/449 372/666/451
f 372/666/451 114/663/449 270/664/450
f 117/667/452 77/650/453 106/648/454
f 79/651/455 116/668/456 109/652/457
f 98/157/458 97/156/459 117/667/452
f 117/667/452 97/156/459 77/650/453
f 77/650/438 76/669/438 78/649/438
f 105/164/460 116/668/456 102/162/461
f 102/162/461 116/668/456 79/651/455
f 80/670/462 79/651/439 82/653/441
f 368/671/463 264/672/464 251/673/465
f 251/673/465 264/672/464 252/674/465
f 221/675/436 264/672/464 142/676/437
f 142/676/437 264/672/464 301/677/437
f 264/672/464 368/671/463 301/677/437
f 368/671/463 346/678/436 301/677/437
f 142/676/437 301/677/437 141/679/437
f 141/679/437 301/677/437 300/680/437
f 141/679/437 300/680/437 182/638/436
f 182/638/436 300/680/437 309/639/436
f 50/512/373 24/546/235 59/510/16
f 5/296/200 15/294/16 23/350/235
f 15/294/16 59/510/16 23/350/235
f 59/510/16 24/546/235 23/350/235
f 375/681/466 376/682/467 378/683/468
f 378/683/468 376/682/467 377/684/469
f 380/685/470 381/686/471 379/687/472
f 379/687/472 381/686/471 382/688/473
f 383/689/474 384/690/474 386/691/475
f 386/691/475 384/690/474 385/692/475
f 378/693/476 381/694/476 390/695/477
f 383/696/478 386/697/478 388/698/479
f 386/697/478 389/699/480 388/698/479
f 388/698/479 389/699/480 387/700/477
f 389/699/480 390/695/477 387/700/477
f 381/694/476 387/700/477 390/695/477
f 391/701/436 392/702/436 396/703/436
f 396/703/436 392/702/436 395/704/436
f 395/704/436 392/702/436 394/705/436
f 392/702/436 393/706/481 394/705/436
f 381/694/476 378/693/476 382/707/436
f 382/707/436 378/693/476 377/708/436
f 382/707/436 377/708/436 391/701/436
f 391/701/436 377/708/436 392/702/436
f 397/709/482 398/710/482 402/711/482
f 398/710/482 399/712/483 402/711/482
f 399/712/483 400/713/482 402/711/482
f 400/713/482 401/714/482 402/711/482
f 403/715/484 404/716/485 375/717/486
f 375/717/486 404/716/485 380/718/486
f 380/718/486 379/719/487 375/717/486
f 375/717/486 379/719/487 376/720/488
f 379/719/487 397/709/482 376/720/488
f 376/720/488 397/709/482 402/711/482
f 401/721/489 393/722/489 402/723/490
f 402/723/490 393/722/489 392/724/491
f 400/725/492 394/705/493 401/726/494
f 401/726/494 394/705/493 393/706/494
f 400/725/492 399/727/495 394/705/493
f 394/705/493 399/727/495 395/704/496
f 399/727/495 398/728/497 395/704/496
f 395/704/496 398/728/497 396/703/497
f 398/729/498 397/730/499 396/731/498
f 396/731/498 397/730/499 391/732/500
f 385/733/11 405/734/11 386/735/11
f 386/735/11 405/734/11 389/736/501
f 403/737/11 375/681/11 390/738/11
f 390/738/11 375/681/11 378/683/11
f 387/739/17 381/686/17 404/740/17
f 404/740/17 381/686/17 380/685/17
f 402/723/490 392/724/491 376/682/11
f 376/682/11 392/724/491 377/684/11
f 397/730/499 379/687/17 391/732/500
f 391/732/500 379/687/17 382/688/17
f 404/740/17 406/741/17 387/739/17
f 387/739/17 406/741/17 388/742/17
f 388/742/17 406/741/17 383/743/17
f 383/743/17 406/741/17 384/744/17
f 389/736/501 405/734/11 390/738/11
f 390/738/11 405/734/11 403/737/11
f 405/745/502 406/746/503 403/715/484
f 403/715/484 406/746/503 404/716/485
f 384/690/504 406/746/503 385/692/504
f 385/692/504 406/746/503 405/745/502
f 407/747/505 408/748/505 410/749/505
f 410/749/506 408/748/506 409/750/506
f 412/751/507 413/752/508 411/753/509
f 411/753/509 413/752/508 414/754/510
f 415/755/511 416/756/512 418/757/513
f 418/757/513 416/756/512 417/758/514
f 420/759/515 421/760/516 419/761/517
f 419/761/517 421/760/516 422/762/518
f 423/763/437 412/751/436 426/764/436
f 426/764/436 412/751/436 425/765/476
f 425/765/476 412/751/436 424/766/436
f 412/751/436 411/753/519 424/766/436
f 419/761/520 416/756/520 420/759/436
f 420/759/436 416/756/520 415/755/436
f 420/759/436 415/755/436 423/763/437
f 423/763/437 415/755/436 412/751/436
f 416/756/520 419/761/520 407/747/521
f 407/747/521 419/761/520 408/748/521
f 411/753/509 414/754/510 424/766/522
f 424/766/522 414/754/510 427/767/523
f 425/765/524 424/766/522 428/768/525
f 428/768/525 424/766/522 427/767/523
f 426/764/526 425/765/524 429/769/527
f 429/769/527 425/765/524 428/768/525
f 423/763/528 426/764/526 430/770/529
f 430/770/529 426/764/526 429/769/527
f 410/771/530 417/758/514 407/747/530
f 407/747/530 417/758/514 416/756/512
f 415/755/511 418/757/513 412/751/507
f 412/751/507 418/757/513 413/752/508
f 419/761/517 422/762/518 408/748/531
f 408/748/531 422/762/518 409/772/532
f 420/759/515 423/763/528 421/760/516
f 421/760/516 423/763/528 430/770/529
f 746/773/533 782/774/534 781/775/535
f 584/776/536 663/777/536 541/778/537
f 663/777/536 504/779/536 541/778/537
f 725/780/538 723/781/539 726/782/540
f 554/783/541 553/784/541 541/778/537
f 728/785/542 727/786/542 729/787/542
f 688/788/543 728/785/544 708/789/545
f 688/788/543 699/790/546 728/785/544
f 437/791/547 554/783/541 541/778/537
f 693/792/548 536/793/549 695/794/550
f 726/782/540 723/781/539 696/795/551
f 623/796/536 598/797/536 496/798/536
f 731/799/552 431/800/553 732/801/552
f 435/802/554 479/803/555 485/804/556
f 733/805/557 486/806/558 730/807/559
f 503/808/560 722/809/561 483/810/562
f 658/811/563 535/812/564 624/813/565
f 535/812/564 433/814/566 624/813/565
f 434/815/567 722/809/561 503/808/560
f 434/815/567 502/816/568 624/813/565
f 459/817/569 460/818/570 437/819/569
f 460/818/570 438/820/571 437/819/569
f 691/821/572 535/822/573 693/792/548
f 434/823/574 692/824/575 694/825/576
f 468/826/577 446/827/577 445/828/578
f 467/829/578 445/828/578 444/830/579
f 722/831/580 434/823/574 694/825/576
f 535/822/573 536/793/549 693/792/548
f 469/832/581 447/833/582 446/827/577
f 465/834/583 466/835/584 443/836/585
f 722/809/561 757/837/586 483/810/562
f 501/838/587 432/839/588 529/840/589
f 738/841/590 740/842/591 744/843/592
f 527/844/593 506/845/594 487/846/595
f 528/847/596 527/848/597 486/849/598
f 528/847/596 486/849/598 483/850/599
f 527/848/597 484/851/597 486/849/598
f 757/852/600 528/847/596 483/850/599
f 537/853/601 649/854/602 479/803/555
f 598/797/536 627/855/536 496/798/536
f 733/805/603 732/801/604 432/839/588
f 730/807/605 480/856/606 431/800/607
f 455/857/608 714/858/609 452/859/610
f 705/860/611 714/858/609 455/857/608
f 744/843/592 740/842/591 469/832/581
f 448/861/558 781/862/558 786/863/558
f 785/864/558 448/861/558 786/863/558
f 756/865/612 448/866/613 743/867/590
f 452/868/614 449/869/615 747/870/616
f 451/871/617 470/872/618 450/873/619
f 470/872/618 458/874/620 450/873/619
f 755/875/621 754/876/622 458/874/620
f 457/877/533 456/878/533 750/879/533
f 453/880/623 456/881/624 452/868/614
f 456/881/624 455/882/625 452/868/614
f 746/773/533 470/883/533 451/884/533
f 451/871/617 450/873/619 454/885/626
f 517/886/627 464/887/558 463/888/558
f 517/886/627 516/889/628 464/887/558
f 461/890/558 508/891/629 462/892/558
f 460/893/558 509/894/630 461/890/558
f 719/895/631 721/896/632 449/897/633
f 702/898/634 705/860/611 454/899/635
f 450/900/636 702/898/634 454/899/635
f 452/859/610 719/895/631 449/897/633
f 703/901/637 702/898/634 450/900/636
f 783/902/558 778/903/558 777/904/558
f 516/889/628 521/905/638 465/906/558
f 521/905/638 520/907/639 466/908/558
f 525/909/640 468/910/558 467/911/558
f 520/907/639 525/909/640 467/911/558
f 525/909/640 524/912/641 468/910/558
f 524/912/641 741/913/642 469/914/558
f 495/915/643 497/916/644 499/917/645
f 471/918/646 626/919/647 631/920/648
f 524/912/641 469/914/558 468/910/558
f 520/907/639 467/911/558 466/908/558
f 765/921/558 783/902/558 777/904/558
f 431/800/607 480/856/606 530/922/649
f 501/838/587 733/805/603 432/839/588
f 437/791/547 504/779/536 459/923/536
f 541/778/537 504/779/536 437/791/547
f 632/924/650 637/925/651 473/926/652
f 491/927/653 492/928/654 475/929/655
f 477/930/656 478/931/657 490/932/658
f 644/933/659 482/934/660 478/931/657
f 481/935/661 487/846/595 482/934/660
f 486/806/558 484/936/558 485/937/662
f 490/932/658 489/938/663 519/939/664
f 492/928/654 515/940/665 518/941/666
f 495/915/643 514/942/667 497/916/644
f 514/942/667 507/943/668 497/916/644
f 476/944/669 491/927/653 475/929/655
f 664/945/536 505/946/536 504/779/536
f 636/947/670 475/929/655 474/948/671
f 475/929/655 492/928/654 493/949/672
f 482/934/660 488/950/673 489/938/663
f 645/951/674 478/931/657 477/930/656
f 483/952/558 486/806/558 733/805/557
f 481/935/661 482/934/660 644/933/659
f 496/953/675 498/954/676 505/955/677
f 497/916/644 507/943/668 498/954/676
f 494/956/678 511/957/679 514/942/667
f 490/932/658 519/939/664 522/958/680
f 695/794/550 724/959/681 727/786/558
f 510/960/682 509/894/630 504/961/683
f 505/955/677 510/960/682 504/961/683
f 515/940/665 522/958/680 516/889/628
f 515/940/665 516/889/628 517/886/627
f 526/962/684 523/963/685 525/909/640
f 742/964/686 527/844/687 528/965/688
f 531/966/689 533/967/690 662/968/691
f 606/969/692 763/970/693 534/971/694
f 534/971/695 533/967/696 532/972/697
f 612/973/698 611/974/699 540/975/700
f 613/976/701 612/977/597 687/978/597
f 708/979/702 597/980/703 576/981/704
f 713/982/705 580/983/706 578/984/707
f 541/985/569 542/986/708 585/987/571
f 543/988/709 586/989/709 542/986/708
f 548/990/584 549/991/578 592/992/578
f 549/991/578 550/993/577 593/994/577
f 518/941/666 515/940/665 517/886/627
f 651/995/710 606/969/692 532/972/711
f 803/996/712 724/997/713 610/998/714
f 687/999/715 612/973/698 540/975/700
f 686/1000/716 613/976/701 687/978/597
f 724/997/713 536/1001/717 660/1002/718
f 717/1003/719 713/982/705 578/984/707
f 797/1004/720 596/1005/721 801/1006/721
f 587/1007/722 586/989/709 543/988/709
f 545/1008/723 546/1009/724 589/1010/724
f 533/967/690 761/1011/725 764/1012/726
f 594/1013/581 551/1014/582 772/1015/727
f 523/963/685 524/912/641 525/909/640
f 519/939/664 520/907/639 521/905/638
f 519/939/664 526/962/684 520/907/639
f 506/845/594 741/913/642 524/912/641
f 498/954/676 510/960/682 505/955/677
f 733/805/557 501/838/728 503/1016/729
f 497/916/644 498/954/676 500/1017/730
f 507/943/668 510/960/682 498/954/676
f 491/927/653 490/932/658 522/958/680
f 491/927/653 522/958/680 515/940/665
f 489/938/663 526/962/684 519/939/664
f 492/928/654 491/927/653 515/940/665
f 628/1018/731 481/935/661 644/933/659
f 493/949/672 492/928/654 518/941/666
f 487/846/595 488/950/673 482/934/660
f 503/1016/729 483/952/558 733/805/557
f 640/1019/732 645/951/674 477/930/656
f 730/807/559 486/806/558 485/937/662
f 478/931/657 489/938/663 490/932/658
f 478/931/657 482/934/660 489/938/663
f 474/948/671 475/929/655 493/949/672
f 645/951/674 644/933/659 478/931/657
f 637/925/651 474/948/671 473/926/652
f 637/925/651 636/947/670 474/948/671
f 476/944/669 475/929/655 636/947/670
f 641/1020/733 476/944/669 636/947/670
f 771/1021/734 784/1022/734 552/1023/734
f 801/1024/735 596/1025/736 597/980/703
f 723/781/539 697/1026/737 696/795/551
f 698/1027/558 695/794/550 727/786/558
f 724/997/713 660/1002/718 610/998/714
f 610/1028/738 613/976/701 686/1000/716
f 784/1022/734 788/1029/734 552/1023/734
f 551/1030/734 574/1031/734 766/1032/734
f 698/1027/542 727/786/542 699/790/542
f 708/979/702 801/1024/735 597/980/703
f 764/1012/739 763/970/740 613/1033/734
f 763/970/693 762/1034/741 534/971/694
f 803/1035/738 610/1028/738 686/1000/716
f 540/975/700 611/974/699 539/1036/742
f 550/1037/734 572/1038/734 574/1031/734
f 551/1030/734 550/1037/734 574/1031/734
f 535/812/564 658/811/563 536/1001/717
f 658/811/563 661/1039/743 536/1001/717
f 570/1040/734 572/1038/734 550/1037/734
f 549/1041/734 570/1040/734 550/1037/734
f 709/1042/744 708/979/702 576/981/704
f 711/1043/745 709/1042/744 581/1044/746
f 547/1045/734 566/1046/734 548/1047/734
f 568/1048/734 570/1040/734 549/1041/734
f 711/1043/745 581/1044/746 580/983/706
f 584/1049/569 541/985/569 585/987/571
f 548/1047/734 568/1048/734 549/1041/734
f 566/1046/734 568/1048/734 548/1047/734
f 586/989/709 585/987/571 542/986/708
f 798/1050/747 797/1004/720 760/1051/747
f 564/1052/734 566/1046/734 547/1045/734
f 546/1053/734 564/1052/734 547/1045/734
f 544/1054/748 545/1008/723 588/1055/723
f 544/1054/748 587/1007/722 543/988/709
f 545/1056/734 562/1057/734 564/1052/734
f 546/1053/734 545/1056/734 564/1052/734
f 591/1058/579 548/990/584 592/992/578
f 590/1059/585 547/1060/583 591/1058/579
f 544/1061/734 560/1062/734 562/1057/734
f 545/1056/734 544/1061/734 562/1057/734
f 522/958/680 519/939/664 521/905/638
f 514/942/667 511/957/679 513/1063/749
f 530/922/649 648/1064/750 651/995/710
f 734/1065/751 742/964/686 528/965/688
f 606/969/692 534/971/694 532/972/711
f 659/1066/752 531/966/689 662/968/691
f 662/968/691 533/967/690 764/1012/726
f 532/972/711 530/922/649 651/995/710
f 663/777/536 664/945/536 504/779/536
f 790/1067/533 782/774/534 746/773/533
f 477/930/656 490/932/658 491/927/653
f 476/944/669 477/930/656 491/927/653
f 640/1019/732 477/930/656 476/944/669
f 641/1020/733 640/1019/732 476/944/669
f 649/1068/753 648/1064/754 480/856/755
f 479/1069/756 649/1068/753 480/856/755
f 479/1069/756 480/856/755 730/807/559
f 485/937/662 479/1069/756 730/807/559
f 487/846/595 506/845/594 523/963/685
f 488/950/673 487/846/595 523/963/685
f 488/950/673 523/963/685 526/962/684
f 489/938/663 488/950/673 526/962/684
f 493/949/672 518/941/666 511/957/679
f 494/956/678 493/949/672 511/957/679
f 499/917/645 500/1017/730 631/920/648
f 495/915/643 494/956/678 514/942/667
f 499/917/645 497/916/644 500/1017/730
f 625/1070/757 624/1071/758 502/1072/759
f 630/1073/760 499/917/645 631/920/648
f 501/838/728 625/1070/757 502/1072/759
f 574/1074/761 573/1075/761 766/1076/762
f 793/1077/763 575/1078/764 578/1079/765
f 581/1080/766 576/1081/767 577/1082/768
f 794/1083/533 583/1084/533 577/1085/533
f 555/1086/769 556/1087/770 553/1088/771
f 771/1089/772 552/1090/613 776/1091/772
f 579/1092/773 793/1077/763 578/1079/765
f 583/1093/774 581/1080/766 577/1082/768
f 434/823/574 433/1094/775 690/1095/776
f 692/824/575 434/823/574 690/1095/776
f 577/1082/768 576/1081/767 595/1096/777
f 794/1083/533 577/1085/533 595/1097/533
f 582/1098/778 580/1099/779 583/1093/774
f 579/1092/773 578/1079/765 582/1098/778
f 584/1100/734 585/1101/734 666/1102/780
f 597/1103/781 797/1104/782 800/1105/782
f 587/1106/734 588/1107/734 671/1108/783
f 587/1106/734 670/1109/784 667/1110/785
f 590/1111/734 591/1112/734 678/1113/786
f 589/1114/734 590/1111/734 675/1115/787
f 593/1116/734 594/1117/734 683/1118/788
f 592/1119/734 593/1116/734 682/1120/789
f 627/1121/790 598/1122/791 654/1123/792
f 597/1103/781 596/1124/734 797/1104/782
f 634/1125/793 657/1126/794 599/1127/795
f 599/1127/795 656/1128/796 622/1129/797
f 600/1130/798 635/1131/799 599/1127/795
f 621/1132/800 600/1130/798 622/1129/797
f 639/1133/801 638/1134/802 601/1135/803
f 601/1135/803 638/1134/802 600/1130/798
f 800/1136/804 782/774/534 790/1067/533
f 433/1094/775 535/822/573 691/821/572
f 690/1095/776 433/1094/775 691/821/572
f 793/1137/805 579/1138/806 582/1139/807
f 576/1081/767 597/1103/781 595/1096/777
f 663/1140/808 584/1100/734 666/1102/780
f 580/1099/779 581/1080/766 583/1093/774
f 670/1109/784 587/1106/734 671/1108/783
f 595/1096/777 597/1103/781 800/1105/782
f 675/1115/787 590/1111/734 678/1113/786
f 586/1141/734 587/1106/734 667/1110/785
f 682/1120/789 593/1116/734 683/1118/788
f 674/1142/809 589/1114/734 675/1115/787
f 594/1117/734 775/1143/734 774/1144/810
f 679/1145/811 592/1119/734 682/1120/789
f 623/1146/812 652/1147/813 655/1148/814
f 598/1122/791 655/1148/814 654/1123/792
f 601/1135/803 600/1130/798 621/1132/800
f 657/1126/794 656/1128/796 599/1127/795
f 619/1149/815 602/1150/816 620/1151/817
f 635/1131/799 634/1125/793 599/1127/795
f 604/1152/818 603/1153/819 618/1154/820
f 602/1150/816 601/1135/803 620/1151/817
f 623/796/536 496/798/536 505/946/536
f 664/945/536 623/796/536 505/946/536
f 633/1155/821 632/924/650 472/1156/822
f 472/1156/822 473/926/652 495/915/643
f 768/1157/734 551/1030/734 766/1032/734
f 782/774/534 800/1136/804 552/1090/613
f 538/1158/823 537/1159/824 629/1160/825
f 539/1161/826 538/1158/823 629/1160/825
f 609/1162/827 539/1161/826 629/1160/825
f 537/1159/824 628/1018/731 629/1160/825
f 707/1163/828 688/788/543 708/789/545
f 726/782/829 696/795/830 689/1164/831
f 755/1165/832 746/773/533 781/775/535
f 700/1166/833 703/1167/834 689/1164/831
f 703/1167/834 726/782/829 689/1164/831
f 554/1168/771 555/1086/769 553/1088/771
f 555/1086/769 557/1169/835 558/1170/836
f 556/1087/770 555/1086/769 558/1170/836
f 557/1169/835 559/1171/837 560/1172/838
f 558/1170/836 557/1169/835 560/1172/838
f 559/1171/837 561/1173/839 562/1174/839
f 560/1172/838 559/1171/837 562/1174/839
f 561/1173/839 563/1175/840 564/1176/840
f 562/1174/839 561/1173/839 564/1176/840
f 563/1175/840 565/1177/585 566/1178/585
f 564/1176/840 563/1175/840 566/1178/585
f 565/1177/585 567/1179/579 568/1180/579
f 566/1178/585 565/1177/585 568/1180/579
f 567/1179/579 569/1181/841 570/1182/842
f 569/1181/841 571/1183/843 572/1184/844
f 568/1180/579 567/1179/579 570/1182/842
f 571/1183/843 573/1075/761 574/1074/761
f 570/1182/842 569/1181/841 572/1184/844
f 572/1184/844 571/1183/843 574/1074/761
f 573/1075/761 735/1185/845 766/1076/762
f 747/1186/533 750/879/533 456/878/533
f 456/881/624 457/1187/846 455/882/625
f 453/880/623 452/868/614 747/870/616
f 453/1188/847 747/1186/533 456/878/533
f 470/872/618 755/875/621 458/874/620
f 509/894/630 508/891/629 461/890/558
f 457/1187/846 454/885/626 455/882/625
f 509/894/630 460/893/558 459/1189/558
f 448/866/613 738/841/590 743/867/590
f 750/879/533 451/884/533 457/877/533
f 444/1190/558 445/1191/558 567/1192/558
f 522/958/680 521/905/638 516/889/628
f 511/957/679 512/1193/848 513/1063/749
f 526/962/684 525/909/640 520/907/639
f 473/926/652 494/956/678 495/915/643
f 474/948/671 493/949/672 494/956/678
f 473/926/652 474/948/671 494/956/678
f 445/1191/558 569/1194/558 567/1192/558
f 632/924/650 473/926/652 472/1156/822
f 787/1195/734 782/1196/734 552/1023/734
f 800/1136/804 799/1197/849 552/1090/613
f 788/1029/734 787/1195/734 552/1023/734
f 775/1198/850 594/1013/581 772/1015/727
f 762/1034/851 761/1011/851 534/971/695
f 761/1011/851 533/967/696 534/971/695
f 650/1199/852 649/854/602 538/1200/853
f 536/793/549 724/959/681 695/794/550
f 496/798/536 626/1201/536 471/1202/536
f 627/855/536 626/1201/536 496/798/536
f 604/1152/818 643/1203/854 603/1153/819
f 605/1204/855 604/1152/818 617/1205/856
f 616/1206/857 605/1204/855 617/1205/856
f 646/1207/858 643/1203/854 604/1152/818
f 728/1208/735 801/1024/735 708/979/702
f 727/786/542 728/785/542 699/790/542
f 697/1026/734 723/781/734 694/825/576
f 723/781/734 722/831/580 694/825/576
f 531/966/859 529/840/860 532/972/697
f 552/1090/613 799/1197/849 776/1091/772
f 518/941/666 517/886/627 512/1193/848
f 511/957/679 518/941/666 512/1193/848
f 533/967/696 531/966/859 532/972/697
f 529/840/860 530/922/861 532/972/697
f 464/1209/724 442/1210/724 441/1211/723
f 463/1212/723 464/1209/724 441/1211/723
f 647/1213/862 608/1214/863 609/1162/827
f 612/1215/734 613/1033/734 611/1216/864
f 618/1154/820 619/1149/815 676/1217/865
f 677/1218/866 620/1151/817 672/1219/867
f 652/1147/813 623/1146/812 664/1220/868
f 634/1125/793 633/1155/821 657/1126/794
f 645/951/674 640/1019/732 643/1203/854
f 657/1126/794 630/1073/760 654/1123/792
f 644/933/659 645/951/674 646/1207/858
f 643/1203/854 640/1019/732 642/1221/869
f 684/1222/870 615/1223/871 685/1224/872
f 464/1209/724 465/834/583 442/1210/724
f 610/1225/734 660/1226/873 764/1012/739
f 609/1162/827 608/1214/863 614/1227/874
f 619/1149/815 620/1151/817 677/1218/866
f 680/1228/875 617/1205/856 681/1229/876
f 624/1071/758 625/1070/757 659/1066/877
f 653/1230/878 652/1147/813 668/1231/879
f 651/995/880 648/1064/754 650/1232/881
f 647/1213/862 644/933/659 646/1207/858
f 642/1221/869 641/1020/733 639/1133/801
f 635/1131/799 632/924/650 634/1125/793
f 659/1066/752 625/1070/882 529/840/589
f 530/922/861 529/840/860 432/839/883
f 481/935/661 628/1018/731 435/1233/884
f 804/1234/885 803/1235/886 760/1236/887
f 770/1237/734 784/1022/734 771/1021/734
f 773/1238/888 687/1239/889 774/1144/810
f 551/1014/582 768/1240/890 772/1015/727
f 776/1091/772 775/1198/850 771/1089/772
f 667/1110/785 670/1109/784 668/1231/879
f 663/1140/808 666/1102/780 669/1241/891
f 764/1012/739 660/1226/873 662/968/892
f 655/1148/814 652/1147/813 653/1230/878
f 660/1226/873 661/1242/893 662/968/892
f 648/1064/754 649/1068/753 650/1232/881
f 629/1160/825 628/1018/731 647/1213/862
f 628/1018/731 644/933/659 647/1213/862
f 630/1073/760 631/920/648 654/1123/792
f 646/1207/858 645/951/674 643/1203/854
f 640/1019/732 641/1020/733 642/1221/869
f 658/1243/894 624/1071/758 659/1066/877
f 633/1155/821 630/1073/760 657/1126/794
f 669/1241/891 652/1147/813 664/1220/868
f 641/1020/733 636/947/670 639/1133/801
f 676/1217/865 619/1149/815 677/1218/866
f 620/1151/817 621/1132/800 672/1219/867
f 681/1229/876 618/1154/820 676/1217/865
f 652/1147/813 669/1241/891 668/1231/879
f 613/1033/734 610/1225/734 764/1012/739
f 613/1033/734 763/970/740 611/1216/864
f 629/1160/825 647/1213/862 609/1162/827
f 617/1205/856 618/1154/820 681/1229/876
f 685/1224/872 616/1206/857 680/1228/875
f 438/1244/558 555/1245/558 554/1246/558
f 757/1247/721 723/1248/721 725/1249/721
f 628/1018/731 537/1159/824 435/1233/884
f 487/846/595 481/935/661 436/1250/895
f 717/1003/719 578/984/707 575/1251/896
f 718/1252/897 717/1003/719 575/1251/896
f 686/1253/898 687/1239/899 773/1238/900
f 685/1224/872 682/1120/789 684/1222/870
f 765/921/558 738/1254/558 783/902/558
f 437/1255/558 438/1244/558 554/1246/558
f 539/1036/742 607/1256/901 538/1200/853
f 649/854/602 537/853/601 538/1200/853
f 536/1001/717 661/1039/743 660/1002/718
f 709/1042/744 576/981/704 581/1044/746
f 682/1120/789 683/1118/788 684/1222/870
f 681/1229/876 678/1113/786 680/1228/875
f 575/1078/764 793/1077/763 792/1257/902
f 718/1258/902 575/1078/764 792/1257/902
f 678/1113/786 679/1145/811 680/1228/875
f 677/1218/866 674/1142/809 676/1217/865
f 713/982/705 711/1043/745 580/983/706
f 797/1004/720 804/1259/720 760/1051/747
f 674/1142/809 675/1115/787 676/1217/865
f 670/1109/784 671/1108/783 672/1219/867
f 804/1259/720 797/1004/720 801/1006/721
f 589/1010/724 546/1009/724 590/1059/585
f 673/1260/903 670/1109/784 672/1219/867
f 668/1231/879 669/1241/891 667/1110/785
f 587/1007/722 544/1054/748 588/1055/723
f 547/1060/583 548/990/584 591/1058/579
f 669/1241/891 666/1102/780 667/1110/785
f 684/1222/870 683/1118/788 665/1261/904
f 588/1055/723 545/1008/723 589/1010/724
f 546/1009/724 547/1060/583 590/1059/585
f 683/1118/788 774/1144/810 665/1261/904
f 680/1228/875 679/1145/811 685/1224/872
f 592/992/578 549/991/578 593/994/577
f 593/994/577 550/993/577 594/1013/581
f 679/1145/811 682/1120/789 685/1224/872
f 676/1217/865 675/1115/787 681/1229/876
f 550/993/577 551/1014/582 594/1013/581
f 766/1076/762 735/1185/845 770/1262/905
f 675/1115/787 678/1113/786 681/1229/876
f 672/1219/867 671/1108/783 677/1218/866
f 664/1220/868 663/1140/808 669/1241/891
f 671/1108/783 674/1142/809 677/1218/866
f 735/1185/845 765/1263/905 770/1262/905
f 775/1198/850 772/1015/727 771/1089/772
f 527/1264/906 436/1265/907 484/1266/908
f 465/834/583 443/836/585 442/1210/724
f 439/1267/835 438/820/571 461/1268/709
f 614/1227/874 615/1223/871 684/1222/870
f 616/1206/857 617/1205/856 680/1228/875
f 665/1261/904 614/1227/874 684/1222/870
f 615/1223/871 616/1206/857 685/1224/872
f 621/1132/800 622/1129/797 673/1260/903
f 668/1231/879 673/1260/903 653/1230/878
f 672/1219/867 621/1132/800 673/1260/903
f 673/1260/903 622/1129/797 653/1230/878
f 631/920/648 626/919/647 627/1121/790
f 638/1134/802 637/925/651 635/1131/799
f 654/1123/792 631/920/648 627/1121/790
f 637/925/651 632/924/650 635/1131/799
f 632/924/650 633/1155/821 634/1125/793
f 639/1133/801 636/947/670 638/1134/802
f 662/968/892 661/1242/893 659/1066/877
f 636/947/670 637/925/651 638/1134/802
f 657/1126/794 654/1123/792 656/1128/796
f 656/1128/796 655/1148/814 653/1230/878
f 654/1123/792 655/1148/814 656/1128/796
f 661/1242/893 658/1243/894 659/1066/877
f 436/1265/907 485/804/556 484/1266/908
f 436/1265/907 435/802/554 485/804/556
f 721/1269/909 748/1270/909 449/869/615
f 792/1271/910 791/1272/911 716/1273/912
f 701/1274/913 704/1275/913 705/1276/913
f 703/1167/914 700/1166/914 702/1277/914
f 700/1166/914 701/1274/914 702/1277/914
f 454/899/635 705/860/611 455/857/608
f 433/814/566 434/815/567 624/813/565
f 696/1278/736 699/1279/736 688/1280/736
f 789/1281/915 688/1282/916 707/1283/917
f 502/816/568 434/815/567 503/808/560
f 754/1284/736 759/1285/735 458/1286/918
f 702/1277/913 701/1274/913 705/1276/913
f 704/1275/919 715/1287/920 714/1288/921
f 748/1270/909 747/870/616 449/869/615
f 759/1285/735 726/1289/735 703/901/637
f 458/1286/918 759/1285/735 703/901/637
f 435/802/554 537/853/601 479/803/555
f 463/1212/723 441/1211/723 440/1290/722
f 439/1267/835 461/1268/709 462/1291/748
f 431/800/553 432/839/883 732/801/552
f 740/842/591 737/1292/922 447/833/582
f 468/826/577 469/832/581 446/827/577
f 794/1083/533 793/1137/805 582/1139/807
f 578/1079/765 580/1099/779 582/1098/778
f 667/1110/785 666/1102/780 586/1141/734
f 583/1084/533 794/1083/533 582/1139/807
f 671/1108/783 588/1107/734 674/1142/809
f 666/1102/780 585/1101/734 586/1141/734
f 678/1113/786 591/1112/734 679/1145/811
f 588/1107/734 589/1114/734 674/1142/809
f 794/1083/533 595/1097/533 790/1067/533
f 591/1112/734 592/1119/734 679/1145/811
f 683/1118/788 594/1117/734 774/1144/810
f 595/1097/533 800/1136/804 790/1067/533
f 598/1122/791 623/1146/812 655/1148/814
f 656/1128/796 653/1230/878 622/1129/797
f 638/1134/802 635/1131/799 600/1130/798
f 600/1130/798 599/1127/795 622/1129/797
f 602/1150/816 619/1149/815 618/1154/820
f 620/1151/817 601/1135/803 621/1132/800
f 642/1221/869 639/1133/801 603/1153/819
f 602/1150/816 639/1133/801 601/1135/803
f 466/835/584 444/830/579 443/836/585
f 462/1291/748 463/1212/723 440/1290/722
f 763/970/740 606/969/923 607/1293/924
f 607/1293/924 606/969/923 650/1232/881
f 760/1236/887 686/1253/898 773/1238/900
f 700/1294/925 689/1295/926 745/1296/927
f 614/1227/874 540/1297/928 609/1162/827
f 540/1297/928 539/1161/826 609/1162/827
f 438/820/571 460/818/570 461/1268/709
f 440/1290/722 439/1267/835 462/1291/748
f 467/829/578 468/826/577 445/828/578
f 466/835/584 467/829/578 444/830/579
f 689/1298/736 696/1278/736 688/1280/736
f 691/1299/736 693/1300/736 692/1301/736
f 690/1302/929 691/1299/736 692/1301/736
f 694/1303/736 692/1301/736 693/1300/736
f 695/1304/736 694/1303/736 693/1300/736
f 697/1305/736 694/1303/736 695/1304/736
f 698/1306/736 697/1305/736 695/1304/736
f 696/1278/736 697/1305/736 698/1306/736
f 699/1279/736 696/1278/736 698/1306/736
f 745/1296/927 701/1307/930 700/1294/925
f 749/1308/931 704/1309/932 701/1307/930
f 745/1296/927 749/1308/931 701/1307/930
f 749/1308/933 715/1310/933 704/1309/933
f 720/1311/934 715/1310/935 749/1308/936
f 707/1283/917 706/1312/937 791/1272/938
f 748/1313/939 720/1311/934 749/1308/936
f 791/1272/938 706/1312/937 710/1314/940
f 789/1281/915 707/1283/917 791/1272/938
f 791/1272/941 710/1314/941 712/1315/941
f 791/1272/911 712/1315/942 716/1273/912
f 531/966/689 659/1066/752 529/840/589
f 480/856/606 648/1064/750 530/922/649
f 625/1070/882 501/838/587 529/840/589
f 512/1193/848 463/888/558 462/892/558
f 457/1187/846 451/871/617 454/885/626
f 750/879/533 746/773/533 451/884/533
f 448/866/613 756/865/612 755/1165/832
f 516/889/628 465/906/558 464/887/558
f 513/1063/749 512/1193/848 462/892/558
f 521/905/638 466/908/558 465/906/558
f 508/891/629 513/1063/749 462/892/558
f 781/775/535 448/866/613 755/1165/832
f 785/864/558 783/902/558 448/861/558
f 714/858/609 719/895/631 452/859/610
f 458/1286/918 703/901/637 450/900/636
f 670/1109/784 673/1260/903 668/1231/879
f 573/1316/558 447/1317/558 735/1318/558
f 542/1319/734 556/1320/734 543/1321/734
f 541/1322/734 553/1323/734 542/1319/734
f 509/894/630 510/960/682 508/891/629
f 556/1320/734 558/1324/734 543/1321/734
f 608/1214/863 647/1213/862 605/1204/855
f 608/1214/863 615/1223/871 614/1227/874
f 431/800/553 530/922/861 432/839/883
f 606/969/923 651/995/880 650/1232/881
f 447/1317/558 737/1325/558 735/1318/558
f 731/799/943 730/807/605 431/800/607
f 611/1216/864 763/970/740 607/1293/924
f 758/1326/721 757/1247/721 725/1249/721
f 745/1296/927 689/1295/926 789/1281/915
f 689/1295/926 688/1282/916 789/1281/915
f 643/1203/854 642/1221/869 603/1153/819
f 607/1256/901 650/1199/852 538/1200/853
f 743/867/590 738/841/590 744/843/944
f 436/1250/895 527/844/593 487/846/595
f 527/844/593 742/964/945 741/913/642
f 608/1214/863 605/1204/855 616/1206/857
f 605/1204/855 646/1207/858 604/1152/818
f 506/845/594 527/844/593 741/913/642
f 439/1327/558 557/1328/558 555/1245/558
f 481/935/661 435/1233/884 436/1250/895
f 469/832/581 740/842/591 447/833/582
f 615/1223/871 608/1214/863 616/1206/857
f 611/974/699 607/1256/901 539/1036/742
f 553/1323/734 556/1320/734 542/1319/734
f 647/1213/862 646/1207/858 605/1204/855
f 510/960/682 507/943/668 508/891/629
f 523/963/685 506/845/594 524/912/641
f 558/1324/734 560/1062/734 544/1061/734
f 540/1297/928 614/1227/874 687/1239/889
f 614/1227/874 665/1261/904 687/1239/889
f 687/1239/889 665/1261/904 774/1144/810
f 441/1329/558 442/1330/558 563/1331/558
f 440/1332/558 441/1329/558 561/1333/558
f 443/1334/558 444/1190/558 565/1335/558
f 446/1336/558 447/1317/558 573/1316/558
f 561/1333/558 441/1329/558 563/1331/558
f 559/1337/558 440/1332/558 561/1333/558
f 571/1338/558 446/1336/558 573/1316/558
f 445/1191/558 446/1336/558 569/1194/558
f 741/913/642 744/1339/558 469/914/558
f 446/1336/558 571/1338/558 569/1194/558
f 783/902/558 738/1254/558 448/861/558
f 746/773/533 755/1165/832 470/883/533
f 500/1017/730 471/918/646 631/920/648
f 496/953/675 471/918/646 500/1017/730
f 498/954/676 496/953/675 500/1017/730
f 633/1155/821 472/1156/822 630/1073/760
f 472/1156/822 495/915/643 499/917/645
f 472/1156/822 499/917/645 630/1073/760
f 439/1327/558 440/1332/558 557/1328/558
f 444/1190/558 567/1192/558 565/1335/558
f 504/961/683 509/894/630 459/1189/558
f 440/1332/558 559/1337/558 557/1328/558
f 438/1244/558 439/1327/558 555/1245/558
f 512/1193/848 517/886/627 463/888/558
f 442/1330/558 443/1334/558 563/1331/558
f 443/1334/558 565/1335/558 563/1331/558
f 639/1133/801 602/1150/816 603/1153/819
f 603/1153/819 602/1150/816 618/1154/820
f 513/1063/749 508/891/629 507/943/668
f 514/942/667 513/1063/749 507/943/668
f 617/1205/856 604/1152/818 618/1154/820
f 803/1235/886 686/1253/898 760/1236/887
f 501/838/728 502/1072/759 503/1016/729
f 759/1340/946 734/1065/751 757/1341/947
f 734/1065/751 528/965/688 757/1341/947
f 543/1321/734 558/1324/734 544/1061/734
f 711/1342/948 710/1343/948 706/1344/948
f 712/1345/949 713/1346/950 717/1347/951
f 759/1285/735 758/1348/952 726/1289/735
f 758/1348/952 725/1349/952 726/1289/735
f 743/1350/953 742/1351/953 752/1352/953
f 730/807/954 731/799/955 732/801/956
f 727/1353/957 724/997/713 803/996/712
f 734/1354/958 753/1355/958 751/1356/958
f 790/1357/736 746/1358/736 745/1359/736
f 735/1360/959 737/1361/959 739/1362/959
f 737/1361/959 740/1363/959 739/1362/959
f 801/1364/735 728/1365/735 802/1366/960
f 740/1367/558 738/1368/558 765/1369/558
f 744/1339/558 741/913/642 742/964/945
f 743/1370/558 744/1339/558 742/964/945
f 750/1371/734 749/1372/734 745/1359/734
f 757/837/586 722/809/561 723/1373/736
f 792/1374/961 716/1375/961 718/1376/962
f 719/1377/962 720/1378/962 748/1379/962
f 721/1380/962 719/1377/962 748/1379/962
f 795/1381/953 773/1382/953 776/1383/963
f 796/1384/963 795/1381/953 776/1383/963
f 795/1385/964 798/1050/965 760/1051/965
f 773/1386/964 795/1385/964 760/1051/965
f 708/789/966 709/1387/966 707/1163/966
f 709/1387/966 706/1344/966 707/1163/966
f 711/1342/967 713/1346/968 710/1343/969
f 705/1276/970 704/1275/919 714/1288/921
f 719/1377/971 714/1288/972 715/1287/973
f 720/1378/974 719/1377/971 715/1287/973
f 749/1372/975 750/1371/976 748/1270/977
f 746/1358/734 750/1371/734 745/1359/734
f 753/1388/978 754/876/622 755/875/621
f 750/1371/976 747/870/979 748/1270/977
f 756/1389/980 752/1390/981 753/1388/978
f 752/1390/981 751/1391/982 753/1388/978
f 759/1340/983 757/1341/983 758/1392/983
f 756/1389/980 753/1388/978 755/875/621
f 799/1197/590 796/1393/590 776/1091/590
f 739/1394/558 740/1367/558 765/1369/558
f 734/1354/984 759/1395/985 754/1396/985
f 789/1397/736 790/1357/736 745/1359/736
f 713/1346/968 712/1345/986 710/1343/969
f 709/1387/948 711/1342/948 706/1344/948
f 756/865/590 743/867/590 752/1398/590
f 728/1365/735 729/1399/960 802/1366/960
f 716/1375/961 717/1347/962 718/1376/962
f 716/1375/987 712/1345/949 717/1347/951
f 802/1400/721 729/1401/721 803/996/988
f 729/1401/721 727/1353/988 803/996/988
f 736/1402/989 765/1403/989 738/1404/989
f 765/1263/990 735/1185/990 739/1405/990
f 742/1406/958 734/1354/958 751/1356/958
f 742/1351/953 751/1407/953 752/1352/953
f 736/1402/991 738/1404/991 740/1408/991
f 737/1409/991 736/1402/991 740/1408/991
f 764/1012/992 761/1011/993 763/970/994
f 761/1011/993 762/1034/995 763/970/994
f 733/805/996 730/807/954 732/801/956
f 753/1355/984 734/1354/984 754/1396/985
f 770/1237/734 780/1410/734 784/1022/734
f 779/1411/736 778/1412/736 784/1413/736
f 767/1414/997 771/1415/997 770/1416/997
f 770/1262/905 769/1417/905 766/1076/905
f 783/1418/905 785/1419/905 788/1420/905
f 785/1419/998 786/1421/998 787/1422/998
f 790/1357/558 789/1397/558 794/1423/558
f 789/1397/558 791/1424/558 794/1423/558
f 773/1238/888 774/1144/810 775/1143/734
f 776/1425/734 773/1238/888 775/1143/734
f 777/1426/533 778/1427/533 779/1428/533
f 772/1429/991 771/1415/991 767/1414/991
f 788/1420/998 785/1419/998 787/1422/998
f 787/1430/999 786/1431/999 782/1432/999
f 784/1413/905 783/1418/905 788/1420/905
f 771/1433/734 772/1434/734 770/1435/734
f 770/1262/1000 765/1263/1000 780/1436/1000
f 780/1410/734 779/1437/734 784/1022/734
f 768/1438/1001 772/1429/1001 767/1414/1001
f 786/1431/999 781/1439/999 782/1432/999
f 799/1440/1002 798/1441/1003 796/1442/1004
f 797/1104/782 798/1441/1003 799/1440/1002
f 800/1105/782 797/1104/782 799/1440/1002
f 801/1443/1005 802/1444/1005 803/1235/1005
f 798/1441/1003 795/1445/1006 796/1442/1004
f 804/1234/1005 801/1443/1005 803/1235/1005
f 765/1263/1000 777/1446/1000 780/1436/1000
f 778/1412/736 783/1418/736 784/1413/736
f 780/1447/533 777/1426/533 779/1428/533
f 772/1434/734 769/1448/734 770/1435/734
f 766/1449/959 769/1450/959 768/1451/959
f 769/1450/959 772/1452/959 768/1451/959
f 794/1423/1007 791/1424/1008 792/1257/1009
f 793/1077/1010 794/1423/1007 792/1257/1009
f 805/1453/1011 806/1454/1012 807/1455/1013
f 805/1453/1011 808/1456/1014 806/1454/1012
f 807/1455/1013 806/1454/1012 809/1457/1015
f 810/1458/1016 807/1455/1013 809/1457/1015
f 810/1458/1016 809/1457/1015 811/1459/1017
f 812/1460/1018 810/1458/1016 811/1459/1017
f 813/1461/1019 812/1460/1018 814/1462/1020
f 812/1460/1018 815/1463/1021 814/1462/1020
f 812/1460/1018 811/1459/1017 815/1463/1021
f 816/1464/1022 813/1461/1019 814/1462/1020
f 817/1465/1023 816/1464/1022 818/1466/1024
f 816/1464/1022 819/1467/1025 818/1466/1024
f 816/1464/1022 814/1462/1020 819/1467/1025
f 820/1468/1026 817/1465/1023 818/1466/1024
f 820/1468/1026 818/1466/1024 821/1469/1027
f 822/1470/1028 820/1468/1026 821/1469/1027
f 822/1470/1028 821/1469/1027 823/1471/1029
f 824/1472/1030 822/1470/1028 823/1471/1029
f 825/1473/1031 822/1470/1028 824/1472/1030
f 826/1474/1032 825/1473/1031 824/1472/1030
f 826/1474/1032 824/1472/1030 827/1475/1033
f 828/1476/1034 826/1474/1032 827/1475/1033
f 828/1476/1034 827/1475/1033 829/1477/1035
f 830/1478/1036 828/1476/1034 829/1477/1035
f 831/1479/1037 830/1478/1036 832/1480/1038
f 830/1478/1036 829/1477/1035 832/1480/1038
f 833/1481/1039 831/1479/1037 834/1482/1040
f 831/1479/1037 832/1480/1038 834/1482/1040
f 835/1483/1041 834/1482/1040 836/1484/1042
f 834/1482/1040 832/1480/1038 836/1484/1042
f 833/1481/1039 834/1482/1040 835/1483/1041
f 808/1456/1014 835/1483/1041 837/1485/1043
f 808/1456/1014 833/1481/1039 835/1483/1041
f 837/1485/1043 835/1483/1041 836/1484/1042
f 808/1456/1014 837/1485/1043 806/1454/1012
f 806/1454/1012 837/1485/1043 838/1486/1044
f 837/1485/1043 836/1484/1042 838/1486/1044
f 806/1454/1012 838/1486/1044 809/1457/1015
f 809/1457/1015 838/1486/1044 839/1487/1045
f 838/1486/1044 836/1484/1042 840/1488/1046
f 839/1487/1045 838/1486/1044 840/1488/1046
f 839/1487/1045 840/1488/1046 841/1489/1047
f 811/1459/1017 809/1457/1015 839/1487/1045
f 815/1463/1021 811/1459/1017 839/1487/1045
f 815/1463/1021 839/1487/1045 841/1489/1047
f 841/1489/1047 840/1488/1046 842/1490/1048
f 814/1462/1020 815/1463/1021 841/1489/1047
f 814/1462/1020 841/1489/1047 842/1490/1048
f 818/1466/1024 842/1490/1048 843/1491/1049
f 842/1490/1048 840/1488/1046 843/1491/1049
f 818/1466/1024 819/1467/1025 842/1490/1048
f 819/1467/1025 814/1462/1020 842/1490/1048
f 823/1471/1029 843/1491/1049 844/1492/1050
f 843/1491/1049 840/1488/1046 844/1492/1050
f 823/1471/1029 821/1469/1027 843/1491/1049
f 821/1469/1027 818/1466/1024 843/1491/1049
f 827/1475/1033 844/1492/1050 845/1493/1051
f 844/1492/1050 840/1488/1046 845/1493/1051
f 827/1475/1033 824/1472/1030 844/1492/1050
f 824/1472/1030 823/1471/1029 844/1492/1050
f 832/1480/1038 845/1493/1051 836/1484/1042
f 845/1493/1051 840/1488/1046 836/1484/1042
f 832/1480/1038 829/1477/1035 845/1493/1051
f 829/1477/1035 827/1475/1033 845/1493/1051
f 846/1494/1052 878/1495/1053 847/1496/1054
f 878/1495/1053 848/1497/1055 847/1496/1054
f 878/1495/1053 849/1498/1056 848/1497/1055
f 848/1497/1055 849/1498/1056 850/1499/1057
f 849/1498/1056 851/1500/1058 850/1499/1057
f 851/1500/1058 852/1501/1059 850/1499/1057
f 853/1502/1060 852/1501/1059 851/1500/1058
f 874/1503/1061 853/1502/1060 851/1500/1058
f 875/1504/1062 853/1502/1060 874/1503/1061
f 854/1505/1063 853/1502/1060 875/1504/1062
f 854/1505/1063 855/1506/1064 853/1502/1060
f 1052/1507/1065 855/1506/1064 854/1505/1063
f 1052/1507/1065 856/1508/1066 855/1506/1064
f 1054/1509/1067 856/1508/1066 1052/1507/1065
f 1054/1509/1067 857/1510/1068 856/1508/1066
f 1055/1511/1069 857/1510/1068 1054/1509/1067
f 1055/1511/1069 858/1512/1070 857/1510/1068
f 859/1513/1071 858/1512/1070 1055/1511/1069
f 859/1513/1071 860/1514/1072 858/1512/1070
f 861/1515/1073 860/1514/1072 859/1513/1071
f 861/1515/1073 862/1516/1074 860/1514/1072
f 1060/1517/1075 862/1516/1074 861/1515/1073
f 1060/1517/1075 863/1518/1076 862/1516/1074
f 1061/1519/1077 863/1518/1076 1060/1517/1075
f 1061/1519/1077 864/1520/1078 863/1518/1076
f 865/1521/1079 864/1520/1078 1061/1519/1077
f 865/1521/1079 866/1522/1080 864/1520/1078
f 1064/1523/1081 866/1522/1080 865/1521/1079
f 1064/1523/1081 867/1524/1082 866/1522/1080
f 868/1525/1083 867/1524/1082 1064/1523/1081
f 868/1525/1083 869/1526/1084 867/1524/1082
f 1067/1527/1085 869/1526/1084 868/1525/1083
f 1067/1527/1085 870/1528/1086 869/1526/1084
f 1068/1529/1087 870/1528/1086 1067/1527/1085
f 1068/1529/1087 871/1530/1088 870/1528/1086
f 1070/1531/1089 871/1530/1088 1068/1529/1087
f 872/1532/1090 871/1530/1088 1070/1531/1089
f 873/1533/1091 872/1532/1090 1070/1531/1089
f 874/1534/1061 872/1532/1090 873/1533/1091
f 875/1535/1062 874/1534/1061 873/1533/1091
f 874/1534/1061 876/1536/1092 872/1532/1090
f 851/1537/1058 876/1536/1092 874/1534/1061
f 849/1538/1056 876/1536/1092 851/1537/1058
f 849/1538/1056 877/1539/1093 876/1536/1092
f 878/1540/1053 877/1539/1093 849/1538/1056
f 878/1540/1053 879/1541/1094 877/1539/1093
f 846/1542/1052 879/1541/1094 878/1540/1053
f 880/1543/1095 879/1541/1094 846/1542/1052
f 880/1543/1095 881/1544/1096 879/1541/1094
f 994/1545/1097 881/1544/1096 880/1543/1095
f 994/1545/1097 882/1546/1098 881/1544/1096
f 883/1547/1099 882/1546/1098 994/1545/1097
f 883/1547/1099 884/1548/1100 882/1546/1098
f 993/1549/1101 884/1548/1100 883/1547/1099
f 993/1549/1101 885/1550/1102 884/1548/1100
f 996/1551/1103 885/1550/1102 993/1549/1101
f 996/1551/1103 886/1552/1104 885/1550/1102
f 997/1553/1105 886/1552/1104 996/1551/1103
f 997/1553/1105 887/1554/1106 886/1552/1104
f 1003/1555/1107 887/1554/1106 997/1553/1105
f 1003/1555/1107 888/1556/1108 887/1554/1106
f 1002/1557/1109 888/1556/1108 1003/1555/1107
f 1002/1557/1109 889/1558/1110 888/1556/1108
f 890/1559/1111 889/1558/1110 1002/1557/1109
f 890/1559/1111 891/1560/1112 889/1558/1110
f 892/1561/1113 891/1560/1112 890/1559/1111
f 892/1561/1113 893/1562/1114 891/1560/1112
f 1005/1563/1115 893/1562/1114 892/1561/1113
f 1005/1563/1115 894/1564/1116 893/1562/1114
f 895/1565/1117 894/1564/1116 1005/1563/1115
f 895/1565/1117 896/1566/1118 894/1564/1116
f 897/1567/1119 896/1566/1118 895/1565/1117
f 898/1568/1120 899/1569/1121 897/1567/1119
f 897/1567/1119 899/1569/1121 896/1566/1118
f 900/1570/1122 899/1569/1121 850/1499/1057
f 899/1569/1121 848/1497/1055 850/1499/1057
f 898/1568/1120 848/1497/1055 899/1569/1121
f 896/1566/1118 899/1569/1121 900/1570/1122
f 900/1570/1122 850/1499/1057 852/1501/1059
f 901/1571/1123 896/1566/1118 900/1570/1122
f 902/1572/1124 900/1570/1122 852/1501/1059
f 901/1571/1123 900/1570/1122 902/1572/1124
f 903/1573/1125 896/1566/1118 901/1571/1123
f 904/1574/1126 901/1571/1123 902/1572/1124
f 903/1573/1125 901/1571/1123 904/1574/1126
f 856/1508/1066 904/1574/1126 902/1572/1124
f 905/1575/1127 903/1573/1125 904/1574/1126
f 856/1508/1066 905/1575/1127 904/1574/1126
f 856/1508/1066 857/1510/1068 905/1575/1127
f 857/1510/1068 906/1576/1128 905/1575/1127
f 907/1577/1129 903/1573/1125 905/1575/1127
f 906/1576/1128 907/1577/1129 905/1575/1127
f 908/1578/1130 907/1577/1129 906/1576/1128
f 857/1510/1068 858/1512/1070 906/1576/1128
f 909/1579/1131 908/1578/1130 906/1576/1128
f 860/1514/1072 909/1579/1131 906/1576/1128
f 858/1512/1070 860/1514/1072 906/1576/1128
f 910/1580/1132 908/1578/1130 909/1579/1131
f 860/1514/1072 862/1516/1074 909/1579/1131
f 862/1516/1074 911/1581/1133 909/1579/1131
f 911/1581/1133 910/1580/1132 909/1579/1131
f 912/1582/1134 910/1580/1132 911/1581/1133
f 862/1516/1074 913/1583/1135 911/1581/1133
f 913/1583/1135 912/1582/1134 911/1581/1133
f 914/1584/1136 912/1582/1134 913/1583/1135
f 862/1516/1074 863/1518/1076 913/1583/1135
f 863/1518/1076 915/1585/1137 913/1583/1135
f 915/1585/1137 914/1584/1136 913/1583/1135
f 916/1586/1138 914/1584/1136 915/1585/1137
f 863/1518/1076 864/1520/1078 915/1585/1137
f 917/1587/1139 916/1586/1138 915/1585/1137
f 866/1522/1080 917/1587/1139 915/1585/1137
f 864/1520/1078 866/1522/1080 915/1585/1137
f 918/1588/1140 916/1586/1138 917/1587/1139
f 866/1522/1080 867/1524/1082 917/1587/1139
f 867/1524/1082 919/1589/1141 917/1587/1139
f 919/1589/1141 918/1588/1140 917/1587/1139
f 920/1590/1142 918/1588/1140 919/1589/1141
f 867/1524/1082 869/1526/1084 919/1589/1141
f 921/1591/1143 920/1590/1142 919/1589/1141
f 869/1526/1084 921/1591/1143 919/1589/1141
f 922/1592/1144 920/1590/1142 921/1591/1143
f 869/1526/1084 923/1593/1145 921/1591/1143
f 923/1593/1145 922/1592/1144 921/1591/1143
f 882/1546/1098 920/1590/1142 922/1592/1144
f 924/1594/1146 922/1592/1144 923/1593/1145
f 881/1544/1096 882/1546/1098 922/1592/1144
f 881/1544/1096 922/1592/1144 924/1594/1146
f 925/1595/1147 924/1594/1146 923/1593/1145
f 879/1541/1094 881/1544/1096 924/1594/1146
f 877/1539/1093 879/1541/1094 924/1594/1146
f 877/1539/1093 924/1594/1146 925/1595/1147
f 871/1530/1088 925/1595/1147 923/1593/1145
f 876/1536/1092 877/1539/1093 925/1595/1147
f 871/1530/1088 876/1536/1092 925/1595/1147
f 869/1526/1084 870/1528/1086 923/1593/1145
f 870/1528/1086 871/1530/1088 923/1593/1145
f 920/1590/1142 885/1550/1102 918/1588/1140
f 884/1548/1100 885/1550/1102 920/1590/1142
f 882/1546/1098 884/1548/1100 920/1590/1142
f 918/1588/1140 886/1552/1104 916/1586/1138
f 885/1550/1102 886/1552/1104 918/1588/1140
f 916/1586/1138 886/1552/1104 914/1584/1136
f 914/1584/1136 888/1556/1108 912/1582/1134
f 887/1554/1106 888/1556/1108 914/1584/1136
f 886/1552/1104 887/1554/1106 914/1584/1136
f 912/1582/1134 889/1558/1110 910/1580/1132
f 888/1556/1108 889/1558/1110 912/1582/1134
f 910/1580/1132 891/1560/1112 908/1578/1130
f 889/1558/1110 891/1560/1112 910/1580/1132
f 908/1578/1130 891/1560/1112 907/1577/1129
f 907/1577/1129 894/1564/1116 903/1573/1125
f 893/1562/1114 894/1564/1116 907/1577/1129
f 891/1560/1112 893/1562/1114 907/1577/1129
f 894/1564/1116 896/1566/1118 903/1573/1125
f 855/1506/1064 902/1572/1124 852/1501/1059
f 855/1506/1064 856/1508/1066 902/1572/1124
f 847/1496/1054 848/1497/1055 898/1568/1120
f 872/1532/1090 876/1536/1092 871/1530/1088
f 853/1502/1060 855/1506/1064 852/1501/1059
f 926/1596/1148 927/1597/1149 928/1598/1150
f 928/1598/1150 927/1597/1149 929/1599/1151
f 927/1597/1149 930/1600/1152 929/1599/1151
f 929/1599/1151 930/1600/1152 931/1601/1153
f 930/1600/1152 932/1602/1154 931/1601/1153
f 963/1603/1155 932/1602/1154 930/1600/1152
f 933/1604/1156 932/1602/1154 963/1603/1155
f 962/1605/1157 933/1604/1156 963/1603/1155
f 934/1606/1158 933/1604/1156 962/1605/1157
f 935/1607/1159 933/1604/1156 934/1606/1158
f 935/1607/1159 936/1608/1160 933/1604/1156
f 937/1609/1161 936/1608/1160 935/1607/1159
f 938/1610/1162 936/1608/1160 937/1609/1161
f 938/1610/1162 939/1611/1163 936/1608/1160
f 940/1612/1164 939/1611/1163 938/1610/1162
f 940/1612/1164 941/1613/1165 939/1611/1163
f 942/1614/1166 941/1613/1165 940/1612/1164
f 942/1614/1166 943/1615/1167 941/1613/1165
f 942/1614/1166 944/1616/1168 943/1615/1167
f 945/1617/1169 944/1616/1168 942/1614/1166
f 945/1617/1169 946/1618/1170 944/1616/1168
f 947/1619/1171 946/1618/1170 945/1617/1169
f 948/1620/1172 946/1618/1170 947/1619/1171
f 948/1620/1172 949/1621/1173 946/1618/1170
f 950/1622/1174 949/1621/1173 948/1620/1172
f 950/1622/1174 951/1623/1175 949/1621/1173
f 952/1624/1176 951/1623/1175 950/1622/1174
f 952/1624/1176 953/1625/1177 951/1623/1175
f 954/1626/1178 953/1625/1177 952/1624/1176
f 954/1626/1178 955/1627/1179 953/1625/1177
f 954/1626/1178 956/1628/1180 955/1627/1179
f 995/1629/1181 956/1628/1180 954/1626/1178
f 995/1629/1181 957/1630/1182 956/1628/1180
f 992/1631/1183 957/1630/1182 995/1629/1181
f 992/1631/1183 958/1632/1184 957/1630/1182
f 959/1633/1185 958/1632/1184 992/1631/1183
f 960/1634/1186 958/1632/1184 959/1633/1185
f 961/1635/1187 958/1632/1184 960/1634/1186
f 962/1636/1157 961/1635/1187 960/1634/1186
f 962/1636/1157 960/1634/1186 934/1637/1158
f 963/1638/1155 961/1635/1187 962/1636/1157
f 930/1639/1152 964/1640/1188 963/1638/1155
f 963/1638/1155 964/1640/1188 961/1635/1187
f 958/1632/1184 964/1640/1188 965/1641/1189
f 964/1640/1188 966/1642/1190 965/1641/1189
f 930/1639/1152 966/1642/1190 964/1640/1188
f 961/1635/1187 964/1640/1188 958/1632/1184
f 965/1641/1189 966/1642/1190 967/1643/1191
f 966/1642/1190 968/1644/1192 967/1643/1191
f 969/1645/1193 968/1644/1192 966/1642/1190
f 969/1645/1193 966/1642/1190 927/1646/1149
f 927/1646/1149 966/1642/1190 930/1639/1152
f 970/1647/1194 969/1645/1193 927/1646/1149
f 926/1648/1148 970/1647/1194 927/1646/1149
f 970/1647/1194 971/1649/1195 969/1645/1193
f 1012/1650/1196 971/1649/1195 970/1647/1194
f 1014/1651/1197 971/1649/1195 1012/1650/1196
f 1014/1651/1197 972/1652/1198 971/1649/1195
f 973/1653/1199 972/1652/1198 1014/1651/1197
f 973/1653/1199 974/1654/1200 972/1652/1198
f 973/1653/1199 975/1655/1201 974/1654/1200
f 1016/1656/1202 975/1655/1201 973/1653/1199
f 1015/1657/1203 975/1655/1201 1016/1656/1202
f 928/1598/1150 929/1599/1151 1015/1657/1203
f 929/1599/1151 976/1658/1204 1015/1657/1203
f 1015/1657/1203 976/1658/1204 975/1655/1201
f 929/1599/1151 931/1601/1153 976/1658/1204
f 931/1601/1153 977/1659/1205 976/1658/1204
f 976/1658/1204 977/1659/1205 975/1655/1201
f 975/1655/1201 977/1659/1205 978/1660/1206
f 979/1661/1207 977/1659/1205 931/1601/1153
f 980/1662/1208 977/1659/1205 979/1661/1207
f 978/1660/1206 977/1659/1205 980/1662/1208
f 981/1663/1209 978/1660/1206 980/1662/1208
f 974/1654/1200 975/1655/1201 978/1660/1206
f 982/1664/1210 978/1660/1206 981/1663/1209
f 983/1665/1211 978/1660/1206 982/1664/1210
f 984/1666/1212 978/1660/1206 983/1665/1211
f 974/1654/1200 978/1660/1206 984/1666/1212
f 985/1667/1213 984/1666/1212 983/1665/1211
f 986/1668/1214 984/1666/1212 985/1667/1213
f 972/1652/1198 974/1654/1200 984/1666/1212
f 972/1652/1198 984/1666/1212 986/1668/1214
f 987/1669/1215 986/1668/1214 985/1667/1213
f 971/1649/1195 972/1652/1198 986/1668/1214
f 988/1670/1216 986/1668/1214 987/1669/1215
f 988/1670/1216 968/1644/1192 986/1668/1214
f 968/1644/1192 971/1649/1195 986/1668/1214
f 955/1627/1179 988/1670/1216 987/1669/1215
f 955/1627/1179 956/1628/1180 988/1670/1216
f 989/1671/1217 968/1644/1192 988/1670/1216
f 956/1628/1180 989/1671/1217 988/1670/1216
f 967/1643/1191 968/1644/1192 989/1671/1217
f 957/1630/1182 967/1643/1191 989/1671/1217
f 956/1628/1180 957/1630/1182 989/1671/1217
f 953/1625/1177 987/1669/1215 985/1667/1213
f 953/1625/1177 955/1627/1179 987/1669/1215
f 951/1623/1175 985/1667/1213 983/1665/1211
f 951/1623/1175 953/1625/1177 985/1667/1213
f 949/1621/1173 983/1665/1211 982/1664/1210
f 949/1621/1173 951/1623/1175 983/1665/1211
f 946/1618/1170 982/1664/1210 981/1663/1209
f 946/1618/1170 949/1621/1173 982/1664/1210
f 944/1616/1168 981/1663/1209 980/1662/1208
f 944/1616/1168 946/1618/1170 981/1663/1209
f 943/1615/1167 980/1662/1208 979/1661/1207
f 943/1615/1167 944/1616/1168 980/1662/1208
f 990/1672/1218 979/1661/1207 931/1601/1153
f 939/1611/1163 979/1661/1207 990/1672/1218
f 939/1611/1163 941/1613/1165 979/1661/1207
f 941/1613/1165 943/1615/1167 979/1661/1207
f 991/1673/1219 990/1672/1218 931/1601/1153
f 991/1673/1219 936/1608/1160 990/1672/1218
f 936/1608/1160 939/1611/1163 990/1672/1218
f 932/1602/1154 991/1673/1219 931/1601/1153
f 932/1602/1154 936/1608/1160 991/1673/1219
f 971/1649/1195 968/1644/1192 969/1645/1193
f 957/1630/1182 958/1632/1184 967/1643/1191
f 958/1632/1184 965/1641/1189 967/1643/1191
f 933/1604/1156 936/1608/1160 932/1602/1154
f 883/1674/1099 992/1675/1183 993/1676/1101
f 883/1674/1099 994/1677/1097 992/1675/1183
f 992/1675/1183 995/1678/1181 993/1676/1101
f 996/1679/1103 993/1676/1101 995/1678/1181
f 997/1680/1105 996/1679/1103 998/1681/1220
f 998/1681/1220 996/1679/1103 995/1678/1181
f 999/1682/1221 997/1680/1105 998/1681/1220
f 1000/1683/1222 997/1680/1105 999/1682/1221
f 1001/1684/1223 1002/1685/1109 1000/1683/1222
f 1002/1685/1109 1003/1686/1107 1000/1683/1222
f 1003/1686/1107 997/1680/1105 1000/1683/1222
f 890/1687/1111 1002/1685/1109 1004/1688/1224
f 1004/1688/1224 1002/1685/1109 1001/1684/1223
f 892/1689/1113 890/1687/1111 1004/1688/1224
f 1005/1690/1115 892/1689/1113 1006/1691/1225
f 1006/1691/1225 892/1689/1113 1004/1688/1224
f 1007/1692/1226 1005/1690/1115 1006/1691/1225
f 1008/1693/1227 895/1694/1117 1007/1692/1226
f 895/1694/1117 1005/1690/1115 1007/1692/1226
f 897/1695/1119 895/1694/1117 1009/1696/1228
f 1009/1696/1228 895/1694/1117 1008/1693/1227
f 898/1697/1120 897/1695/1119 1009/1696/1228
f 847/1698/1054 898/1697/1120 1010/1699/1229
f 1010/1699/1229 898/1697/1120 1011/1700/1230
f 1011/1700/1230 898/1697/1120 1009/1696/1228
f 846/1701/1052 847/1698/1054 934/1702/1158
f 934/1702/1158 847/1698/1054 1010/1699/1229
f 880/1703/1095 846/1701/1052 934/1702/1158
f 994/1677/1097 880/1703/1095 959/1704/1185
f 959/1704/1185 880/1703/1095 960/1705/1186
f 960/1705/1186 880/1703/1095 934/1702/1158
f 994/1677/1097 959/1704/1185 992/1675/1183
f 1012/1706/1196 1013/1707/1231 1014/1708/1197
f 1012/1706/1196 970/1709/1194 1013/1707/1231
f 970/1709/1194 926/1710/1148 1013/1707/1231
f 928/1711/1150 1013/1707/1231 926/1710/1148
f 1015/1712/1203 1013/1707/1231 928/1711/1150
f 1016/1713/1202 1013/1707/1231 1015/1712/1203
f 973/1714/1199 1013/1707/1231 1016/1713/1202
f 1014/1708/1197 1013/1707/1231 973/1714/1199
f 1017/1715/1232 1110/1716/1233 1049/1717/1234
f 1049/1717/1234 1110/1716/1233 1018/1718/1235
f 1110/1716/1233 1111/1719/1236 1018/1718/1235
f 1018/1718/1235 1111/1719/1236 1050/1720/1237
f 1111/1719/1236 1112/1721/1238 1050/1720/1237
f 1050/1720/1237 1112/1721/1238 1051/1722/1239
f 1112/1721/1238 1113/1723/1240 1051/1722/1239
f 1051/1722/1239 1113/1723/1240 1019/1724/1241
f 1113/1723/1240 1020/1725/1242 1019/1724/1241
f 1019/1724/1241 1020/1725/1242 1053/1726/1243
f 1020/1725/1242 1114/1727/1244 1053/1726/1243
f 1053/1726/1243 1114/1727/1244 1021/1728/1245
f 1114/1727/1244 1022/1729/1246 1021/1728/1245
f 1021/1728/1245 1022/1729/1246 1023/1730/1247
f 1022/1729/1246 1115/1731/1248 1023/1730/1247
f 1023/1730/1247 1115/1731/1248 1056/1732/1249
f 1115/1731/1248 1116/1733/1250 1056/1732/1249
f 1056/1732/1249 1116/1733/1250 1024/1734/1251
f 1116/1733/1250 1117/1735/1252 1024/1734/1251
f 1024/1734/1251 1117/1735/1252 1057/1736/1253
f 1117/1735/1252 1118/1737/1254 1057/1736/1253
f 1057/1736/1253 1118/1737/1254 1025/1738/1255
f 1118/1737/1254 1026/1739/1256 1025/1738/1255
f 1025/1738/1255 1026/1739/1256 1058/1740/1257
f 1026/1739/1256 1027/1741/1258 1058/1740/1257
f 1058/1740/1257 1027/1741/1258 1059/1742/1259
f 1027/1741/1258 1119/1743/1260 1059/1742/1259
f 1059/1742/1259 1119/1743/1260 1028/1744/1261
f 1119/1743/1260 1029/1745/1262 1028/1744/1261
f 1028/1744/1261 1029/1745/1262 1030/1746/1263
f 1029/1745/1262 1120/1747/1264 1030/1746/1263
f 1030/1746/1263 1120/1747/1264 1062/1748/1265
f 1120/1747/1264 1121/1749/1266 1062/1748/1265
f 1062/1748/1265 1121/1749/1266 1063/1750/1267
f 1121/1749/1266 1031/1751/1268 1063/1750/1267
f 1063/1750/1267 1031/1751/1268 1032/1752/1269
f 1031/1751/1268 1071/1753/1270 1032/1752/1269
f 1032/1752/1269 1071/1753/1270 1033/1754/1271
f 1071/1753/1270 1073/1755/1272 1033/1754/1271
f 1033/1754/1271 1073/1755/1272 1034/1756/1273
f 1073/1755/1272 1074/1757/1274 1034/1756/1273
f 1034/1756/1273 1074/1757/1274 1065/1758/1275
f 1074/1757/1274 1076/1759/1276 1065/1758/1275
f 1065/1758/1275 1076/1759/1276 1035/1760/1277
f 1076/1759/1276 1077/1761/1278 1035/1760/1277
f 1035/1760/1277 1077/1761/1278 1066/1762/1279
f 1077/1761/1278 1036/1763/1280 1066/1762/1279
f 1066/1762/1279 1036/1763/1280 1037/1764/1281
f 1036/1763/1280 1038/1765/1282 1037/1764/1281
f 1037/1764/1281 1038/1765/1282 1039/1766/1283
f 1038/1765/1282 1040/1767/1284 1039/1766/1283
f 1039/1766/1283 1040/1767/1284 1069/1768/1285
f 1040/1767/1284 1041/1769/1286 1069/1768/1285
f 1069/1768/1285 1041/1769/1286 1042/1770/1287
f 1041/1769/1286 1043/1771/1288 1042/1770/1287
f 1042/1770/1287 1043/1771/1288 1044/1772/1289
f 1043/1771/1288 1108/1773/1290 1044/1772/1289
f 1044/1772/1289 1108/1773/1290 1045/1774/1291
f 1108/1773/1290 1046/1775/1292 1045/1774/1291
f 1045/1774/1291 1046/1775/1292 1047/1776/1293
f 1046/1775/1292 1109/1777/1294 1047/1776/1293
f 1047/1776/1293 1109/1777/1294 1048/1778/1295
f 1109/1777/1294 1017/1779/1232 1048/1778/1295
f 1017/1779/1232 1049/1780/1234 1048/1778/1295
f 1049/1780/1234 1018/1781/1235 875/1504/1062
f 875/1504/1062 1018/1781/1235 854/1505/1063
f 1018/1781/1235 1050/1782/1237 854/1505/1063
f 1050/1782/1237 1051/1783/1239 854/1505/1063
f 854/1505/1063 1051/1783/1239 1052/1507/1065
f 1051/1783/1239 1019/1784/1241 1052/1507/1065
f 1019/1784/1241 1053/1785/1243 1052/1507/1065
f 1052/1507/1065 1053/1785/1243 1054/1509/1067
f 1053/1785/1243 1021/1786/1245 1054/1509/1067
f 1021/1786/1245 1023/1787/1247 1054/1509/1067
f 1054/1509/1067 1023/1787/1247 1055/1511/1069
f 1023/1787/1247 1056/1788/1249 1055/1511/1069
f 1056/1788/1249 1024/1789/1251 1055/1511/1069
f 1055/1511/1069 1024/1789/1251 859/1513/1071
f 1024/1789/1251 1057/1790/1253 859/1513/1071
f 1057/1790/1253 1025/1791/1255 859/1513/1071
f 859/1513/1071 1025/1791/1255 861/1515/1073
f 1025/1791/1255 1058/1792/1257 861/1515/1073
f 1058/1792/1257 1059/1793/1259 861/1515/1073
f 861/1515/1073 1059/1793/1259 1060/1517/1075
f 1059/1793/1259 1028/1794/1261 1060/1517/1075
f 1028/1794/1261 1030/1795/1263 1060/1517/1075
f 1060/1517/1075 1030/1795/1263 1061/1519/1077
f 1030/1795/1263 1062/1748/1265 1061/1519/1077
f 1062/1748/1265 1063/1796/1267 1061/1519/1077
f 1061/1519/1077 1063/1796/1267 865/1521/1079
f 1063/1796/1267 1032/1797/1269 865/1521/1079
f 1032/1797/1269 1033/1798/1271 865/1521/1079
f 865/1521/1079 1033/1798/1271 1064/1523/1081
f 1033/1798/1271 1034/1799/1273 1064/1523/1081
f 1034/1799/1273 1065/1800/1275 1064/1523/1081
f 1064/1523/1081 1065/1800/1275 868/1525/1083
f 1065/1800/1275 1035/1801/1277 868/1525/1083
f 1035/1801/1277 1066/1802/1279 868/1525/1083
f 868/1525/1083 1066/1802/1279 1067/1527/1085
f 1066/1802/1279 1037/1803/1281 1067/1527/1085
f 1037/1803/1281 1039/1804/1283 1067/1527/1085
f 1067/1527/1085 1039/1804/1283 1068/1529/1087
f 1039/1804/1283 1069/1805/1285 1068/1529/1087
f 1069/1805/1285 1042/1806/1287 1068/1529/1087
f 1068/1529/1087 1042/1806/1287 1070/1531/1089
f 1042/1806/1287 1044/1807/1289 1070/1531/1089
f 1044/1807/1289 1045/1808/1291 1070/1531/1089
f 1070/1531/1089 1045/1808/1291 873/1533/1091
f 1045/1808/1291 1047/1809/1293 873/1533/1091
f 1047/1809/1293 1048/1810/1295 873/1533/1091
f 873/1533/1091 1048/1810/1295 875/1535/1062
f 1049/1717/1234 875/1535/1062 1048/1810/1295
f 1071/1811/1270 1072/1812/1296 1073/1813/1272
f 1071/1811/1270 1031/1814/1268 1072/1812/1296
f 1073/1813/1272 1072/1812/1296 1074/1815/1274
f 1074/1815/1274 1075/1816/1297 1076/1817/1276
f 1074/1815/1274 1072/1812/1296 1075/1816/1297
f 1076/1817/1276 1075/1816/1297 1077/1818/1278
f 1077/1818/1278 1078/1819/1298 1036/1820/1280
f 1077/1818/1278 1075/1816/1297 1078/1819/1298
f 1036/1820/1280 1078/1819/1298 1079/1821/1299
f 1079/1821/1299 1078/1819/1298 1080/1822/1300
f 1080/1822/1300 1078/1819/1298 1081/1823/1301
f 1078/1819/1298 1075/1816/1297 1081/1823/1301
f 1081/1823/1301 1075/1816/1297 1082/1824/1302
f 1083/1825/1303 1082/1824/1302 1072/1812/1296
f 1075/1816/1297 1072/1812/1296 1082/1824/1302
f 1083/1825/1303 1072/1812/1296 1084/1826/1304
f 1084/1826/1304 1085/1827/1305 1083/1825/1303
f 1084/1826/1304 1086/1828/1306 1085/1827/1305
f 1085/1827/1305 1086/1828/1306 1087/1829/1307
f 1086/1828/1306 1088/1830/1308 1087/1829/1307
f 1087/1829/1307 1088/1830/1308 1089/1831/1309
f 1088/1830/1308 1090/1832/1310 1089/1831/1309
f 1089/1831/1309 1090/1832/1310 1091/1833/1311
f 1090/1832/1310 1092/1834/1312 1091/1833/1311
f 1091/1833/1311 1092/1834/1312 1093/1835/1313
f 1092/1834/1312 1094/1836/1314 1093/1835/1313
f 1093/1835/1313 1094/1836/1314 1095/1837/1315
f 1094/1836/1314 1096/1838/1316 1095/1837/1315
f 1095/1837/1315 1096/1838/1316 1097/1839/1317
f 1096/1838/1316 1098/1840/1318 1097/1839/1317
f 1097/1839/1317 1098/1840/1318 1099/1841/1319
f 1098/1840/1318 1100/1842/1320 1099/1841/1319
f 1099/1841/1319 1100/1842/1320 1101/1843/1321
f 1100/1842/1320 1102/1844/1322 1101/1843/1321
f 1101/1843/1321 1102/1844/1322 1103/1845/1323
f 1102/1844/1322 1104/1846/1324 1103/1845/1323
f 1103/1845/1323 1104/1846/1324 1105/1847/1325
f 1104/1846/1324 1106/1848/1326 1105/1847/1325
f 1105/1847/1325 1106/1848/1326 1107/1849/1327
f 1106/1848/1326 1079/1821/1299 1107/1849/1327
f 1107/1849/1327 1079/1821/1299 1080/1822/1300
f 1108/1850/1290 1106/1848/1326 1104/1846/1324
f 1043/1851/1288 1106/1848/1326 1108/1850/1290
f 1041/1852/1286 1079/1821/1299 1106/1848/1326
f 1041/1852/1286 1106/1848/1326 1043/1851/1288
f 1040/1853/1284 1079/1821/1299 1041/1852/1286
f 1038/1854/1282 1079/1821/1299 1040/1853/1284
f 1036/1820/1280 1079/1821/1299 1038/1854/1282
f 1108/1850/1290 1104/1846/1324 1046/1855/1292
f 1046/1855/1292 1102/1844/1322 1109/1856/1294
f 1046/1855/1292 1104/1846/1324 1102/1844/1322
f 1109/1856/1294 1102/1844/1322 1017/1857/1232
f 1017/1857/1232 1102/1844/1322 1110/1858/1233
f 1110/1858/1233 1100/1842/1320 1111/1859/1236
f 1110/1858/1233 1102/1844/1322 1100/1842/1320
f 1111/1859/1236 1100/1842/1320 1112/1860/1238
f 1112/1860/1238 1098/1840/1318 1113/1861/1240
f 1112/1860/1238 1100/1842/1320 1098/1840/1318
f 1113/1861/1240 1098/1840/1318 1020/1862/1242
f 1020/1862/1242 1096/1838/1316 1114/1863/1244
f 1020/1862/1242 1098/1840/1318 1096/1838/1316
f 1114/1863/1244 1094/1836/1314 1022/1864/1246
f 1114/1863/1244 1096/1838/1316 1094/1836/1314
f 1022/1864/1246 1094/1836/1314 1115/1865/1248
f 1115/1865/1248 1094/1836/1314 1116/1866/1250
f 1116/1866/1250 1092/1834/1312 1117/1867/1252
f 1116/1866/1250 1094/1836/1314 1092/1834/1312
f 1117/1867/1252 1090/1832/1310 1118/1868/1254
f 1117/1867/1252 1092/1834/1312 1090/1832/1310
f 1118/1868/1254 1090/1832/1310 1026/1869/1256
f 1026/1869/1256 1088/1830/1308 1027/1870/1258
f 1026/1869/1256 1090/1832/1310 1088/1830/1308
f 1027/1870/1258 1088/1830/1308 1119/1871/1260
f 1119/1871/1260 1088/1830/1308 1029/1872/1262
f 1029/1872/1262 1086/1828/1306 1120/1873/1264
f 1029/1872/1262 1088/1830/1308 1086/1828/1306
f 1120/1873/1264 1086/1828/1306 1121/1874/1266
f 1121/1874/1266 1084/1826/1304 1031/1814/1268
f 1121/1874/1266 1086/1828/1306 1084/1826/1304
f 1031/1814/1268 1084/1826/1304 1072/1812/1296
f 1122/1875/1011 1123/1876/1012 1124/1877/1328
f 1122/1875/1011 1125/1878/1014 1123/1876/1012
f 1124/1877/1328 1123/1876/1012 1126/1879/1015
f 1127/1880/1016 1124/1877/1328 1126/1879/1015
f 1127/1880/1016 1126/1879/1015 1128/1881/1017
f 1129/1882/1018 1127/1880/1016 1128/1881/1017
f 1130/1883/1019 1129/1882/1018 1131/1884/1329
f 1129/1882/1018 1132/1885/1021 1131/1884/1329
f 1129/1882/1018 1128/1881/1017 1132/1885/1021
f 1133/1886/1022 1130/1883/1019 1131/1884/1329
f 1134/1887/1023 1133/1886/1022 1135/1888/1024
f 1133/1886/1022 1136/1889/1025 1135/1888/1024
f 1133/1886/1022 1131/1884/1329 1136/1889/1025
f 1137/1890/1026 1134/1887/1023 1135/1888/1024
f 1137/1890/1026 1135/1888/1024 1138/1891/1330
f 1139/1892/1028 1137/1890/1026 1138/1891/1330
f 1139/1892/1028 1138/1891/1330 1140/1893/1029
f 1141/1894/1030 1139/1892/1028 1140/1893/1029
f 1142/1895/1331 1139/1892/1028 1141/1894/1030
f 1143/1896/1332 1142/1895/1331 1141/1894/1030
f 1143/1896/1332 1141/1894/1030 1144/1897/1333
f 1145/1898/1034 1143/1896/1332 1144/1897/1333
f 1145/1898/1034 1144/1897/1333 1146/1899/1035
f 1147/1900/1036 1145/1898/1034 1146/1899/1035
f 1148/1901/1037 1147/1900/1036 1149/1902/1038
f 1147/1900/1036 1146/1899/1035 1149/1902/1038
f 1150/1903/1039 1148/1901/1037 1151/1904/1040
f 1148/1901/1037 1149/1902/1038 1151/1904/1040
f 1152/1905/1041 1151/1904/1040 1153/1906/1042
f 1151/1904/1040 1149/1902/1038 1153/1906/1042
f 1150/1903/1039 1151/1904/1040 1152/1905/1041
f 1125/1878/1014 1152/1905/1041 1154/1907/1043
f 1125/1878/1014 1150/1903/1039 1152/1905/1041
f 1154/1907/1043 1152/1905/1041 1153/1906/1042
f 1125/1878/1014 1154/1907/1043 1123/1876/1012
f 1123/1876/1012 1154/1907/1043 1155/1908/1044
f 1154/1907/1043 1153/1906/1042 1155/1908/1044
f 1123/1876/1012 1155/1908/1044 1126/1879/1015
f 1126/1879/1015 1155/1908/1044 1156/1909/1045
f 1155/1908/1044 1153/1906/1042 1157/1910/1046
f 1156/1909/1045 1155/1908/1044 1157/1910/1046
f 1156/1909/1045 1157/1910/1046 1158/1911/1334
f 1128/1881/1017 1126/1879/1015 1156/1909/1045
f 1132/1885/1021 1128/1881/1017 1156/1909/1045
f 1132/1885/1021 1156/1909/1045 1158/1911/1334
f 1158/1911/1334 1157/1910/1046 1159/1912/1048
f 1131/1884/1329 1132/1885/1021 1158/1911/1334
f 1131/1884/1329 1158/1911/1334 1159/1912/1048
f 1135/1888/1024 1159/1912/1048 1160/1913/1049
f 1159/1912/1048 1157/1910/1046 1160/1913/1049
f 1135/1888/1024 1136/1889/1025 1159/1912/1048
f 1136/1889/1025 1131/1884/1329 1159/1912/1048
f 1140/1893/1029 1160/1913/1049 1161/1914/1050
f 1160/1913/1049 1157/1910/1046 1161/1914/1050
f 1140/1893/1029 1138/1891/1330 1160/1913/1049
f 1138/1891/1330 1135/1888/1024 1160/1913/1049
f 1144/1897/1333 1161/1914/1050 1162/1915/1051
f 1161/1914/1050 1157/1910/1046 1162/1915/1051
f 1144/1897/1333 1141/1894/1030 1161/1914/1050
f 1141/1894/1030 1140/1893/1029 1161/1914/1050
f 1149/1902/1038 1162/1915/1051 1153/1906/1042
f 1162/1915/1051 1157/1910/1046 1153/1906/1042
f 1149/1902/1038 1146/1899/1035 1162/1915/1051
f 1146/1899/1035 1144/1897/1333 1162/1915/1051
f 1163/1916/1052 1196/1917/1335 1327/1918/1054
f 1196/1917/1335 1164/1919/1055 1327/1918/1054
f 1196/1917/1335 1165/1920/1056 1164/1919/1055
f 1164/1919/1055 1165/1920/1056 1166/1921/1057
f 1165/1920/1056 1167/1922/1058 1166/1921/1057
f 1167/1922/1058 1168/1923/1059 1166/1921/1057
f 1169/1924/1060 1168/1923/1059 1167/1922/1058
f 1170/1925/1061 1169/1924/1060 1167/1922/1058
f 1374/1926/1336 1169/1924/1060 1170/1925/1061
f 1171/1927/1063 1169/1924/1060 1374/1926/1336
f 1171/1927/1063 1172/1928/1064 1169/1924/1060
f 1173/1929/1065 1172/1928/1064 1171/1927/1063
f 1173/1929/1065 1174/1930/1066 1172/1928/1064
f 1376/1931/1067 1174/1930/1066 1173/1929/1065
f 1376/1931/1067 1175/1932/1337 1174/1930/1066
f 1176/1933/1069 1175/1932/1337 1376/1931/1067
f 1176/1933/1069 1177/1934/1338 1175/1932/1337
f 1378/1935/1339 1177/1934/1338 1176/1933/1069
f 1378/1935/1339 1178/1936/1072 1177/1934/1338
f 1179/1937/1073 1178/1936/1072 1378/1935/1339
f 1179/1937/1073 1180/1938/1340 1178/1936/1072
f 1181/1939/1341 1180/1938/1340 1179/1937/1073
f 1181/1939/1341 1182/1940/1076 1180/1938/1340
f 1380/1941/1077 1182/1940/1076 1181/1939/1341
f 1380/1941/1077 1183/1942/1078 1182/1940/1076
f 1184/1943/1079 1183/1942/1078 1380/1941/1077
f 1184/1943/1079 1185/1944/1342 1183/1942/1078
f 1381/1945/1081 1185/1944/1342 1184/1943/1079
f 1381/1945/1081 1186/1946/1343 1185/1944/1342
f 1382/1947/1083 1186/1946/1343 1381/1945/1081
f 1382/1947/1083 1187/1948/1084 1186/1946/1343
f 1188/1949/1085 1187/1948/1084 1382/1947/1083
f 1188/1949/1085 1189/1950/1086 1187/1948/1084
f 1385/1951/1087 1189/1950/1086 1188/1949/1085
f 1385/1951/1087 1190/1952/1088 1189/1950/1086
f 1191/1953/1089 1190/1952/1088 1385/1951/1087
f 1192/1954/1090 1190/1952/1088 1191/1953/1089
f 1193/1955/1091 1192/1954/1090 1191/1953/1089
f 1170/1956/1061 1192/1954/1090 1193/1955/1091
f 1374/1957/1336 1170/1956/1061 1193/1955/1091
f 1170/1956/1061 1194/1958/1092 1192/1954/1090
f 1167/1959/1058 1194/1958/1092 1170/1956/1061
f 1165/1960/1056 1194/1958/1092 1167/1959/1058
f 1165/1960/1056 1195/1961/1093 1194/1958/1092
f 1196/1962/1335 1195/1961/1093 1165/1960/1056
f 1196/1962/1335 1197/1963/1094 1195/1961/1093
f 1163/1964/1052 1197/1963/1094 1196/1962/1335
f 1198/1965/1095 1197/1963/1094 1163/1964/1052
f 1198/1965/1095 1199/1966/1096 1197/1963/1094
f 1200/1967/1097 1199/1966/1096 1198/1965/1095
f 1200/1967/1097 1201/1968/1098 1199/1966/1096
f 1202/1969/1344 1201/1968/1098 1200/1967/1097
f 1202/1969/1344 1203/1970/1100 1201/1968/1098
f 1310/1971/1345 1203/1970/1100 1202/1969/1344
f 1310/1971/1345 1204/1972/1102 1203/1970/1100
f 1311/1973/1346 1204/1972/1102 1310/1971/1345
f 1311/1973/1346 1205/1974/1104 1204/1972/1102
f 1312/1975/1105 1205/1974/1104 1311/1973/1346
f 1312/1975/1105 1206/1976/1106 1205/1974/1104
f 1318/1977/1107 1206/1976/1106 1312/1975/1105
f 1318/1977/1107 1207/1978/1108 1206/1976/1106
f 1317/1979/1109 1207/1978/1108 1318/1977/1107
f 1317/1979/1109 1208/1980/1110 1207/1978/1108
f 1319/1981/1111 1208/1980/1110 1317/1979/1109
f 1319/1981/1111 1209/1982/1112 1208/1980/1110
f 1210/1983/1347 1209/1982/1112 1319/1981/1111
f 1210/1983/1347 1211/1984/1114 1209/1982/1112
f 1212/1985/1348 1211/1984/1114 1210/1983/1347
f 1212/1985/1348 1213/1986/1116 1211/1984/1114
f 1324/1987/1117 1213/1986/1116 1212/1985/1348
f 1324/1987/1117 1214/1988/1349 1213/1986/1116
f 1215/1989/1350 1214/1988/1349 1324/1987/1117
f 1326/1990/1351 1216/1991/1121 1215/1989/1350
f 1215/1989/1350 1216/1991/1121 1214/1988/1349
f 1217/1992/1122 1216/1991/1121 1166/1921/1057
f 1216/1991/1121 1164/1919/1055 1166/1921/1057
f 1326/1990/1351 1164/1919/1055 1216/1991/1121
f 1214/1988/1349 1216/1991/1121 1217/1992/1122
f 1217/1992/1122 1166/1921/1057 1168/1923/1059
f 1218/1993/1352 1214/1988/1349 1217/1992/1122
f 1219/1994/1124 1217/1992/1122 1168/1923/1059
f 1218/1993/1352 1217/1992/1122 1219/1994/1124
f 1220/1995/1125 1214/1988/1349 1218/1993/1352
f 1221/1996/1126 1218/1993/1352 1219/1994/1124
f 1220/1995/1125 1218/1993/1352 1221/1996/1126
f 1174/1930/1066 1221/1996/1126 1219/1994/1124
f 1222/1997/1127 1220/1995/1125 1221/1996/1126
f 1174/1930/1066 1222/1997/1127 1221/1996/1126
f 1174/1930/1066 1175/1932/1337 1222/1997/1127
f 1175/1932/1337 1223/1998/1128 1222/1997/1127
f 1224/1999/1129 1220/1995/1125 1222/1997/1127
f 1223/1998/1128 1224/1999/1129 1222/1997/1127
f 1225/2000/1130 1224/1999/1129 1223/1998/1128
f 1175/1932/1337 1177/1934/1338 1223/1998/1128
f 1226/2001/1131 1225/2000/1130 1223/1998/1128
f 1178/1936/1072 1226/2001/1131 1223/1998/1128
f 1177/1934/1338 1178/1936/1072 1223/1998/1128
f 1227/2002/1132 1225/2000/1130 1226/2001/1131
f 1178/1936/1072 1180/1938/1340 1226/2001/1131
f 1180/1938/1340 1228/2003/1133 1226/2001/1131
f 1228/2003/1133 1227/2002/1132 1226/2001/1131
f 1229/2004/1134 1227/2002/1132 1228/2003/1133
f 1180/1938/1340 1230/2005/1135 1228/2003/1133
f 1230/2005/1135 1229/2004/1134 1228/2003/1133
f 1231/2006/1136 1229/2004/1134 1230/2005/1135
f 1180/1938/1340 1182/1940/1076 1230/2005/1135
f 1182/1940/1076 1232/2007/1137 1230/2005/1135
f 1232/2007/1137 1231/2006/1136 1230/2005/1135
f 1233/2008/1138 1231/2006/1136 1232/2007/1137
f 1182/1940/1076 1183/1942/1078 1232/2007/1137
f 1234/2009/1139 1233/2008/1138 1232/2007/1137
f 1185/1944/1342 1234/2009/1139 1232/2007/1137
f 1183/1942/1078 1185/1944/1342 1232/2007/1137
f 1235/2010/1140 1233/2008/1138 1234/2009/1139
f 1185/1944/1342 1186/1946/1343 1234/2009/1139
f 1186/1946/1343 1236/2011/1141 1234/2009/1139
f 1236/2011/1141 1235/2010/1140 1234/2009/1139
f 1237/2012/1142 1235/2010/1140 1236/2011/1141
f 1186/1946/1343 1187/1948/1084 1236/2011/1141
f 1238/2013/1143 1237/2012/1142 1236/2011/1141
f 1187/1948/1084 1238/2013/1143 1236/2011/1141
f 1239/2014/1144 1237/2012/1142 1238/2013/1143
f 1187/1948/1084 1240/2015/1145 1238/2013/1143
f 1240/2015/1145 1239/2014/1144 1238/2013/1143
f 1201/1968/1098 1237/2012/1142 1239/2014/1144
f 1241/2016/1146 1239/2014/1144 1240/2015/1145
f 1199/1966/1096 1201/1968/1098 1239/2014/1144
f 1199/1966/1096 1239/2014/1144 1241/2016/1146
f 1242/2017/1147 1241/2016/1146 1240/2015/1145
f 1197/1963/1094 1199/1966/1096 1241/2016/1146
f 1195/1961/1093 1197/1963/1094 1241/2016/1146
f 1195/1961/1093 1241/2016/1146 1242/2017/1147
f 1190/1952/1088 1242/2017/1147 1240/2015/1145
f 1194/1958/1092 1195/1961/1093 1242/2017/1147
f 1190/1952/1088 1194/1958/1092 1242/2017/1147
f 1187/1948/1084 1189/1950/1086 1240/2015/1145
f 1189/1950/1086 1190/1952/1088 1240/2015/1145
f 1237/2012/1142 1204/1972/1102 1235/2010/1140
f 1203/1970/1100 1204/1972/1102 1237/2012/1142
f 1201/1968/1098 1203/1970/1100 1237/2012/1142
f 1235/2010/1140 1205/1974/1104 1233/2008/1138
f 1204/1972/1102 1205/1974/1104 1235/2010/1140
f 1233/2008/1138 1205/1974/1104 1231/2006/1136
f 1231/2006/1136 1207/1978/1108 1229/2004/1134
f 1206/1976/1106 1207/1978/1108 1231/2006/1136
f 1205/1974/1104 1206/1976/1106 1231/2006/1136
f 1229/2004/1134 1208/1980/1110 1227/2002/1132
f 1207/1978/1108 1208/1980/1110 1229/2004/1134
f 1227/2002/1132 1209/1982/1112 1225/2000/1130
f 1208/1980/1110 1209/1982/1112 1227/2002/1132
f 1225/2000/1130 1209/1982/1112 1224/1999/1129
f 1224/1999/1129 1213/1986/1116 1220/1995/1125
f 1211/1984/1114 1213/1986/1116 1224/1999/1129
f 1209/1982/1112 1211/1984/1114 1224/1999/1129
f 1213/1986/1116 1214/1988/1349 1220/1995/1125
f 1172/1928/1064 1219/1994/1124 1168/1923/1059
f 1172/1928/1064 1174/1930/1066 1219/1994/1124
f 1327/1918/1054 1164/1919/1055 1326/1990/1351
f 1192/1954/1090 1194/1958/1092 1190/1952/1088
f 1169/1924/1060 1172/1928/1064 1168/1923/1059
f 1333/2018/1148 1284/2019/1149 1334/2020/1353
f 1334/2020/1353 1284/2019/1149 1243/2021/1151
f 1284/2019/1149 1244/2022/1152 1243/2021/1151
f 1243/2021/1151 1244/2022/1152 1245/2023/1153
f 1244/2022/1152 1246/2024/1354 1245/2023/1153
f 1277/2025/1155 1246/2024/1354 1244/2022/1152
f 1247/2026/1156 1246/2024/1354 1277/2025/1155
f 1248/2027/1355 1247/2026/1156 1277/2025/1155
f 1249/2028/1356 1247/2026/1156 1248/2027/1355
f 1250/2029/1159 1247/2026/1156 1249/2028/1356
f 1250/2029/1159 1251/2030/1160 1247/2026/1156
f 1252/2031/1161 1251/2030/1160 1250/2029/1159
f 1253/2032/1162 1251/2030/1160 1252/2031/1161
f 1253/2032/1162 1254/2033/1163 1251/2030/1160
f 1255/2034/1164 1254/2033/1163 1253/2032/1162
f 1255/2034/1164 1256/2035/1165 1254/2033/1163
f 1257/2036/1166 1256/2035/1165 1255/2034/1164
f 1257/2036/1166 1258/2037/1167 1256/2035/1165
f 1257/2036/1166 1259/2038/1168 1258/2037/1167
f 1260/2039/1357 1259/2038/1168 1257/2036/1166
f 1260/2039/1357 1261/2040/1170 1259/2038/1168
f 1262/2041/1171 1261/2040/1170 1260/2039/1357
f 1263/2042/1172 1261/2040/1170 1262/2041/1171
f 1263/2042/1172 1264/2043/1358 1261/2040/1170
f 1265/2044/1359 1264/2043/1358 1263/2042/1172
f 1265/2044/1359 1266/2045/1175 1264/2043/1358
f 1267/2046/1176 1266/2045/1175 1265/2044/1359
f 1267/2046/1176 1268/2047/1177 1266/2045/1175
f 1269/2048/1360 1268/2047/1177 1267/2046/1176
f 1269/2048/1360 1270/2049/1179 1268/2047/1177
f 1269/2048/1360 1271/2050/1361 1270/2049/1179
f 1272/2051/1362 1271/2050/1361 1269/2048/1360
f 1272/2051/1362 1273/2052/1363 1271/2050/1361
f 1309/2053/1364 1273/2052/1363 1272/2051/1362
f 1309/2053/1364 1274/2054/1365 1273/2052/1363
f 1275/2055/1366 1274/2054/1365 1309/2053/1364
f 1330/2056/1367 1274/2054/1365 1275/2055/1366
f 1276/2057/1368 1274/2054/1365 1330/2056/1367
f 1248/2058/1355 1276/2057/1368 1330/2056/1367
f 1248/2058/1355 1330/2056/1367 1249/2059/1356
f 1277/2060/1155 1276/2057/1368 1248/2058/1355
f 1244/2061/1152 1278/2062/1369 1277/2060/1155
f 1277/2060/1155 1278/2062/1369 1276/2057/1368
f 1274/2054/1365 1278/2062/1369 1279/2063/1189
f 1278/2062/1369 1280/2064/1190 1279/2063/1189
f 1244/2061/1152 1280/2064/1190 1278/2062/1369
f 1276/2057/1368 1278/2062/1369 1274/2054/1365
f 1279/2063/1189 1280/2064/1190 1281/2065/1191
f 1280/2064/1190 1282/2066/1192 1281/2065/1191
f 1283/2067/1193 1282/2066/1192 1280/2064/1190
f 1283/2067/1193 1280/2064/1190 1284/2068/1149
f 1284/2068/1149 1280/2064/1190 1244/2061/1152
f 1285/2069/1370 1283/2067/1193 1284/2068/1149
f 1333/2070/1148 1285/2069/1370 1284/2068/1149
f 1285/2069/1370 1286/2071/1195 1283/2067/1193
f 1331/2072/1371 1286/2071/1195 1285/2069/1370
f 1287/2073/1197 1286/2071/1195 1331/2072/1371
f 1287/2073/1197 1288/2074/1198 1286/2071/1195
f 1289/2075/1372 1288/2074/1198 1287/2073/1197
f 1289/2075/1372 1290/2076/1200 1288/2074/1198
f 1289/2075/1372 1291/2077/1201 1290/2076/1200
f 1335/2078/1202 1291/2077/1201 1289/2075/1372
f 1292/2079/1373 1291/2077/1201 1335/2078/1202
f 1334/2020/1353 1243/2021/1151 1292/2079/1373
f 1243/2021/1151 1293/2080/1204 1292/2079/1373
f 1292/2079/1373 1293/2080/1204 1291/2077/1201
f 1243/2021/1151 1245/2023/1153 1293/2080/1204
f 1245/2023/1153 1294/2081/1205 1293/2080/1204
f 1293/2080/1204 1294/2081/1205 1291/2077/1201
f 1291/2077/1201 1294/2081/1205 1295/2082/1206
f 1296/2083/1207 1294/2081/1205 1245/2023/1153
f 1297/2084/1208 1294/2081/1205 1296/2083/1207
f 1295/2082/1206 1294/2081/1205 1297/2084/1208
f 1298/2085/1209 1295/2082/1206 1297/2084/1208
f 1290/2076/1200 1291/2077/1201 1295/2082/1206
f 1299/2086/1210 1295/2082/1206 1298/2085/1209
f 1300/2087/1374 1295/2082/1206 1299/2086/1210
f 1301/2088/1212 1295/2082/1206 1300/2087/1374
f 1290/2076/1200 1295/2082/1206 1301/2088/1212
f 1302/2089/1213 1301/2088/1212 1300/2087/1374
f 1303/2090/1214 1301/2088/1212 1302/2089/1213
f 1288/2074/1198 1290/2076/1200 1301/2088/1212
f 1288/2074/1198 1301/2088/1212 1303/2090/1214
f 1304/2091/1215 1303/2090/1214 1302/2089/1213
f 1286/2071/1195 1288/2074/1198 1303/2090/1214
f 1305/2092/1216 1303/2090/1214 1304/2091/1215
f 1305/2092/1216 1282/2066/1192 1303/2090/1214
f 1282/2066/1192 1286/2071/1195 1303/2090/1214
f 1270/2049/1179 1305/2092/1216 1304/2091/1215
f 1270/2049/1179 1271/2050/1361 1305/2092/1216
f 1306/2093/1217 1282/2066/1192 1305/2092/1216
f 1271/2050/1361 1306/2093/1217 1305/2092/1216
f 1281/2065/1191 1282/2066/1192 1306/2093/1217
f 1273/2052/1363 1281/2065/1191 1306/2093/1217
f 1271/2050/1361 1273/2052/1363 1306/2093/1217
f 1268/2047/1177 1304/2091/1215 1302/2089/1213
f 1268/2047/1177 1270/2049/1179 1304/2091/1215
f 1266/2045/1175 1302/2089/1213 1300/2087/1374
f 1266/2045/1175 1268/2047/1177 1302/2089/1213
f 1264/2043/1358 1300/2087/1374 1299/2086/1210
f 1264/2043/1358 1266/2045/1175 1300/2087/1374
f 1261/2040/1170 1299/2086/1210 1298/2085/1209
f 1261/2040/1170 1264/2043/1358 1299/2086/1210
f 1259/2038/1168 1298/2085/1209 1297/2084/1208
f 1259/2038/1168 1261/2040/1170 1298/2085/1209
f 1258/2037/1167 1297/2084/1208 1296/2083/1207
f 1258/2037/1167 1259/2038/1168 1297/2084/1208
f 1307/2094/1218 1296/2083/1207 1245/2023/1153
f 1254/2033/1163 1296/2083/1207 1307/2094/1218
f 1254/2033/1163 1256/2035/1165 1296/2083/1207
f 1256/2035/1165 1258/2037/1167 1296/2083/1207
f 1308/2095/1219 1307/2094/1218 1245/2023/1153
f 1308/2095/1219 1251/2030/1160 1307/2094/1218
f 1251/2030/1160 1254/2033/1163 1307/2094/1218
f 1246/2024/1354 1308/2095/1219 1245/2023/1153
f 1246/2024/1354 1251/2030/1160 1308/2095/1219
f 1286/2071/1195 1282/2066/1192 1283/2067/1193
f 1273/2052/1363 1274/2054/1365 1281/2065/1191
f 1274/2054/1365 1279/2063/1189 1281/2065/1191
f 1247/2026/1156 1251/2030/1160 1246/2024/1354
f 1202/2096/1344 1309/2097/1364 1310/2098/1345
f 1202/2096/1344 1200/2099/1097 1309/2097/1364
f 1309/2097/1364 1272/2100/1362 1310/2098/1345
f 1311/2101/1346 1310/2098/1345 1272/2100/1362
f 1312/2102/1105 1311/2101/1346 1313/2103/1375
f 1313/2103/1375 1311/2101/1346 1272/2100/1362
f 1314/2104/1376 1312/2102/1105 1313/2103/1375
f 1315/2105/1222 1312/2102/1105 1314/2104/1376
f 1316/2106/1223 1317/2107/1109 1315/2105/1222
f 1317/2107/1109 1318/2108/1107 1315/2105/1222
f 1318/2108/1107 1312/2102/1105 1315/2105/1222
f 1319/2109/1111 1317/2107/1109 1320/2110/1224
f 1320/2110/1224 1317/2107/1109 1316/2106/1223
f 1210/2111/1347 1319/2109/1111 1320/2110/1224
f 1212/2112/1348 1210/2111/1347 1321/2113/1377
f 1321/2113/1377 1210/2111/1347 1320/2110/1224
f 1322/2114/1378 1212/2112/1348 1321/2113/1377
f 1323/2115/1227 1324/2116/1117 1322/2114/1378
f 1324/2116/1117 1212/2112/1348 1322/2114/1378
f 1215/2117/1350 1324/2116/1117 1325/2118/1228
f 1325/2118/1228 1324/2116/1117 1323/2115/1227
f 1326/2119/1351 1215/2117/1350 1325/2118/1228
f 1327/2120/1054 1326/2119/1351 1328/2121/1379
f 1328/2121/1379 1326/2119/1351 1329/2122/1380
f 1329/2122/1380 1326/2119/1351 1325/2118/1228
f 1163/2123/1052 1327/2120/1054 1249/2124/1356
f 1249/2124/1356 1327/2120/1054 1328/2121/1379
f 1198/2125/1095 1163/2123/1052 1249/2124/1356
f 1200/2099/1097 1198/2125/1095 1275/2126/1366
f 1275/2126/1366 1198/2125/1095 1330/2127/1367
f 1330/2127/1367 1198/2125/1095 1249/2124/1356
f 1200/2099/1097 1275/2126/1366 1309/2097/1364
f 1331/2128/1371 1332/2129/1381 1287/2130/1197
f 1331/2128/1371 1285/2131/1370 1332/2129/1381
f 1285/2131/1370 1333/2132/1148 1332/2129/1381
f 1334/2133/1353 1332/2129/1381 1333/2132/1148
f 1292/2134/1373 1332/2129/1381 1334/2133/1353
f 1335/2135/1202 1332/2129/1381 1292/2134/1373
f 1289/2136/1372 1332/2129/1381 1335/2135/1202
f 1287/2130/1197 1332/2129/1381 1289/2136/1372
f 1431/2137/1232 1336/2138/1233 1372/2139/1234
f 1372/2139/1234 1336/2138/1233 1373/2140/1235
f 1336/2138/1233 1337/2141/1236 1373/2140/1235
f 1373/2140/1235 1337/2141/1236 1338/2142/1237
f 1337/2141/1236 1339/2143/1238 1338/2142/1237
f 1338/2142/1237 1339/2143/1238 1375/2144/1239
f 1339/2143/1238 1432/2145/1240 1375/2144/1239
f 1375/2144/1239 1432/2145/1240 1340/2146/1241
f 1432/2145/1240 1433/2147/1242 1340/2146/1241
f 1340/2146/1241 1433/2147/1242 1341/2148/1243
f 1433/2147/1242 1342/2149/1382 1341/2148/1243
f 1341/2148/1243 1342/2149/1382 1343/2150/1245
f 1342/2149/1382 1434/2151/1246 1343/2150/1245
f 1343/2150/1245 1434/2151/1246 1344/2152/1247
f 1434/2151/1246 1435/2153/1383 1344/2152/1247
f 1344/2152/1247 1435/2153/1383 1345/2154/1249
f 1435/2153/1383 1346/2155/1250 1345/2154/1249
f 1345/2154/1249 1346/2155/1250 1377/2156/1384
f 1346/2155/1250 1436/2157/1252 1377/2156/1384
f 1377/2156/1384 1436/2157/1252 1347/2158/1253
f 1436/2157/1252 1348/2159/1385 1347/2158/1253
f 1347/2158/1253 1348/2159/1385 1349/2160/1386
f 1348/2159/1385 1350/2161/1256 1349/2160/1386
f 1349/2160/1386 1350/2161/1256 1351/2162/1257
f 1350/2161/1256 1352/2163/1387 1351/2162/1257
f 1351/2162/1257 1352/2163/1387 1353/2164/1259
f 1352/2163/1387 1437/2165/1388 1353/2164/1259
f 1353/2164/1259 1437/2165/1388 1379/2166/1389
f 1437/2165/1388 1438/2167/1262 1379/2166/1389
f 1379/2166/1389 1438/2167/1262 1354/2168/1390
f 1438/2167/1262 1355/2169/1264 1354/2168/1390
f 1354/2168/1390 1355/2169/1264 1356/2170/1265
f 1355/2169/1264 1357/2171/1391 1356/2170/1265
f 1356/2170/1265 1357/2171/1391 1358/2172/1392
f 1357/2171/1391 1359/2173/1393 1358/2172/1392
f 1358/2172/1392 1359/2173/1393 1360/2174/1269
f 1359/2173/1393 1361/2175/1270 1360/2174/1269
f 1360/2174/1269 1361/2175/1270 1362/2176/1394
f 1361/2175/1270 1390/2177/1272 1362/2176/1394
f 1362/2176/1394 1390/2177/1272 1363/2178/1395
f 1390/2177/1272 1391/2179/1274 1363/2178/1395
f 1363/2178/1395 1391/2179/1274 1364/2180/1275
f 1391/2179/1274 1365/2181/1396 1364/2180/1275
f 1364/2180/1275 1365/2181/1396 1383/2182/1397
f 1365/2181/1396 1393/2183/1278 1383/2182/1397
f 1383/2182/1397 1393/2183/1278 1366/2184/1398
f 1393/2183/1278 1395/2185/1399 1366/2184/1398
f 1366/2184/1398 1395/2185/1399 1367/2186/1281
f 1395/2185/1399 1428/2187/1282 1367/2186/1281
f 1367/2186/1281 1428/2187/1282 1384/2188/1283
f 1428/2187/1282 1427/2189/1284 1384/2188/1283
f 1384/2188/1283 1427/2189/1284 1386/2190/1400
f 1427/2189/1284 1368/2191/1286 1386/2190/1400
f 1386/2190/1400 1368/2191/1286 1369/2192/1287
f 1368/2191/1286 1426/2193/1288 1369/2192/1287
f 1369/2192/1287 1426/2193/1288 1370/2194/1289
f 1426/2193/1288 1425/2195/1290 1370/2194/1289
f 1370/2194/1289 1425/2195/1290 1387/2196/1291
f 1425/2195/1290 1429/2197/1292 1387/2196/1291
f 1387/2196/1291 1429/2197/1292 1371/2198/1293
f 1429/2197/1292 1430/2199/1294 1371/2198/1293
f 1371/2198/1293 1430/2199/1294 1388/2200/1295
f 1430/2199/1294 1431/2201/1232 1388/2200/1295
f 1431/2201/1232 1372/2202/1234 1388/2200/1295
f 1372/2202/1234 1373/2203/1235 1374/1926/1336
f 1374/1926/1336 1373/2203/1235 1171/1927/1063
f 1373/2203/1235 1338/2204/1237 1171/1927/1063
f 1338/2204/1237 1375/2205/1239 1171/1927/1063
f 1171/1927/1063 1375/2205/1239 1173/1929/1065
f 1375/2205/1239 1340/2206/1241 1173/1929/1065
f 1340/2206/1241 1341/2207/1243 1173/1929/1065
f 1173/1929/1065 1341/2207/1243 1376/1931/1067
f 1341/2207/1243 1343/2208/1245 1376/1931/1067
f 1343/2208/1245 1344/2209/1247 1376/1931/1067
f 1376/1931/1067 1344/2209/1247 1176/1933/1069
f 1344/2209/1247 1345/2210/1249 1176/1933/1069
f 1345/2210/1249 1377/2211/1384 1176/1933/1069
f 1176/1933/1069 1377/2211/1384 1378/1935/1339
f 1377/2211/1384 1347/2212/1253 1378/1935/1339
f 1347/2212/1253 1349/2213/1386 1378/1935/1339
f 1378/1935/1339 1349/2213/1386 1179/1937/1073
f 1349/2213/1386 1351/2214/1257 1179/1937/1073
f 1351/2214/1257 1353/2215/1259 1179/1937/1073
f 1179/1937/1073 1353/2215/1259 1181/1939/1341
f 1353/2215/1259 1379/2216/1389 1181/1939/1341
f 1379/2216/1389 1354/2217/1390 1181/1939/1341
f 1181/1939/1341 1354/2217/1390 1380/1941/1077
f 1354/2217/1390 1356/2170/1265 1380/1941/1077
f 1356/2170/1265 1358/2218/1392 1380/1941/1077
f 1380/1941/1077 1358/2218/1392 1184/1943/1079
f 1358/2218/1392 1360/2219/1269 1184/1943/1079
f 1360/2219/1269 1362/2220/1394 1184/1943/1079
f 1184/1943/1079 1362/2220/1394 1381/1945/1081
f 1362/2220/1394 1363/2221/1395 1381/1945/1081
f 1363/2221/1395 1364/2222/1275 1381/1945/1081
f 1381/1945/1081 1364/2222/1275 1382/1947/1083
f 1364/2222/1275 1383/2223/1397 1382/1947/1083
f 1383/2223/1397 1366/2224/1398 1382/1947/1083
f 1382/1947/1083 1366/2224/1398 1188/1949/1085
f 1366/2224/1398 1367/2225/1281 1188/1949/1085
f 1367/2225/1281 1384/2226/1283 1188/1949/1085
f 1188/1949/1085 1384/2226/1283 1385/1951/1087
f 1384/2226/1283 1386/2227/1400 1385/1951/1087
f 1386/2227/1400 1369/2228/1287 1385/1951/1087
f 1385/1951/1087 1369/2228/1287 1191/1953/1089
f 1369/2228/1287 1370/2229/1289 1191/1953/1089
f 1370/2229/1289 1387/2230/1291 1191/1953/1089
f 1191/1953/1089 1387/2230/1291 1193/1955/1091
f 1387/2230/1291 1371/2231/1293 1193/1955/1091
f 1371/2231/1293 1388/2232/1295 1193/1955/1091
f 1193/1955/1091 1388/2232/1295 1374/1957/1336
f 1372/2139/1234 1374/1957/1336 1388/2232/1295
f 1361/2233/1270 1389/2234/1296 1390/2235/1272
f 1361/2233/1270 1359/2236/1393 1389/2234/1296
f 1390/2235/1272 1389/2234/1296 1391/2237/1274
f 1391/2237/1274 1392/2238/1297 1365/2239/1396
f 1391/2237/1274 1389/2234/1296 1392/2238/1297
f 1365/2239/1396 1392/2238/1297 1393/2240/1278
f 1393/2240/1278 1394/2241/1401 1395/2242/1399
f 1393/2240/1278 1392/2238/1297 1394/2241/1401
f 1395/2242/1399 1394/2241/1401 1396/2243/1402
f 1396/2243/1402 1394/2241/1401 1397/2244/1300
f 1397/2244/1300 1394/2241/1401 1398/2245/1301
f 1394/2241/1401 1392/2238/1297 1398/2245/1301
f 1398/2245/1301 1392/2238/1297 1399/2246/1403
f 1400/2247/1303 1399/2246/1403 1389/2234/1296
f 1392/2238/1297 1389/2234/1296 1399/2246/1403
f 1400/2247/1303 1389/2234/1296 1401/2248/1304
f 1401/2248/1304 1402/2249/1305 1400/2247/1303
f 1401/2248/1304 1403/2250/1404 1402/2249/1305
f 1402/2249/1305 1403/2250/1404 1404/2251/1307
f 1403/2250/1404 1405/2252/1308 1404/2251/1307
f 1404/2251/1307 1405/2252/1308 1406/2253/1405
f 1405/2252/1308 1407/2254/1406 1406/2253/1405
f 1406/2253/1405 1407/2254/1406 1408/2255/1311
f 1407/2254/1406 1409/2256/1312 1408/2255/1311
f 1408/2255/1311 1409/2256/1312 1410/2257/1407
f 1409/2256/1312 1411/2258/1408 1410/2257/1407
f 1410/2257/1407 1411/2258/1408 1412/2259/1315
f 1411/2258/1408 1413/2260/1316 1412/2259/1315
f 1412/2259/1315 1413/2260/1316 1414/2261/1317
f 1413/2260/1316 1415/2262/1318 1414/2261/1317
f 1414/2261/1317 1415/2262/1318 1416/2263/1319
f 1415/2262/1318 1417/2264/1320 1416/2263/1319
f 1416/2263/1319 1417/2264/1320 1418/2265/1321
f 1417/2264/1320 1419/2266/1322 1418/2265/1321
f 1418/2265/1321 1419/2266/1322 1420/2267/1409
f 1419/2266/1322 1421/2268/1410 1420/2267/1409
f 1420/2267/1409 1421/2268/1410 1422/2269/1325
f 1421/2268/1410 1423/2270/1326 1422/2269/1325
f 1422/2269/1325 1423/2270/1326 1424/2271/1327
f 1423/2270/1326 1396/2243/1402 1424/2271/1327
f 1424/2271/1327 1396/2243/1402 1397/2244/1300
f 1425/2272/1290 1423/2270/1326 1421/2268/1410
f 1426/2273/1288 1423/2270/1326 1425/2272/1290
f 1368/2274/1286 1396/2243/1402 1423/2270/1326
f 1368/2274/1286 1423/2270/1326 1426/2273/1288
f 1427/2275/1284 1396/2243/1402 1368/2274/1286
f 1428/2276/1282 1396/2243/1402 1427/2275/1284
f 1395/2242/1399 1396/2243/1402 1428/2276/1282
f 1425/2272/1290 1421/2268/1410 1429/2277/1292
f 1429/2277/1292 1419/2266/1322 1430/2278/1294
f 1429/2277/1292 1421/2268/1410 1419/2266/1322
f 1430/2278/1294 1419/2266/1322 1431/2279/1232
f 1431/2279/1232 1419/2266/1322 1336/2280/1233
f 1336/2280/1233 1417/2264/1320 1337/2281/1236
f 1336/2280/1233 1419/2266/1322 1417/2264/1320
f 1337/2281/1236 1417/2264/1320 1339/2282/1238
f 1339/2282/1238 1415/2262/1318 1432/2283/1240
f 1339/2282/1238 1417/2264/1320 1415/2262/1318
f 1432/2283/1240 1415/2262/1318 1433/2284/1242
f 1433/2284/1242 1413/2260/1316 1342/2285/1382
f 1433/2284/1242 1415/2262/1318 1413/2260/1316
f 1342/2285/1382 1411/2258/1408 1434/2286/1246
f 1342/2285/1382 1413/2260/1316 1411/2258/1408
f 1434/2286/1246 1411/2258/1408 1435/2287/1383
f 1435/2287/1383 1411/2258/1408 1346/2288/1250
f 1346/2288/1250 1409/2256/1312 1436/2289/1252
f 1346/2288/1250 1411/2258/1408 1409/2256/1312
f 1436/2289/1252 1407/2254/1406 1348/2290/1385
f 1436/2289/1252 1409/2256/1312 1407/2254/1406
f 1348/2290/1385 1407/2254/1406 1350/2291/1256
f 1350/2291/1256 1405/2252/1308 1352/2292/1387
f 1350/2291/1256 1407/2254/1406 1405/2252/1308
f 1352/2292/1387 1405/2252/1308 1437/2293/1388
f 1437/2293/1388 1405/2252/1308 1438/2294/1262
f 1438/2294/1262 1403/2250/1404 1355/2295/1264
f 1438/2294/1262 1405/2252/1308 1403/2250/1404
f 1355/2295/1264 1403/2250/1404 1357/2296/1391
f 1357/2296/1391 1401/2248/1304 1359/2236/1393
f 1357/2296/1391 1403/2250/1404 1401/2248/1304
f 1359/2236/1393 1401/2248/1304 1389/2234/1296
f 1441/2297/1411 1442/2298/1412 1444/2299/1413
f 1444/2299/1413 1442/2298/1412 1443/2300/1414
f 1442/2298/1412 1439/2301/1415 1443/2300/1414
f 1443/2300/1414 1439/2301/1415 1440/2302/1416
f 1447/2303/1417 1448/2304/1418 1450/2305/1419
f 1450/2305/1419 1448/2304/1418 1449/2306/1420
f 1445/2307/1421 1447/2303/1417 1446/2308/1422
f 1446/2308/1422 1447/2303/1417 1450/2305/1419
f 1442/2298/1412 1441/2297/1411 1452/2309/1423
f 1452/2309/1423 1441/2297/1411 1451/2310/1424
f 1439/2301/1415 1442/2298/1412 1453/2311/1425
f 1453/2311/1425 1442/2298/1412 1452/2309/1423
f 1445/2307/1421 1454/2312/1426 1447/2303/1417
f 1447/2303/1417 1454/2312/1426 1455/2313/1427
f 1454/2312/1426 1453/2311/1425 1455/2313/1427
f 1455/2313/1427 1453/2311/1425 1452/2309/1423
f 1455/2313/1427 1456/2314/1428 1447/2303/1417
f 1447/2303/1417 1456/2314/1428 1448/2304/1418
f 1452/2309/1423 1451/2310/1424 1455/2313/1427
f 1455/2313/1427 1451/2310/1424 1456/2314/1428
f 1443/2300/1414 1440/2302/1416 1458/2315/1429
f 1458/2315/1429 1440/2302/1416 1457/2316/1430
f 1444/2299/1413 1443/2300/1414 1459/2317/1431
f 1459/2317/1431 1443/2300/1414 1458/2315/1429
f 1462/2318/1432 1460/2319/1433 1463/2320/1434
f 1463/2320/1434 1460/2319/1433 1461/2321/1435
f 1464/2322/1436 1462/2318/1432 1465/2323/1437
f 1465/2323/1437 1462/2318/1432 1463/2320/1434
f 1467/2324/1429 1466/2325/1438 1462/2326/1429
f 1462/2326/1429 1466/2325/1438 1460/2327/1433
f 1468/2328/1439 1467/2324/1429 1464/2329/1436
f 1464/2329/1436 1467/2324/1429 1462/2326/1429
f 1458/2330/1432 1457/2331/1430 1467/2332/1434
f 1467/2332/1434 1457/2331/1430 1466/2333/1438
f 1459/2334/1431 1458/2330/1432 1468/2335/1439
f 1468/2335/1439 1458/2330/1432 1467/2332/1434
f 1471/2336/1440 1472/2337/1441 1474/2338/1442
f 1474/2338/1442 1472/2337/1441 1473/2339/1443
f 1474/2338/1442 1473/2339/1443 1469/2340/1444
f 1469/2340/1444 1473/2339/1443 1470/2341/1445
f 1475/2342/1446 1471/2336/1440 1476/2343/1447
f 1476/2343/1447 1471/2336/1440 1474/2338/1442
f 1476/2343/1447 1474/2338/1442 1477/2344/1448
f 1477/2344/1448 1474/2338/1442 1469/2340/1444
f 1446/2308/1422 1450/2305/1419 1478/2345/1449
f 1478/2345/1449 1450/2305/1419 1479/2346/1450
f 1478/2345/1449 1479/2346/1450 1477/2344/1448
f 1477/2344/1448 1479/2346/1450 1476/2343/1447
f 1449/2306/1420 1480/2347/1451 1450/2305/1419
f 1450/2305/1419 1480/2347/1451 1479/2346/1450
f 1480/2347/1451 1475/2342/1446 1479/2346/1450
f 1479/2346/1450 1475/2342/1446 1476/2343/1447
f 1473/2339/1443 1482/2348/1452 1470/2341/1445
f 1470/2341/1445 1482/2348/1452 1481/2349/1453
f 1472/2337/1441 1483/2350/1454 1473/2339/1443
f 1473/2339/1443 1483/2350/1454 1482/2348/1452
f 1485/2351/1452 1463/2352/1452 1484/2353/1455
f 1484/2353/1455 1463/2352/1452 1461/2354/1435
f 1486/2355/1456 1465/2356/1437 1485/2351/1452
f 1485/2351/1452 1465/2356/1437 1463/2352/1452
f 1482/2357/1434 1485/2358/1432 1481/2359/1453
f 1481/2359/1453 1485/2358/1432 1484/2360/1455
f 1483/2361/1454 1486/2362/1456 1482/2357/1434
f 1482/2357/1434 1486/2362/1456 1485/2358/1432
f 1445/2363/1421 1446/2364/1422 1492/2365/1457 1491/2366/1458
f 1456/2367/1428 1451/2368/1424 1495/2369/1459 1498/2370/1460
f 1439/2371/1415 1453/2372/1425 1496/2373/1461 1487/2374/1462
f 1465/2356/1437 1486/2355/1456 1518/2375/1463 1504/2376/1464
f 1457/2377/1430 1440/2378/1416 1488/2379/1465 1499/2380/1466
f 1459/2381/1431 1468/2382/1439 1506/2383/1467 1500/2384/1468
f 1475/2385/1446 1480/2386/1451 1514/2387/1469 1511/2388/1470
f 1464/2322/1436 1465/2323/1437 1504/2389/1464 1503/2390/1464
f 1469/2391/1444 1470/2392/1445 1508/2393/1471 1507/2394/1472
f 1454/2395/1426 1445/2363/1421 1491/2366/1458 1497/2396/1473
f 1472/2397/1441 1471/2398/1440 1509/2399/1474 1510/2400/1475
f 1470/2392/1445 1481/2401/1453 1515/2402/1476 1508/2393/1471
f 1453/2372/1425 1454/2395/1426 1497/2396/1473 1496/2373/1461
f 1460/2327/1433 1466/2325/1438 1505/2403/1477 1501/2404/1478
f 1477/2405/1448 1469/2391/1444 1507/2394/1472 1512/2406/1479
f 1449/2407/1420 1448/2408/1418 1493/2409/1480 1494/2410/1481
f 1481/2411/1453 1484/2412/1455 1517/2413/1482 1515/2414/1476
f 1440/2378/1416 1439/2371/1415 1487/2374/1462 1488/2379/1465
f 1446/2364/1422 1478/2415/1449 1513/2416/1483 1492/2365/1457
f 1478/2415/1449 1477/2405/1448 1512/2406/1479 1513/2416/1483
f 1444/2417/1413 1459/2418/1431 1500/2419/1468 1490/2420/1484
f 1486/2421/1456 1483/2422/1454 1516/2423/1485 1518/2424/1463
f 1441/2425/1411 1444/2417/1413 1490/2420/1484 1489/2426/1486
f 1483/2427/1454 1472/2397/1441 1510/2400/1475 1516/2428/1485
f 1461/2321/1435 1460/2319/1433 1501/2429/1478 1502/2430/1478
f 1451/2368/1424 1441/2425/1411 1489/2426/1486 1495/2369/1459
f 1468/2328/1439 1464/2329/1436 1503/2431/1464 1506/2432/1467
f 1484/2353/1455 1461/2354/1435 1502/2433/1478 1517/2434/1482
f 1466/2435/1438 1457/2436/1430 1499/2437/1466 1505/2438/1477
f 1471/2398/1440 1475/2385/1446 1511/2388/1470 1509/2399/1474
f 1448/2408/1418 1456/2367/1428 1498/2370/1460 1493/2409/1480
f 1480/2386/1451 1449/2407/1420 1494/2410/1481 1514/2387/1469
f 1529/2439/1487 1528/2440/1488 1526/2441/1489
f 1537/2442/1490 1536/2443/1491 1531/2444/1492
f 1526/2441/536 1537/2442/536 1534/2445/536
f 1523/2446/536 1524/2447/1493 1537/2442/536
f 1526/2441/536 1523/2446/536 1537/2442/536
f 1534/2445/1494 1531/2444/1492 1533/2448/1495
f 1546/2449/1496 1545/2450/1497 1543/2451/1498
f 1565/2452/1499 1564/2453/1499 1543/2451/1498
f 1566/2454/734 1565/2455/734 1543/2456/734
f 1559/2457/558 1546/2458/558 1544/2459/558
f 1548/2460/1500 1547/2461/1501 1556/2462/1500
f 1569/2463/1502 1574/2464/1503 1570/2465/1504
f 1574/2464/1503 1573/2466/1505 1570/2465/1504
f 1573/2466/1505 1547/2467/1506 1552/2468/1506
f 1574/2464/1503 1569/2463/1502 1545/2450/1497
f 1550/2469/1506 1547/2467/1506 1549/2470/1506
f 1571/2471/1493 1559/2472/1507 1568/2473/1493
f 1570/2474/1508 1567/2475/1509 1568/2476/1510
f 1571/2477/1511 1572/2478/1512 1573/2479/1513
f 1567/2480/536 1572/2481/536 1571/2471/1493
f 1558/2482/536 1557/2483/536 1572/2481/536
f 1566/2484/1514 1563/2485/1515 1565/2452/1514
f 1563/2485/1515 1564/2453/1515 1565/2452/1514
f 1557/2483/536 1555/2486/536 1556/2487/536
f 1567/2480/536 1558/2482/536 1572/2481/536
f 1542/2488/1516 1539/2489/1516 1541/2490/1516
f 1538/2491/1517 1535/2492/1518 1536/2443/1491
f 1539/2489/1519 1540/2493/1519 1541/2490/1519
f 1564/2453/1499 1544/2494/1520 1543/2451/1498
f 1530/2495/1521 1527/2496/1522 1528/2440/1488
f 1554/2497/1523 1553/2498/1524 1551/2499/1524
f 1550/2500/1525 1554/2497/1523 1551/2499/1524
f 1523/2446/1526 1520/2501/1527 1524/2447/1528
f 1521/2502/1529 1522/2503/1530 1525/2504/1531
f 1534/2445/1494 1537/2442/1490 1531/2444/1492
f 1542/2488/1532 1533/2448/1495 1532/2505/1533
f 1539/2506/1534 1542/2488/1532 1532/2505/1533
f 1559/2457/558 1571/2477/558 1574/2507/558
f 1545/2508/734 1569/2509/734 1568/2476/734
f 1563/2510/558 1560/2511/558 1544/2459/558
f 1564/2512/558 1563/2510/558 1544/2459/558
f 1553/2513/1535 1558/2514/1536 1552/2515/1537
f 1546/2458/558 1559/2457/558 1574/2507/558
f 1551/2516/1535 1553/2513/1535 1552/2515/1537
f 1548/2517/1538 1556/2487/1538 1555/2486/1539
f 1549/2518/1540 1555/2486/1539 1550/2500/1525
f 1549/2518/1540 1548/2517/1538 1555/2486/1539
f 1528/2440/1488 1519/2519/1541 1526/2441/1489
f 1526/2441/1489 1519/2519/1541 1523/2446/1526
f 1537/2442/1490 1538/2491/1517 1536/2443/1491
f 1560/2511/558 1559/2457/558 1544/2459/558
f 1530/2495/1542 1529/2439/536 1533/2448/1542
f 1537/2442/536 1525/2504/536 1538/2491/536
f 1529/2439/536 1526/2441/536 1534/2445/536
f 1562/2520/734 1561/2521/734 1543/2456/734
f 1544/2494/1520 1546/2449/1496 1543/2451/1498
f 1552/2515/1537 1558/2514/1536 1570/2474/734
f 1561/2521/734 1566/2454/734 1543/2456/734
f 1545/2508/734 1562/2520/734 1543/2456/734
f 1573/2479/558 1572/2478/558 1557/2522/1543
f 1547/2461/1501 1573/2479/558 1557/2522/1543
f 1574/2507/1544 1571/2477/1511 1573/2479/1513
f 1529/2439/1487 1530/2495/1521 1528/2440/1488
f 1524/2447/1493 1525/2504/536 1537/2442/536
f 1533/2448/1542 1542/2488/1545 1530/2495/1542
f 1547/2461/1501 1557/2522/1543 1556/2462/1500
f 1546/2449/1496 1574/2464/1503 1545/2450/1497
f 1554/2497/536 1555/2486/536 1557/2483/536
f 1570/2465/1504 1573/2466/1505 1552/2468/1506
f 1568/2473/1493 1567/2480/536 1571/2471/1493
f 1569/2509/1546 1570/2474/1508 1568/2476/1510
f 1531/2444/1492 1532/2505/1533 1533/2448/1495
f 1530/2495/1521 1541/2490/1547 1527/2496/1522
f 1541/2490/1547 1540/2523/1548 1527/2496/1522
f 1525/2504/1531 1522/2503/1530 1535/2492/1518
f 1562/2520/734 1545/2508/734 1568/2476/734
f 1558/2514/1536 1567/2475/734 1570/2474/734
f 1520/2501/1527 1521/2502/1529 1524/2447/1528
f 1519/2519/1541 1520/2501/1527 1523/2446/1526
f 1566/2524/1549 1561/2525/1550 1563/2526/1551
f 1549/2470/1506 1547/2467/1506 1548/2527/1506
f 1551/2528/1506 1547/2467/1506 1550/2469/1506
f 1552/2468/1506 1547/2467/1506 1551/2528/1506
f 1558/2482/536 1553/2498/536 1557/2483/536
f 1568/2473/1493 1559/2472/1507 1562/2529/1507
f 1560/2530/1552 1562/2529/1507 1559/2472/1507
f 1553/2498/536 1554/2497/536 1557/2483/536
f 1524/2447/1528 1521/2502/1529 1525/2504/1531
f 1542/2488/1545 1541/2490/1545 1530/2495/1542
f 1538/2491/1517 1525/2504/1531 1535/2492/1518
f 1563/2526/1551 1561/2525/1550 1560/2530/1552
f 1529/2439/536 1534/2445/536 1533/2448/1542
f 1555/2486/1539 1554/2497/1523 1550/2500/1525
f 1561/2525/1550 1562/2529/1507 1560/2530/1552
