<?xml version="1.0" encoding="utf-8"?>
<COLLADA xmlns="http://www.collada.org/2005/11/COLLADASchema" version="1.4.1" xmlns:xsi="http://www.w3.org/2001/XMLSchema-instance">
  <asset>
    <contributor>
      <author>Blender User</author>
      <authoring_tool>Blender 2.79.0 commit date:2018-03-22, commit time:14:10, hash:f4dc9f9d68b</authoring_tool>
    </contributor>
    <created>2025-06-15T21:07:02</created>
    <modified>2025-06-15T21:07:02</modified>
    <unit name="meter" meter="1"/>
    <up_axis>Z_UP</up_axis>
  </asset>
  <library_images/>
  <library_geometries>
    <geometry id="_018-mesh" name=".018">
      <mesh>
        <source id="_018-mesh-positions">
          <float_array id="_018-mesh-positions-array" count="20943">-0.00380218 -0.03655016 0.03297817 -0.005764424 -0.02934408 0.03284943 -0.005764424 -0.03655016 0.03284943 -0.005764424 -0.02934408 0.03284943 -0.00380218 -0.03655016 0.03297817 -0.00380218 -0.02934408 0.03297817 -0.007655084 -0.02934408 0.03241944 -0.005764424 -0.03655016 0.03284943 -0.005764424 -0.02934408 0.03284943 -0.005764424 -0.03655016 0.03284943 -0.007655084 -0.02934408 0.03241944 -0.007655084 -0.03655016 0.03241944 -0.008525788 -0.03414094 0.03203147 -0.007655084 -0.03655016 0.03241944 -0.007655084 -0.02934408 0.03241944 -0.007655084 -0.03655016 0.03241944 -0.008525788 -0.03414094 0.03203147 -0.008598208 -0.03655016 0.03198856 -0.00380218 -0.03655016 0.03297817 -0.001839995 -0.02934408 0.03284943 -0.00380218 -0.02934408 0.03297817 -0.001839995 -0.02934408 0.03284943 -0.00380218 -0.03655016 0.03297817 -0.001839995 -0.03655016 0.03284943 -0.001839995 -0.03655016 0.03284943 -2.35336e-5 -0.02934408 0.03241944 -0.001839995 -0.02934408 0.03284943 -2.35336e-5 -0.02934408 0.03241944 -0.001839995 -0.03655016 0.03284943 -2.35336e-5 -0.03655016 0.03241944 0.001724123 -0.03655016 0.03168731 -2.35336e-5 -0.02934408 0.03241944 -2.35336e-5 -0.03655016 0.03241944 0.001724123 -0.03655016 0.03177404 -2.35336e-5 -0.02934408 0.03241944 -2.35336e-5 -0.03655016 0.03241944 -2.35336e-5 -0.02934408 0.03241944 0.001724123 -0.03655016 0.03168731 0.001724123 -0.02934408 0.03168731 -2.35336e-5 -0.02934408 0.03241944 0.001724123 -0.03655016 0.03177404 0.001724123 -0.02934408 0.03177404 0.003391325 -0.03655016 0.03074151 0.001724123 -0.02934408 0.03168731 0.001724123 -0.03655016 0.03168731 0.003391325 -0.03655016 0.03074151 0.001724123 -0.02934408 0.03177404 0.001724123 -0.03655016 0.03177404 0.001724123 -0.02934408 0.03168731 0.003391325 -0.03655016 0.03074151 0.003391325 -0.02934408 0.03074151 0.001724123 -0.02934408 0.03177404 0.003391325 -0.03655016 0.03074151 0.003391325 -0.02934408 0.03074151 0.003391325 -0.03655016 0.03074151 0.004918158 -0.02934408 0.02945065 0.003391325 -0.02934408 0.03074151 0.004918158 -0.02934408 0.02945065 0.003391325 -0.03655016 0.03074151 0.004918158 -0.03655016 0.02945065 0.004918158 -0.03655016 0.02945065 0.006230473 -0.02934408 0.02798819 0.004918158 -0.02934408 0.02945065 0.006230473 -0.02934408 0.02798819 0.004918158 -0.03655016 0.02945065 0.006230473 -0.03655016 0.02798819 0.006230473 -0.03655016 0.02798819 0.006736457 -0.03414094 0.02725607 0.006230473 -0.02934408 0.02798819 0.006736457 -0.03414094 0.02725607 0.007321953 -0.02934408 0.02631026 0.006230473 -0.02934408 0.02798819 0.007321953 -0.02934408 0.02631026 0.006736457 -0.03414094 0.02725607 0.007321953 -0.03414094 0.02631026 0.007321953 -0.03414094 0.02631026 0.008043348 -0.02934408 0.02450269 0.007321953 -0.02934408 0.02631026 0.008043348 -0.02934408 0.02450269 0.007321953 -0.03414094 0.02631026 0.00811845 -0.03414094 0.02450269 0.008548438 -0.02934408 0.02261024 0.008043348 -0.02934408 0.02450269 0.00811845 -0.03414094 0.02450269 0.006736457 -0.03414094 0.02725607 0.006230473 -0.03655016 0.02798819 0.006736457 -0.03655016 0.02717024 0.00811845 -0.03414094 0.02450269 0.008548438 -0.03655016 0.02261024 0.008548438 -0.02934408 0.02261024 0.008548438 -0.03655016 0.02261024 0.008774638 -0.02934408 0.02063101 0.008548438 -0.02934408 0.02261024 0.008774638 -0.02934408 0.02063101 0.008548438 -0.03655016 0.02261024 0.008774638 -0.03655016 0.02063101 0.008774638 -0.03655016 0.02063101 0.00862354 -0.02934408 0.01865184 0.008774638 -0.02934408 0.02063101 0.00862354 -0.02934408 0.01865184 0.008774638 -0.03655016 0.02063101 0.00862354 -0.03655016 0.01865184 0.00862354 -0.03655016 0.01865184 0.008193552 -0.02934408 0.01680231 0.00862354 -0.02934408 0.01865184 0.008193552 -0.02934408 0.01680231 0.00862354 -0.03655016 0.01865184 0.008193552 -0.03655016 0.01680231 0.008193552 -0.03655016 0.01680231 0.007462322 -0.02934408 0.0149089 0.008193552 -0.02934408 0.01680231 0.007462322 -0.02934408 0.0149089 0.008193552 -0.03655016 0.01680231 0.007462322 -0.03655016 0.0149089 0.006445884 -0.03655016 0.01305931 0.007462322 -0.02934408 0.0149089 0.007462322 -0.03655016 0.0149089 0.007462322 -0.02934408 0.0149089 0.006445884 -0.03655016 0.01305931 0.006445884 -0.02934408 0.01305931 0.005138933 -0.03655016 0.01163887 0.006445884 -0.02934408 0.01305931 0.006445884 -0.03655016 0.01305931 0.006445884 -0.02934408 0.01305931 0.005138933 -0.03655016 0.01163887 0.005138933 -0.02934408 0.01163887 0.003681838 -0.03655016 0.010306 0.005138933 -0.02934408 0.01163887 0.005138933 -0.03655016 0.01163887 0.005138933 -0.02934408 0.01163887 0.003681838 -0.03655016 0.010306 0.003681838 -0.02934408 0.010306 0.002014636 -0.03655016 0.009316384 0.003681838 -0.02934408 0.010306 0.003681838 -0.03655016 0.010306 0.003681838 -0.02934408 0.010306 0.002014636 -0.03655016 0.009316384 0.002014636 -0.02934408 0.009316384 1.96376e-4 -0.03414094 0.00849843 0.002014636 -0.02934408 0.009316384 0.002014636 -0.03655016 0.009316384 1.96376e-4 -0.03414094 0.00849843 1.96376e-4 -0.02934408 0.00849843 0.002014636 -0.02934408 0.009316384 -0.001767575 -0.03414094 0.008068442 1.96376e-4 -0.02934408 0.00849843 1.96376e-4 -0.03414094 0.00849843 -0.001767575 -0.03414094 0.007982611 1.96376e-4 -0.02934408 0.00849843 1.96376e-4 -0.03414094 0.00849843 1.96376e-4 -0.02934408 0.00849843 -0.001767575 -0.03414094 0.008068442 -0.001767575 -0.02934408 0.008068442 1.96376e-4 -0.02934408 0.00849843 -0.001767575 -0.03414094 0.007982611 -0.001767575 -0.02934408 0.008068442 -0.002784907 -0.03414094 0.007895946 -0.001767575 -0.02934408 0.008068442 -0.001767575 -0.03414094 0.008068442 -0.001767575 -0.02934408 0.008068442 -0.002784907 -0.03414094 0.007895946 -0.003728926 -0.02934408 0.007853031 -0.002711594 -0.03655016 0.007895946 -0.003728926 -0.02934408 0.007853031 -0.002784907 -0.03414094 0.007895946 -0.003728926 -0.03655016 0.007853031 -0.003728926 -0.02934408 0.007853031 -0.002711594 -0.03655016 0.007895946 -0.005692005 -0.03655016 0.007982611 -0.003728926 -0.02934408 0.007853031 -0.003728926 -0.03655016 0.007853031 -0.003728926 -0.02934408 0.007853031 -0.005692005 -0.03655016 0.007982611 -0.005692005 -0.02934408 0.007982611 1.96376e-4 -0.03414094 0.00849843 0.002014636 -0.03655016 0.009316384 1.96376e-4 -0.03655016 0.00849843 -0.009469807 -0.03414094 0.03160148 -0.01121479 -0.02934408 0.03061193 -0.01121479 -0.03414094 0.03061193 -0.01121479 -0.02934408 0.03061193 -0.009469807 -0.03414094 0.03160148 -0.009469807 -0.02934408 0.03160148 -0.01121479 -0.03414094 0.03061193 -0.01121479 -0.02934408 0.03061193 -0.01266652 -0.02934408 0.02927815 -0.008525788 -0.03414094 0.03203147 -0.009469807 -0.02934408 0.03160148 -0.009469807 -0.03414094 0.03160148 -0.009469807 -0.02934408 0.03160148 -0.008525788 -0.03414094 0.03203147 -0.007655084 -0.02934408 0.03241944 -0.01121479 -0.03414094 0.03061193 -0.01266652 -0.02934408 0.02927815 -0.01121479 -0.03655016 0.03061193 -0.01121479 -0.03655016 0.03061193 -0.01266652 -0.02934408 0.02927815 -0.01266652 -0.03655016 0.02927815 -0.01397883 -0.02934408 0.02781563 -0.01266652 -0.03655016 0.02927815 -0.01266652 -0.02934408 0.02927815 -0.01266652 -0.03655016 0.02927815 -0.01397883 -0.02934408 0.02781563 -0.01397883 -0.03655016 0.02781563 -0.01506501 -0.02934408 0.02600902 -0.01397883 -0.03655016 0.02781563 -0.01397883 -0.02934408 0.02781563 -0.01397883 -0.03655016 0.02781563 -0.01506501 -0.02934408 0.02600902 -0.01506501 -0.03655016 0.02600902 -0.01506501 -0.02934408 0.02600902 -0.01586687 -0.03655016 0.02398687 -0.01506501 -0.03655016 0.02600902 -0.01586687 -0.03655016 0.02398687 -0.01506501 -0.02934408 0.02600902 -0.01586687 -0.02934408 0.02398687 -0.01586687 -0.02934408 0.02398687 -0.01623249 -0.03655016 0.02209353 -0.01586687 -0.03655016 0.02398687 -0.01623249 -0.03655016 0.02209353 -0.01586687 -0.02934408 0.02398687 -0.01623249 -0.02934408 0.02209353 -0.01623249 -0.02934408 0.02209353 -0.0163719 -0.03655016 0.02011436 -0.01623249 -0.03655016 0.02209353 -0.01623249 -0.02934408 0.02209353 -0.0163719 -0.03414094 0.02011436 -0.0163719 -0.03655016 0.02011436 -0.0163719 -0.03414094 0.02011436 -0.01623249 -0.02934408 0.02209353 -0.0163719 -0.02934408 0.02011436 -0.0163719 -0.02934408 0.02011436 -0.01615738 -0.03414094 0.01817893 -0.0163719 -0.03414094 0.02011436 -0.01615738 -0.03414094 0.01817893 -0.0163719 -0.02934408 0.02011436 -0.01615738 -0.02934408 0.01817893 -0.01615738 -0.02934408 0.01817893 -0.01586687 -0.03414094 0.01714646 -0.01615738 -0.03414094 0.01817893 -0.01586687 -0.03414094 0.01714646 -0.01615738 -0.02934408 0.01817893 -0.0156514 -0.02934408 0.01628559 -0.01586687 -0.03414094 0.01714646 -0.0156514 -0.02934408 0.01628559 -0.01594197 -0.03655016 0.01723229 -0.01594197 -0.03655016 0.01723229 -0.0156514 -0.02934408 0.01628559 -0.0156514 -0.03655016 0.01628559 -0.0156514 -0.02934408 0.01628559 -0.01485043 -0.03655016 0.014436 -0.0156514 -0.03655016 0.01628559 -0.01485043 -0.03655016 0.014436 -0.0156514 -0.02934408 0.01628559 -0.01485043 -0.02934408 0.014436 -0.01485043 -0.02934408 0.014436 -0.01375895 -0.03655016 0.01280099 -0.01485043 -0.03655016 0.014436 -0.01375895 -0.03655016 0.01280099 -0.01485043 -0.02934408 0.014436 -0.01375895 -0.02934408 0.01280099 -0.012452 -0.02934408 0.01133853 -0.01375895 -0.03655016 0.01280099 -0.01375895 -0.02934408 0.01280099 -0.01375895 -0.03655016 0.01280099 -0.012452 -0.02934408 0.01133853 -0.012452 -0.03655016 0.01133853 -0.01099932 -0.02934408 0.01017636 -0.012452 -0.03655016 0.01133853 -0.012452 -0.02934408 0.01133853 -0.012452 -0.03655016 0.01133853 -0.01099932 -0.02934408 0.01017636 -0.01099932 -0.03655016 0.01017636 -0.01099932 -0.02934408 0.01017636 -0.009397387 -0.03655016 0.009143888 -0.01099932 -0.03655016 0.01017636 -0.009397387 -0.03655016 0.009143888 -0.01099932 -0.02934408 0.01017636 -0.009397387 -0.02934408 0.009143888 -0.009397387 -0.02934408 0.009143888 -0.00758177 -0.03655016 0.008412599 -0.009397387 -0.03655016 0.009143888 -0.00758177 -0.03655016 0.008412599 -0.009397387 -0.02934408 0.009143888 -0.00758177 -0.02934408 0.008412599 -0.005692005 -0.02934408 0.007982611 -0.00758177 -0.03655016 0.008412599 -0.00758177 -0.02934408 0.008412599 -0.00758177 -0.03655016 0.008412599 -0.005692005 -0.02934408 0.007982611 -0.005692005 -0.03655016 0.007982611 -0.01230627 -0.02934408 0.0266115 -0.01506501 -0.02934408 0.02600902 -0.01397883 -0.02934408 0.02781563 -0.01506501 -0.02934408 0.02600902 -0.01230627 -0.02934408 0.0266115 -0.01317787 -0.02934408 0.02506232 -0.01397883 -0.02934408 0.02781563 -0.01121479 -0.02934408 0.02781563 -0.01230627 -0.02934408 0.0266115 -0.01121479 -0.02934408 0.02781563 -0.01397883 -0.02934408 0.02781563 -0.01266652 -0.02934408 0.02927815 -0.01266652 -0.02934408 0.02927815 -0.009977579 -0.02934408 0.028934 -0.01121479 -0.02934408 0.02781563 -0.009977579 -0.02934408 0.028934 -0.01266652 -0.02934408 0.02927815 -0.01121479 -0.02934408 0.03061193 -0.01121479 -0.02934408 0.03061193 -0.008525788 -0.02934408 0.02970904 -0.009977579 -0.02934408 0.028934 -0.008525788 -0.02934408 0.02970904 -0.01121479 -0.02934408 0.03061193 -0.009469807 -0.02934408 0.03160148 -0.009469807 -0.02934408 0.03160148 -0.007071375 -0.02934408 0.03035444 -0.008525788 -0.02934408 0.02970904 -0.007071375 -0.02934408 0.03035444 -0.009469807 -0.02934408 0.03160148 -0.007655084 -0.02934408 0.03241944 -0.007655084 -0.02934408 0.03241944 -0.005472958 -0.02934408 0.03074151 -0.007071375 -0.02934408 0.03035444 -0.005472958 -0.02934408 0.03074151 -0.007655084 -0.02934408 0.03241944 -0.005764424 -0.02934408 0.03284943 -0.005764424 -0.02934408 0.03284943 -0.00380218 -0.02934408 0.03087025 -0.005472958 -0.02934408 0.03074151 -0.00380218 -0.02934408 0.03087025 -0.005764424 -0.02934408 0.03284943 -0.00380218 -0.02934408 0.03297817 -0.001839995 -0.02934408 0.03284943 -0.00380218 -0.02934408 0.03087025 -0.00380218 -0.02934408 0.03297817 -0.00380218 -0.02934408 0.03087025 -0.001839995 -0.02934408 0.03284943 -0.002130508 -0.02934408 0.03074151 -2.35336e-5 -0.02934408 0.03241944 -0.002130508 -0.02934408 0.03074151 -0.001839995 -0.02934408 0.03284943 -0.002130508 -0.02934408 0.03074151 -2.35336e-5 -0.02934408 0.03241944 -6.77005e-4 -0.02934408 0.03035444 -2.35336e-5 -0.02934408 0.03241944 7.77439e-4 -0.02934408 0.02988064 -6.77005e-4 -0.02934408 0.03035444 7.77439e-4 -0.02934408 0.02988064 -2.35336e-5 -0.02934408 0.03241944 0.001724123 -0.02934408 0.03177404 0.001724123 -0.02934408 0.03177404 0.002229154 -0.02934408 0.02897691 7.77439e-4 -0.02934408 0.02988064 0.002229154 -0.02934408 0.02897691 0.001724123 -0.02934408 0.03177404 0.003391325 -0.02934408 0.03074151 0.002229154 -0.02934408 0.02897691 0.001724123 -0.02934408 0.03168731 0.003391325 -0.02934408 0.03074151 0.004918158 -0.02934408 0.02945065 0.002229154 -0.02934408 0.02897691 0.003391325 -0.02934408 0.03074151 0.002229154 -0.02934408 0.02897691 0.004918158 -0.02934408 0.02945065 0.003466367 -0.02934408 0.02798819 0.006230473 -0.02934408 0.02798819 0.003466367 -0.02934408 0.02798819 0.004918158 -0.02934408 0.02945065 0.003466367 -0.02934408 0.02798819 0.006230473 -0.02934408 0.02798819 0.004557907 -0.02934408 0.02674025 0.007321953 -0.02934408 0.02631026 0.004557907 -0.02934408 0.02674025 0.006230473 -0.02934408 0.02798819 0.004557907 -0.02934408 0.02674025 0.007321953 -0.02934408 0.02631026 0.005429506 -0.02934408 0.02536356 0.008043348 -0.02934408 0.02450269 0.005429506 -0.02934408 0.02536356 0.007321953 -0.02934408 0.02631026 0.005429506 -0.02934408 0.02536356 0.008043348 -0.02934408 0.02450269 0.006080269 -0.02934408 0.02381438 0.008548438 -0.02934408 0.02261024 0.006080269 -0.02934408 0.02381438 0.008043348 -0.02934408 0.02450269 0.006080269 -0.02934408 0.02381438 0.008548438 -0.02934408 0.02261024 0.006520986 -0.02934408 0.02222317 0.008774638 -0.02934408 0.02063101 0.006520986 -0.02934408 0.02222317 0.008548438 -0.02934408 0.02261024 0.006520986 -0.02934408 0.02222317 0.008774638 -0.02934408 0.02063101 0.006666719 -0.02934408 0.02063101 0.00862354 -0.02934408 0.01865184 0.006666719 -0.02934408 0.02063101 0.008774638 -0.02934408 0.02063101 0.006666719 -0.02934408 0.02063101 0.00862354 -0.02934408 0.01865184 0.006590723 -0.02934408 0.01895308 0.008193552 -0.02934408 0.01680231 0.006590723 -0.02934408 0.01895308 0.00862354 -0.02934408 0.01865184 0.006590723 -0.02934408 0.01895308 0.008193552 -0.02934408 0.01680231 0.006230473 -0.02934408 0.01736098 0.007462322 -0.02934408 0.0149089 0.006230473 -0.02934408 0.01736098 0.008193552 -0.02934408 0.01680231 0.006230473 -0.02934408 0.01736098 0.007462322 -0.02934408 0.0149089 0.005574285 -0.02934408 0.01576977 0.007462322 -0.02934408 0.0149089 0.004703581 -0.02934408 0.01430636 0.005574285 -0.02934408 0.01576977 0.004703581 -0.02934408 0.01430636 0.007462322 -0.02934408 0.0149089 0.006445884 -0.02934408 0.01305931 0.006445884 -0.02934408 0.01305931 0.003681838 -0.02934408 0.01305931 0.004703581 -0.02934408 0.01430636 0.003681838 -0.02934408 0.01305931 0.006445884 -0.02934408 0.01305931 0.005138933 -0.02934408 0.01163887 0.005138933 -0.02934408 0.01163887 0.002374887 -0.02934408 0.01198393 0.003681838 -0.02934408 0.01305931 0.002374887 -0.02934408 0.01198393 0.005138933 -0.02934408 0.01163887 0.003681838 -0.02934408 0.010306 0.003681838 -0.02934408 0.010306 9.95561e-4 -0.02934408 0.01112306 0.002374887 -0.02934408 0.01198393 9.95561e-4 -0.02934408 0.01112306 0.003681838 -0.02934408 0.010306 0.002014636 -0.02934408 0.009316384 0.002014636 -0.02934408 0.009316384 -5.32187e-4 -0.02934408 0.01047766 9.95561e-4 -0.02934408 0.01112306 -5.32187e-4 -0.02934408 0.01047766 0.002014636 -0.02934408 0.009316384 1.96376e-4 -0.02934408 0.00849843 1.96376e-4 -0.02934408 0.00849843 -0.002058088 -0.02934408 0.01009058 -5.32187e-4 -0.02934408 0.01047766 -0.002058088 -0.02934408 0.01009058 1.96376e-4 -0.02934408 0.00849843 -0.001767575 -0.02934408 0.008068442 -0.001767575 -0.02934408 0.008068442 -0.003728926 -0.02934408 0.009961843 -0.002058088 -0.02934408 0.01009058 -0.003728926 -0.02934408 0.009961843 -0.001767575 -0.02934408 0.008068442 -0.003728926 -0.02934408 0.007853031 -0.003728926 -0.02934408 0.007853031 -0.005400598 -0.02934408 0.01009058 -0.003728926 -0.02934408 0.009961843 -0.005400598 -0.02934408 0.01009058 -0.003728926 -0.02934408 0.007853031 -0.005692005 -0.02934408 0.007982611 -0.005692005 -0.02934408 0.007982611 -0.006998956 -0.02934408 0.01047766 -0.005400598 -0.02934408 0.01009058 -0.006998956 -0.02934408 0.01047766 -0.005692005 -0.02934408 0.007982611 -0.00758177 -0.02934408 0.008412599 -0.009397387 -0.02934408 0.009143888 -0.006998956 -0.02934408 0.01047766 -0.00758177 -0.02934408 0.008412599 -0.006998956 -0.02934408 0.01047766 -0.009397387 -0.02934408 0.009143888 -0.008525788 -0.02934408 0.01103723 -0.01099932 -0.02934408 0.01017636 -0.008525788 -0.02934408 0.01103723 -0.009397387 -0.02934408 0.009143888 -0.008525788 -0.02934408 0.01103723 -0.01099932 -0.02934408 0.01017636 -0.009832739 -0.02934408 0.01185429 -0.01099932 -0.02934408 0.01017636 -0.01099932 -0.02934408 0.0128439 -0.009832739 -0.02934408 0.01185429 -0.01099932 -0.02934408 0.0128439 -0.01099932 -0.02934408 0.01017636 -0.012452 -0.02934408 0.01133853 -0.012452 -0.02934408 0.01133853 -0.01208639 -0.02934408 0.01409184 -0.01099932 -0.02934408 0.0128439 -0.01208639 -0.02934408 0.01409184 -0.012452 -0.02934408 0.01133853 -0.01375895 -0.02934408 0.01280099 -0.01485043 -0.02934408 0.014436 -0.01208639 -0.02934408 0.01409184 -0.01375895 -0.02934408 0.01280099 -0.01208639 -0.02934408 0.01409184 -0.01485043 -0.02934408 0.014436 -0.01303213 -0.02934408 0.01546853 -0.0156514 -0.02934408 0.01628559 -0.01303213 -0.02934408 0.01546853 -0.01485043 -0.02934408 0.014436 -0.01303213 -0.02934408 0.01546853 -0.0156514 -0.02934408 0.01628559 -0.01368832 -0.02934408 0.01693099 -0.01615738 -0.02934408 0.01817893 -0.01368832 -0.02934408 0.01693099 -0.0156514 -0.02934408 0.01628559 -0.01368832 -0.02934408 0.01693099 -0.01615738 -0.02934408 0.01817893 -0.01412457 -0.02934408 0.01852309 -0.0163719 -0.02934408 0.02011436 -0.01412457 -0.02934408 0.01852309 -0.01615738 -0.02934408 0.01817893 -0.01412457 -0.02934408 0.01852309 -0.0163719 -0.02934408 0.02011436 -0.01426935 -0.02934408 0.02020108 -0.01623249 -0.02934408 0.02209353 -0.01426935 -0.02934408 0.02020108 -0.0163719 -0.02934408 0.02011436 -0.01426935 -0.02934408 0.02020108 -0.01623249 -0.02934408 0.02209353 -0.0141943 -0.02934408 0.02179229 -0.01586687 -0.02934408 0.02398687 -0.0141943 -0.02934408 0.02179229 -0.01623249 -0.02934408 0.02209353 -0.0141943 -0.02934408 0.02179229 -0.01586687 -0.02934408 0.02398687 -0.01383399 -0.02934408 0.02338439 -0.01506501 -0.02934408 0.02600902 -0.01383399 -0.02934408 0.02338439 -0.01586687 -0.02934408 0.02398687 -0.01383399 -0.02934408 0.02338439 -0.01506501 -0.02934408 0.02600902 -0.01317787 -0.02934408 0.02506232 -0.005472958 -0.03655016 0.03074151 -0.00380218 -0.03655016 0.03297817 -0.005764424 -0.03655016 0.03284943 -0.00380218 -0.03655016 0.03297817 -0.005472958 -0.03655016 0.03074151 -0.00380218 -0.03655016 0.03087025 -0.005764424 -0.03655016 0.03284943 -0.007071375 -0.03655016 0.03035444 -0.005472958 -0.03655016 0.03074151 -0.007071375 -0.03655016 0.03035444 -0.005764424 -0.03655016 0.03284943 -0.007655084 -0.03655016 0.03241944 -0.008598208 -0.03655016 0.03198856 -0.007071375 -0.03655016 0.03035444 -0.007655084 -0.03655016 0.03241944 -0.007071375 -0.03655016 0.03035444 -0.008598208 -0.03655016 0.03198856 -0.00758177 -0.03655016 0.03013902 -0.002130508 -0.03655016 0.03074151 -0.00380218 -0.03655016 0.03297817 -0.00380218 -0.03655016 0.03087025 -0.00380218 -0.03655016 0.03297817 -0.002130508 -0.03655016 0.03074151 -0.001839995 -0.03655016 0.03284943 -0.002130508 -0.03655016 0.03074151 -2.35336e-5 -0.03655016 0.03241944 -0.001839995 -0.03655016 0.03284943 -2.35336e-5 -0.03655016 0.03241944 -0.002130508 -0.03655016 0.03074151 -6.77005e-4 -0.03655016 0.03035444 7.77439e-4 -0.03655016 0.02988064 -2.35336e-5 -0.03655016 0.03241944 -6.77005e-4 -0.03655016 0.03035444 -2.35336e-5 -0.03655016 0.03241944 7.77439e-4 -0.03655016 0.02988064 0.001724123 -0.03655016 0.03177404 7.77439e-4 -0.03655016 0.02988064 0.003391325 -0.03655016 0.03074151 0.001724123 -0.03655016 0.03177404 0.003391325 -0.03655016 0.03074151 7.77439e-4 -0.03655016 0.02988064 0.002229154 -0.03655016 0.02897691 0.003466367 -0.03655016 0.02798819 0.003391325 -0.03655016 0.03074151 0.002229154 -0.03655016 0.02897691 0.003391325 -0.03655016 0.03074151 0.003466367 -0.03655016 0.02798819 0.004918158 -0.03655016 0.02945065 0.004557907 -0.03655016 0.02674025 0.004918158 -0.03655016 0.02945065 0.003466367 -0.03655016 0.02798819 0.004918158 -0.03655016 0.02945065 0.004557907 -0.03655016 0.02674025 0.006230473 -0.03655016 0.02798819 0.004557907 -0.03655016 0.02674025 0.006736457 -0.03655016 0.02717024 0.006230473 -0.03655016 0.02798819 0.006736457 -0.03655016 0.02717024 0.004557907 -0.03655016 0.02674025 0.004918158 -0.03655016 0.02622354 -0.01121479 -0.03655016 0.02781563 -0.01121479 -0.03655016 0.03061193 -0.01266652 -0.03655016 0.02927815 -0.01121479 -0.03655016 0.03061193 -0.01121479 -0.03655016 0.02781563 -0.01012325 -0.03655016 0.02871942 -0.01266652 -0.03655016 0.02927815 -0.01230627 -0.03655016 0.0266115 -0.01121479 -0.03655016 0.02781563 -0.01230627 -0.03655016 0.0266115 -0.01266652 -0.03655016 0.02927815 -0.01397883 -0.03655016 0.02781563 -0.01397883 -0.03655016 0.02781563 -0.01317787 -0.03655016 0.02506232 -0.01230627 -0.03655016 0.0266115 -0.01317787 -0.03655016 0.02506232 -0.01397883 -0.03655016 0.02781563 -0.01506501 -0.03655016 0.02600902 -0.01586687 -0.03655016 0.02398687 -0.01317787 -0.03655016 0.02506232 -0.01506501 -0.03655016 0.02600902 -0.01317787 -0.03655016 0.02506232 -0.01586687 -0.03655016 0.02398687 -0.01383399 -0.03655016 0.02338439 -0.01623249 -0.03655016 0.02209353 -0.01383399 -0.03655016 0.02338439 -0.01586687 -0.03655016 0.02398687 -0.01383399 -0.03655016 0.02338439 -0.01623249 -0.03655016 0.02209353 -0.0141943 -0.03655016 0.02179229 -0.0163719 -0.03655016 0.02011436 -0.0141943 -0.03655016 0.02179229 -0.01623249 -0.03655016 0.02209353 -0.0141943 -0.03655016 0.02179229 -0.0163719 -0.03655016 0.02011436 -0.01426935 -0.03655016 0.0204156 -0.01230627 -0.03655016 0.0266115 -0.01317787 -0.02934408 0.02506232 -0.01230627 -0.02934408 0.0266115 -0.01317787 -0.02934408 0.02506232 -0.01230627 -0.03655016 0.0266115 -0.01317787 -0.03655016 0.02506232 -0.01121479 -0.02934408 0.02781563 -0.01230627 -0.03655016 0.0266115 -0.01230627 -0.02934408 0.0266115 -0.01230627 -0.03655016 0.0266115 -0.01121479 -0.02934408 0.02781563 -0.01121479 -0.03655016 0.02781563 -0.01121479 -0.03655016 0.02781563 -0.01121479 -0.02934408 0.02781563 -0.01012325 -0.03655016 0.02871942 -0.01383399 -0.03655016 0.02338439 -0.01317787 -0.02934408 0.02506232 -0.01317787 -0.03655016 0.02506232 -0.01317787 -0.02934408 0.02506232 -0.01383399 -0.03655016 0.02338439 -0.01383399 -0.02934408 0.02338439 -0.01383399 -0.03655016 0.02338439 -0.0141943 -0.02934408 0.02179229 -0.01383399 -0.02934408 0.02338439 -0.0141943 -0.02934408 0.02179229 -0.01383399 -0.03655016 0.02338439 -0.0141943 -0.03655016 0.02179229 -0.01012325 -0.03655016 0.02871942 -0.01121479 -0.02934408 0.02781563 -0.01012325 -0.03420531 0.02871942 -0.01012325 -0.03420531 0.02871942 -0.01121479 -0.02934408 0.02781563 -0.009977579 -0.02934408 0.028934 -0.008525788 -0.02934408 0.02970904 -0.01012325 -0.03420531 0.02871942 -0.009977579 -0.02934408 0.028934 -0.01012325 -0.03420531 0.02871942 -0.008525788 -0.02934408 0.02970904 -0.008525788 -0.03420531 0.02970904 -0.007071375 -0.02934408 0.03035444 -0.008525788 -0.03420531 0.02970904 -0.008525788 -0.02934408 0.02970904 -0.008525788 -0.03420531 0.02970904 -0.007071375 -0.02934408 0.03035444 -0.00758177 -0.03420531 0.03013902 -0.007071375 -0.03655016 0.03035444 -0.00758177 -0.03420531 0.03013902 -0.007071375 -0.02934408 0.03035444 -0.005472958 -0.02934408 0.03074151 -0.007071375 -0.03655016 0.03035444 -0.007071375 -0.02934408 0.03035444 -0.007071375 -0.03655016 0.03035444 -0.005472958 -0.02934408 0.03074151 -0.005472958 -0.03655016 0.03074151 -0.00380218 -0.02934408 0.03087025 -0.005472958 -0.03655016 0.03074151 -0.005472958 -0.02934408 0.03074151 -0.005472958 -0.03655016 0.03074151 -0.00380218 -0.02934408 0.03087025 -0.00380218 -0.03655016 0.03087025 -0.00758177 -0.03420531 0.03013902 -0.007071375 -0.03655016 0.03035444 -0.00758177 -0.03655016 0.03013902 -0.01426935 -0.03655016 0.0204156 -0.0141943 -0.02934408 0.02179229 -0.0141943 -0.03655016 0.02179229 -0.01426935 -0.03420531 0.0204156 -0.0141943 -0.02934408 0.02179229 -0.01426935 -0.03655016 0.0204156 -0.01426935 -0.02934408 0.02020108 -0.0141943 -0.02934408 0.02179229 -0.01426935 -0.03420531 0.0204156 -0.01426935 -0.03420531 0.0204156 -0.01412457 -0.02934408 0.01852309 -0.01426935 -0.02934408 0.02020108 -0.01412457 -0.02934408 0.01852309 -0.01426935 -0.03420531 0.0204156 -0.01412457 -0.03420531 0.01852309 -0.01412457 -0.03420531 0.01852309 -0.01368832 -0.02934408 0.01693099 -0.01412457 -0.02934408 0.01852309 -0.01368832 -0.02934408 0.01693099 -0.01412457 -0.03420531 0.01852309 -0.01383399 -0.03420531 0.01749062 -0.01368832 -0.02934408 0.01693099 -0.01383399 -0.03420531 0.01749062 -0.01383399 -0.03655016 0.01749062 -0.01368832 -0.02934408 0.01693099 -0.01383399 -0.03655016 0.01749062 -0.01368832 -0.03655016 0.01693099 -0.01368832 -0.03655016 0.01693099 -0.01303213 -0.02934408 0.01546853 -0.01368832 -0.02934408 0.01693099 -0.01303213 -0.02934408 0.01546853 -0.01368832 -0.03655016 0.01693099 -0.01303213 -0.03655016 0.01546853 -0.01303213 -0.03655016 0.01546853 -0.01208639 -0.02934408 0.01409184 -0.01303213 -0.02934408 0.01546853 -0.01208639 -0.02934408 0.01409184 -0.01303213 -0.03655016 0.01546853 -0.01208639 -0.03655016 0.01409184 -0.01099932 -0.03655016 0.0128439 -0.01208639 -0.02934408 0.01409184 -0.01208639 -0.03655016 0.01409184 -0.01208639 -0.02934408 0.01409184 -0.01099932 -0.03655016 0.0128439 -0.01099932 -0.02934408 0.0128439 -0.009832739 -0.03655016 0.01185429 -0.01099932 -0.02934408 0.0128439 -0.01099932 -0.03655016 0.0128439 -0.01099932 -0.02934408 0.0128439 -0.009832739 -0.03655016 0.01185429 -0.009832739 -0.02934408 0.01185429 -0.009832739 -0.03655016 0.01185429 -0.008525788 -0.02934408 0.01103723 -0.009832739 -0.02934408 0.01185429 -0.008525788 -0.02934408 0.01103723 -0.009832739 -0.03655016 0.01185429 -0.008525788 -0.03655016 0.01103723 -0.008525788 -0.03655016 0.01103723 -0.006998956 -0.02934408 0.01047766 -0.008525788 -0.02934408 0.01103723 -0.006998956 -0.02934408 0.01047766 -0.008525788 -0.03655016 0.01103723 -0.006998956 -0.03655016 0.01047766 -0.005400598 -0.03655016 0.01009058 -0.006998956 -0.02934408 0.01047766 -0.006998956 -0.03655016 0.01047766 -0.006998956 -0.02934408 0.01047766 -0.005400598 -0.03655016 0.01009058 -0.005400598 -0.02934408 0.01009058 -0.003728926 -0.03655016 0.009961843 -0.005400598 -0.02934408 0.01009058 -0.005400598 -0.03655016 0.01009058 -0.005400598 -0.02934408 0.01009058 -0.003728926 -0.03655016 0.009961843 -0.003728926 -0.02934408 0.009961843 -0.003728926 -0.03655016 0.009961843 -0.00314784 -0.03420531 0.01000475 -0.003728926 -0.02934408 0.009961843 -0.002058088 -0.03420531 0.01009058 -0.003728926 -0.02934408 0.009961843 -0.00314784 -0.03420531 0.01000475 -0.003728926 -0.02934408 0.009961843 -0.002058088 -0.03420531 0.01009058 -0.002058088 -0.02934408 0.01009058 -0.00314784 -0.03420531 0.01000475 -0.003728926 -0.03655016 0.009961843 -0.00314784 -0.03655016 0.01000475 -0.00380218 -0.02934408 0.03087025 -0.002130508 -0.03655016 0.03074151 -0.00380218 -0.03655016 0.03087025 -0.002130508 -0.03655016 0.03074151 -0.00380218 -0.02934408 0.03087025 -0.002130508 -0.02934408 0.03074151 -0.002130508 -0.02934408 0.03074151 -6.77005e-4 -0.03655016 0.03035444 -0.002130508 -0.03655016 0.03074151 -6.77005e-4 -0.03655016 0.03035444 -0.002130508 -0.02934408 0.03074151 -6.77005e-4 -0.02934408 0.03035444 7.77439e-4 -0.02934408 0.02988064 -6.77005e-4 -0.03655016 0.03035444 -6.77005e-4 -0.02934408 0.03035444 -6.77005e-4 -0.03655016 0.03035444 7.77439e-4 -0.02934408 0.02988064 7.77439e-4 -0.03655016 0.02988064 0.002229154 -0.02934408 0.02897691 7.77439e-4 -0.03655016 0.02988064 7.77439e-4 -0.02934408 0.02988064 7.77439e-4 -0.03655016 0.02988064 0.002229154 -0.02934408 0.02897691 0.002229154 -0.03655016 0.02897691 0.002229154 -0.02934408 0.02897691 0.003466367 -0.03655016 0.02798819 0.002229154 -0.03655016 0.02897691 0.003466367 -0.03655016 0.02798819 0.002229154 -0.02934408 0.02897691 0.003466367 -0.02934408 0.02798819 0.003466367 -0.02934408 0.02798819 0.004557907 -0.03655016 0.02674025 0.003466367 -0.03655016 0.02798819 0.004557907 -0.03655016 0.02674025 0.003466367 -0.02934408 0.02798819 0.004557907 -0.02934408 0.02674025 0.00484842 -0.03420531 0.02622354 0.004557907 -0.03655016 0.02674025 0.004557907 -0.02934408 0.02674025 0.004557907 -0.02934408 0.02674025 0.005429506 -0.03420531 0.02536356 0.00484842 -0.03420531 0.02622354 0.005429506 -0.03420531 0.02536356 0.004557907 -0.02934408 0.02674025 0.005429506 -0.02934408 0.02536356 0.005429506 -0.02934408 0.02536356 0.006155371 -0.03420531 0.0235998 0.005429506 -0.03420531 0.02536356 0.006155371 -0.03420531 0.0235998 0.005429506 -0.02934408 0.02536356 0.006080269 -0.02934408 0.02381438 0.006080269 -0.02934408 0.02381438 0.006520986 -0.02934408 0.02222317 0.006155371 -0.03420531 0.0235998 0.004557907 -0.03655016 0.02674025 0.00484842 -0.03420531 0.02622354 0.004918158 -0.03655016 0.02622354 0.006155371 -0.03420531 0.0235998 0.006520986 -0.02934408 0.02222317 0.006155371 -0.03655016 0.0235998 0.006155371 -0.03655016 0.0235998 0.006520986 -0.02934408 0.02222317 0.006520986 -0.03655016 0.02222317 0.006520986 -0.02934408 0.02222317 0.006666719 -0.03655016 0.02063101 0.006520986 -0.03655016 0.02222317 0.006666719 -0.03655016 0.02063101 0.006520986 -0.02934408 0.02222317 0.006666719 -0.02934408 0.02063101 0.006666719 -0.02934408 0.02063101 0.006590723 -0.03655016 0.01895308 0.006666719 -0.03655016 0.02063101 0.006590723 -0.03655016 0.01895308 0.006666719 -0.02934408 0.02063101 0.006590723 -0.02934408 0.01895308 0.006590723 -0.02934408 0.01895308 0.006230473 -0.03655016 0.01736098 0.006590723 -0.03655016 0.01895308 0.006230473 -0.03655016 0.01736098 0.006590723 -0.02934408 0.01895308 0.006230473 -0.02934408 0.01736098 0.006230473 -0.02934408 0.01736098 0.005574285 -0.03655016 0.01576977 0.006230473 -0.03655016 0.01736098 0.005574285 -0.03655016 0.01576977 0.006230473 -0.02934408 0.01736098 0.005574285 -0.02934408 0.01576977 0.004703581 -0.02934408 0.01430636 0.005574285 -0.03655016 0.01576977 0.005574285 -0.02934408 0.01576977 0.005574285 -0.03655016 0.01576977 0.004703581 -0.02934408 0.01430636 0.004703581 -0.03655016 0.01430636 0.003681838 -0.02934408 0.01305931 0.004703581 -0.03655016 0.01430636 0.004703581 -0.02934408 0.01430636 0.004703581 -0.03655016 0.01430636 0.003681838 -0.02934408 0.01305931 0.003681838 -0.03655016 0.01305931 0.002374887 -0.02934408 0.01198393 0.003681838 -0.03655016 0.01305931 0.003681838 -0.02934408 0.01305931 0.003681838 -0.03655016 0.01305931 0.002374887 -0.02934408 0.01198393 0.002374887 -0.03655016 0.01198393 9.95561e-4 -0.02934408 0.01112306 0.002374887 -0.03655016 0.01198393 0.002374887 -0.02934408 0.01198393 0.002374887 -0.03655016 0.01198393 9.95561e-4 -0.02934408 0.01112306 9.95561e-4 -0.03655016 0.01112306 9.95561e-4 -0.03655016 0.01112306 9.95561e-4 -0.02934408 0.01112306 -2.41655e-4 -0.03655016 0.01060634 -2.41655e-4 -0.03655016 0.01060634 9.95561e-4 -0.02934408 0.01112306 -2.41655e-4 -0.03420531 0.01060634 -2.41655e-4 -0.03420531 0.01060634 9.95561e-4 -0.02934408 0.01112306 -5.32187e-4 -0.02934408 0.01047766 -0.002058088 -0.02934408 0.01009058 -2.41655e-4 -0.03420531 0.01060634 -5.32187e-4 -0.02934408 0.01047766 -2.41655e-4 -0.03420531 0.01060634 -0.002058088 -0.02934408 0.01009058 -0.002058088 -0.03420531 0.01009058 -0.01121479 -0.03414094 0.03061193 -0.01012325 -0.03655016 0.02871942 -0.01012325 -0.03420531 0.02871942 -0.01012325 -0.03655016 0.02871942 -0.01121479 -0.03414094 0.03061193 -0.01121479 -0.03655016 0.03061193 -0.008525788 -0.03420531 0.02970904 -0.01121479 -0.03414094 0.03061193 -0.01012325 -0.03420531 0.02871942 -0.01121479 -0.03414094 0.03061193 -0.008525788 -0.03420531 0.02970904 -0.009469807 -0.03414094 0.03160148 -0.008525788 -0.03420531 0.02970904 -0.008525788 -0.03414094 0.03203147 -0.009469807 -0.03414094 0.03160148 -0.008525788 -0.03414094 0.03203147 -0.008525788 -0.03420531 0.02970904 -0.00758177 -0.03420531 0.03013902 -0.008598208 -0.03655016 0.03198856 -0.00758177 -0.03420531 0.03013902 -0.00758177 -0.03655016 0.03013902 -0.00758177 -0.03420531 0.03013902 -0.008598208 -0.03655016 0.03198856 -0.008525788 -0.03414094 0.03203147 0.006520986 -0.03655016 0.02222317 0.00811845 -0.03655016 0.02450269 0.006155371 -0.03655016 0.0235998 0.00811845 -0.03655016 0.02450269 0.006520986 -0.03655016 0.02222317 0.008548438 -0.03655016 0.02261024 0.006666719 -0.03655016 0.02063101 0.008548438 -0.03655016 0.02261024 0.006520986 -0.03655016 0.02222317 0.008548438 -0.03655016 0.02261024 0.006666719 -0.03655016 0.02063101 0.008774638 -0.03655016 0.02063101 0.006590723 -0.03655016 0.01895308 0.008774638 -0.03655016 0.02063101 0.006666719 -0.03655016 0.02063101 0.008774638 -0.03655016 0.02063101 0.006590723 -0.03655016 0.01895308 0.00862354 -0.03655016 0.01865184 0.006230473 -0.03655016 0.01736098 0.00862354 -0.03655016 0.01865184 0.006590723 -0.03655016 0.01895308 0.00862354 -0.03655016 0.01865184 0.006230473 -0.03655016 0.01736098 0.008193552 -0.03655016 0.01680231 0.005574285 -0.03655016 0.01576977 0.008193552 -0.03655016 0.01680231 0.006230473 -0.03655016 0.01736098 0.008193552 -0.03655016 0.01680231 0.005574285 -0.03655016 0.01576977 0.007462322 -0.03655016 0.0149089 0.005574285 -0.03655016 0.01576977 0.006445884 -0.03655016 0.01305931 0.007462322 -0.03655016 0.0149089 0.006445884 -0.03655016 0.01305931 0.005574285 -0.03655016 0.01576977 0.004703581 -0.03655016 0.01430636 0.004703581 -0.03655016 0.01430636 0.005138933 -0.03655016 0.01163887 0.006445884 -0.03655016 0.01305931 0.005138933 -0.03655016 0.01163887 0.004703581 -0.03655016 0.01430636 0.003681838 -0.03655016 0.01305931 0.003681838 -0.03655016 0.01305931 0.003681838 -0.03655016 0.010306 0.005138933 -0.03655016 0.01163887 0.003681838 -0.03655016 0.010306 0.003681838 -0.03655016 0.01305931 0.002374887 -0.03655016 0.01198393 0.002374887 -0.03655016 0.01198393 0.002014636 -0.03655016 0.009316384 0.003681838 -0.03655016 0.010306 0.002014636 -0.03655016 0.009316384 0.002374887 -0.03655016 0.01198393 9.95561e-4 -0.03655016 0.01112306 9.95561e-4 -0.03655016 0.01112306 1.96376e-4 -0.03655016 0.00849843 0.002014636 -0.03655016 0.009316384 1.96376e-4 -0.03655016 0.00849843 9.95561e-4 -0.03655016 0.01112306 -2.41655e-4 -0.03655016 0.01060634 0.00811845 -0.03414094 0.02450269 0.006155371 -0.03655016 0.0235998 0.00811845 -0.03655016 0.02450269 0.006155371 -0.03655016 0.0235998 0.00811845 -0.03414094 0.02450269 0.006155371 -0.03420531 0.0235998 0.00811845 -0.03414094 0.02450269 0.005429506 -0.03420531 0.02536356 0.006155371 -0.03420531 0.0235998 0.005429506 -0.03420531 0.02536356 0.00811845 -0.03414094 0.02450269 0.007321953 -0.03414094 0.02631026 0.006736457 -0.03414094 0.02725607 0.005429506 -0.03420531 0.02536356 0.007321953 -0.03414094 0.02631026 0.005429506 -0.03420531 0.02536356 0.006736457 -0.03414094 0.02725607 0.00484842 -0.03420531 0.02622354 0.006736457 -0.03655016 0.02717024 0.00484842 -0.03420531 0.02622354 0.006736457 -0.03414094 0.02725607 0.00484842 -0.03420531 0.02622354 0.006736457 -0.03655016 0.02717024 0.004918158 -0.03655016 0.02622354 -0.01303213 -0.03655016 0.01546853 -0.01375895 -0.03655016 0.01280099 -0.01208639 -0.03655016 0.01409184 -0.01375895 -0.03655016 0.01280099 -0.01303213 -0.03655016 0.01546853 -0.01485043 -0.03655016 0.014436 -0.01368832 -0.03655016 0.01693099 -0.01485043 -0.03655016 0.014436 -0.01303213 -0.03655016 0.01546853 -0.01485043 -0.03655016 0.014436 -0.01368832 -0.03655016 0.01693099 -0.0156514 -0.03655016 0.01628559 -0.01368832 -0.03655016 0.01693099 -0.01594197 -0.03655016 0.01723229 -0.0156514 -0.03655016 0.01628559 -0.01594197 -0.03655016 0.01723229 -0.01368832 -0.03655016 0.01693099 -0.01383399 -0.03655016 0.01749062 -0.01375895 -0.03655016 0.01280099 -0.01099932 -0.03655016 0.0128439 -0.01208639 -0.03655016 0.01409184 -0.01099932 -0.03655016 0.0128439 -0.01375895 -0.03655016 0.01280099 -0.012452 -0.03655016 0.01133853 -0.01099932 -0.03655016 0.01017636 -0.01099932 -0.03655016 0.0128439 -0.012452 -0.03655016 0.01133853 -0.01099932 -0.03655016 0.0128439 -0.01099932 -0.03655016 0.01017636 -0.009832739 -0.03655016 0.01185429 -0.01099932 -0.03655016 0.01017636 -0.008525788 -0.03655016 0.01103723 -0.009832739 -0.03655016 0.01185429 -0.008525788 -0.03655016 0.01103723 -0.01099932 -0.03655016 0.01017636 -0.009397387 -0.03655016 0.009143888 -0.00758177 -0.03655016 0.008412599 -0.008525788 -0.03655016 0.01103723 -0.009397387 -0.03655016 0.009143888 -0.008525788 -0.03655016 0.01103723 -0.00758177 -0.03655016 0.008412599 -0.006998956 -0.03655016 0.01047766 -0.00758177 -0.03655016 0.008412599 -0.005400598 -0.03655016 0.01009058 -0.006998956 -0.03655016 0.01047766 -0.005400598 -0.03655016 0.01009058 -0.00758177 -0.03655016 0.008412599 -0.005692005 -0.03655016 0.007982611 -0.005692005 -0.03655016 0.007982611 -0.003728926 -0.03655016 0.009961843 -0.005400598 -0.03655016 0.01009058 -0.003728926 -0.03655016 0.009961843 -0.005692005 -0.03655016 0.007982611 -0.003728926 -0.03655016 0.007853031 -0.002711594 -0.03655016 0.007895946 -0.003728926 -0.03655016 0.009961843 -0.003728926 -0.03655016 0.007853031 -0.003728926 -0.03655016 0.009961843 -0.002711594 -0.03655016 0.007895946 -0.00314784 -0.03655016 0.01000475 -0.0163719 -0.03414094 0.02011436 -0.01426935 -0.03655016 0.0204156 -0.0163719 -0.03655016 0.02011436 -0.01426935 -0.03655016 0.0204156 -0.0163719 -0.03414094 0.02011436 -0.01426935 -0.03420531 0.0204156 -0.0163719 -0.03414094 0.02011436 -0.01412457 -0.03420531 0.01852309 -0.01426935 -0.03420531 0.0204156 -0.01412457 -0.03420531 0.01852309 -0.0163719 -0.03414094 0.02011436 -0.01615738 -0.03414094 0.01817893 -0.01586687 -0.03414094 0.01714646 -0.01412457 -0.03420531 0.01852309 -0.01615738 -0.03414094 0.01817893 -0.01412457 -0.03420531 0.01852309 -0.01586687 -0.03414094 0.01714646 -0.01383399 -0.03420531 0.01749062 -0.01594197 -0.03655016 0.01723229 -0.01383399 -0.03420531 0.01749062 -0.01586687 -0.03414094 0.01714646 -0.01383399 -0.03420531 0.01749062 -0.01594197 -0.03655016 0.01723229 -0.01383399 -0.03655016 0.01749062 1.96376e-4 -0.03414094 0.00849843 -2.41655e-4 -0.03655016 0.01060634 -2.41655e-4 -0.03420531 0.01060634 -2.41655e-4 -0.03655016 0.01060634 1.96376e-4 -0.03414094 0.00849843 1.96376e-4 -0.03655016 0.00849843 -0.002058088 -0.03420531 0.01009058 1.96376e-4 -0.03414094 0.00849843 -2.41655e-4 -0.03420531 0.01060634 1.96376e-4 -0.03414094 0.00849843 -0.002058088 -0.03420531 0.01009058 -0.001767575 -0.03414094 0.007982611 1.96376e-4 -0.03414094 0.00849843 -0.002058088 -0.03420531 0.01009058 -0.001767575 -0.03414094 0.008068442 -0.002058088 -0.03420531 0.01009058 -0.002784907 -0.03414094 0.007895946 -0.001767575 -0.03414094 0.007982611 -0.002058088 -0.03420531 0.01009058 -0.002784907 -0.03414094 0.007895946 -0.001767575 -0.03414094 0.008068442 -0.002784907 -0.03414094 0.007895946 -0.002058088 -0.03420531 0.01009058 -0.00314784 -0.03420531 0.01000475 -0.002711594 -0.03655016 0.007895946 -0.00314784 -0.03420531 0.01000475 -0.00314784 -0.03655016 0.01000475 -0.00314784 -0.03420531 0.01000475 -0.002711594 -0.03655016 0.007895946 -0.002784907 -0.03414094 0.007895946 0.008548438 -0.03655016 0.02261024 0.00811845 -0.03414094 0.02450269 0.00811845 -0.03655016 0.02450269 -0.01455992 -0.02171874 0.0204156 -0.01448482 -0.02127712 0.01873767 -0.01448482 -0.02171874 0.01873767 -0.01448482 -0.02127712 0.01873767 -0.01455992 -0.02171874 0.0204156 -0.01455992 -0.02127712 0.0204156 -0.01404857 -0.02127712 0.01705974 -0.01448482 -0.02171874 0.01873767 -0.01448482 -0.02127712 0.01873767 -0.01448482 -0.02171874 0.01873767 -0.01404857 -0.02127712 0.01705974 -0.01404857 -0.02171874 0.01705974 -0.01339781 -0.02127712 0.0155543 -0.01404857 -0.02171874 0.01705974 -0.01404857 -0.02127712 0.01705974 -0.01404857 -0.02171874 0.01705974 -0.01339781 -0.02127712 0.0155543 -0.01339781 -0.02171874 0.0155543 -0.01252174 -0.02127712 0.01409184 -0.01339781 -0.02171874 0.0155543 -0.01339781 -0.02127712 0.0155543 -0.01339781 -0.02171874 0.0155543 -0.01252174 -0.02127712 0.01409184 -0.01252174 -0.02171874 0.01409184 -0.01143556 -0.02127712 0.01280099 -0.01252174 -0.02171874 0.01409184 -0.01252174 -0.02127712 0.01409184 -0.01252174 -0.02171874 0.01409184 -0.01143556 -0.02127712 0.01280099 -0.01143556 -0.02171874 0.01280099 -0.01012325 -0.02127712 0.01168268 -0.01143556 -0.02171874 0.01280099 -0.01143556 -0.02127712 0.01280099 -0.01143556 -0.02171874 0.01280099 -0.01012325 -0.02127712 0.01168268 -0.01012325 -0.02171874 0.01168268 -0.01448482 -0.02171874 0.02209353 -0.01455992 -0.02127712 0.0204156 -0.01455992 -0.02171874 0.0204156 -0.01455992 -0.02127712 0.0204156 -0.01448482 -0.02171874 0.02209353 -0.01448482 -0.02127712 0.02209353 -0.01404857 -0.02171874 0.02377146 -0.01448482 -0.02127712 0.02209353 -0.01448482 -0.02171874 0.02209353 -0.01448482 -0.02127712 0.02209353 -0.01404857 -0.02171874 0.02377146 -0.01404857 -0.02127712 0.02377146 -0.01339781 -0.02171874 0.02527773 -0.01404857 -0.02127712 0.02377146 -0.01404857 -0.02171874 0.02377146 -0.01404857 -0.02127712 0.02377146 -0.01339781 -0.02171874 0.02527773 -0.01339781 -0.02127712 0.02527773 -0.01252174 -0.02171874 0.02674025 -0.01339781 -0.02127712 0.02527773 -0.01339781 -0.02171874 0.02527773 -0.01339781 -0.02127712 0.02527773 -0.01252174 -0.02171874 0.02674025 -0.01252174 -0.02127712 0.02674025 -0.01143556 -0.02171874 0.02803111 -0.01252174 -0.02127712 0.02674025 -0.01252174 -0.02171874 0.02674025 -0.01252174 -0.02127712 0.02674025 -0.01143556 -0.02171874 0.02803111 -0.01143556 -0.02127712 0.02803111 -0.01012325 -0.02171874 0.02914941 -0.01143556 -0.02127712 0.02803111 -0.01143556 -0.02171874 0.02803111 -0.01143556 -0.02127712 0.02803111 -0.01012325 -0.02171874 0.02914941 -0.01012325 -0.02127712 0.02914941 -0.008671522 -0.02171874 0.03001028 -0.01012325 -0.02127712 0.02914941 -0.01012325 -0.02171874 0.02914941 -0.01012325 -0.02127712 0.02914941 -0.008671522 -0.02171874 0.03001028 -0.008671522 -0.02127712 0.03001028 -0.007143735 -0.02171874 0.03065484 -0.008671522 -0.02127712 0.03001028 -0.008671522 -0.02171874 0.03001028 -0.008671522 -0.02127712 0.03001028 -0.007143735 -0.02171874 0.03065484 -0.007143735 -0.02127712 0.03065484 -0.005472958 -0.02171874 0.03108572 -0.007143735 -0.02127712 0.03065484 -0.007143735 -0.02171874 0.03065484 -0.007143735 -0.02127712 0.03065484 -0.005472958 -0.02171874 0.03108572 -0.005472958 -0.02127712 0.03108572 -0.00380218 -0.02171874 0.03125733 -0.005472958 -0.02127712 0.03108572 -0.005472958 -0.02171874 0.03108572 -0.005472958 -0.02127712 0.03108572 -0.00380218 -0.02171874 0.03125733 -0.00380218 -0.02127712 0.03125733 -0.00380218 -0.02033042 0.03035444 -0.005472958 -0.02127712 0.03108572 -0.00380218 -0.02127712 0.03125733 -0.005472958 -0.02127712 0.03108572 -0.00380218 -0.02033042 0.03035444 -0.005328178 -0.02033042 0.03022485 -0.005328178 -0.02033042 0.03022485 -0.007143735 -0.02127712 0.03065484 -0.005472958 -0.02127712 0.03108572 -0.007143735 -0.02127712 0.03065484 -0.005328178 -0.02033042 0.03022485 -0.00685501 -0.02033042 0.02988064 -0.00685501 -0.02033042 0.02988064 -0.008671522 -0.02127712 0.03001028 -0.007143735 -0.02127712 0.03065484 -0.008671522 -0.02127712 0.03001028 -0.00685501 -0.02033042 0.02988064 -0.008308589 -0.02033042 0.02927815 -0.008308589 -0.02033042 0.02927815 -0.01012325 -0.02127712 0.02914941 -0.008671522 -0.02127712 0.03001028 -0.009617269 -0.02033042 0.02850401 -0.01143556 -0.02127712 0.02803111 -0.01012325 -0.02127712 0.02914941 -0.01012325 -0.02127712 0.02914941 -0.008308589 -0.02033042 0.02927815 -0.009617269 -0.02033042 0.02850401 -0.01143556 -0.02127712 0.02803111 -0.009617269 -0.02033042 0.02850401 -0.01085454 -0.02033042 0.02747148 -0.00380218 -0.0190941 0.03035444 -0.005328178 -0.02033042 0.03022485 -0.00380218 -0.02033042 0.03035444 -0.005328178 -0.02033042 0.03022485 -0.00380218 -0.0190941 0.03035444 -0.005328178 -0.0190941 0.03022485 -0.005328178 -0.0190941 0.03022485 -0.00685501 -0.02033042 0.02988064 -0.005328178 -0.02033042 0.03022485 -0.00685501 -0.02033042 0.02988064 -0.005328178 -0.0190941 0.03022485 -0.00685501 -0.0190941 0.02988064 -0.00685501 -0.0190941 0.02988064 -0.008308589 -0.02033042 0.02927815 -0.00685501 -0.02033042 0.02988064 -0.008308589 -0.0190941 0.02927815 -0.009617269 -0.02033042 0.02850401 -0.008308589 -0.02033042 0.02927815 -0.008308589 -0.02033042 0.02927815 -0.00685501 -0.0190941 0.02988064 -0.008308589 -0.0190941 0.02927815 -0.009617269 -0.0190941 0.02850401 -0.01085454 -0.02033042 0.02747148 -0.009617269 -0.02033042 0.02850401 -0.009617269 -0.02033042 0.02850401 -0.008308589 -0.0190941 0.02927815 -0.009617269 -0.0190941 0.02850401 -0.01085454 -0.02033042 0.02747148 -0.009617269 -0.0190941 0.02850401 -0.01085454 -0.0190941 0.02747148 -0.01085454 -0.0190941 0.02747148 -0.01187092 -0.02033042 0.02622354 -0.01085454 -0.02033042 0.02747148 -0.01252174 -0.02127712 0.02674025 -0.01085454 -0.02033042 0.02747148 -0.01187092 -0.02033042 0.02622354 -0.01085454 -0.02033042 0.02747148 -0.01252174 -0.02127712 0.02674025 -0.01143556 -0.02127712 0.02803111 -0.01187092 -0.02033042 0.02622354 -0.01339781 -0.02127712 0.02527773 -0.01252174 -0.02127712 0.02674025 -0.01339781 -0.02127712 0.02527773 -0.01187092 -0.02033042 0.02622354 -0.01266652 -0.02033042 0.02493357 -0.01266652 -0.02033042 0.02493357 -0.01404857 -0.02127712 0.02377146 -0.01339781 -0.02127712 0.02527773 -0.01404857 -0.02127712 0.02377146 -0.01266652 -0.02033042 0.02493357 -0.01325297 -0.02033042 0.02347022 -0.01325297 -0.02033042 0.02347022 -0.01448482 -0.02127712 0.02209353 -0.01404857 -0.02127712 0.02377146 -0.01448482 -0.02127712 0.02209353 -0.01325297 -0.02033042 0.02347022 -0.01361322 -0.02033042 0.02196478 -0.01361322 -0.02033042 0.02196478 -0.01455992 -0.02127712 0.0204156 -0.01448482 -0.02127712 0.02209353 -0.01455992 -0.02127712 0.0204156 -0.01361322 -0.02033042 0.02196478 -0.01375895 -0.02033042 0.0204156 -0.01375895 -0.02033042 0.0204156 -0.01448482 -0.02127712 0.01873767 -0.01455992 -0.02127712 0.0204156 -0.01448482 -0.02127712 0.01873767 -0.01375895 -0.02033042 0.0204156 -0.01361322 -0.02033042 0.01891022 -0.01361322 -0.02033042 0.01891022 -0.01404857 -0.02127712 0.01705974 -0.01448482 -0.02127712 0.01873767 -0.01404857 -0.02127712 0.01705974 -0.01361322 -0.02033042 0.01891022 -0.01325297 -0.02033042 0.01736098 -0.01325297 -0.02033042 0.01736098 -0.01339781 -0.02127712 0.0155543 -0.01404857 -0.02127712 0.01705974 -0.01339781 -0.02127712 0.0155543 -0.01325297 -0.02033042 0.01736098 -0.01266652 -0.02033042 0.01589852 -0.01266652 -0.02033042 0.01589852 -0.01252174 -0.02127712 0.01409184 -0.01339781 -0.02127712 0.0155543 -0.01252174 -0.02127712 0.01409184 -0.01266652 -0.02033042 0.01589852 -0.01187092 -0.02033042 0.01460766 -0.01187092 -0.02033042 0.01460766 -0.01143556 -0.02127712 0.01280099 -0.01252174 -0.02127712 0.01409184 -0.01143556 -0.02127712 0.01280099 -0.01187092 -0.02033042 0.01460766 -0.01085454 -0.02033042 0.01336061 -0.01085454 -0.02033042 0.01336061 -0.01012325 -0.02127712 0.01168268 -0.01143556 -0.02127712 0.01280099 -0.01012325 -0.02127712 0.01168268 -0.01085454 -0.02033042 0.01336061 -0.009617269 -0.02033042 0.01241391 -0.009617269 -0.02033042 0.01241391 -0.008671522 -0.02127712 0.01082181 -0.01012325 -0.02127712 0.01168268 -0.008671522 -0.02127712 0.01082181 -0.009617269 -0.02033042 0.01241391 -0.008308589 -0.02033042 0.01155304 -0.008308589 -0.02033042 0.01155304 -0.007143735 -0.02127712 0.01017636 -0.008671522 -0.02127712 0.01082181 -0.007143735 -0.02127712 0.01017636 -0.008671522 -0.02171874 0.01082181 -0.008671522 -0.02127712 0.01082181 -0.008671522 -0.02171874 0.01082181 -0.01012325 -0.02127712 0.01168268 -0.008671522 -0.02127712 0.01082181 -0.008671522 -0.02171874 0.01082181 -0.007143735 -0.02127712 0.01017636 -0.007143735 -0.02171874 0.01017636 -0.007143735 -0.02127712 0.01017636 -0.008308589 -0.02033042 0.01155304 -0.00685501 -0.02033042 0.01095056 -0.00685501 -0.02033042 0.01095056 -0.005472958 -0.02127712 0.009746372 -0.007143735 -0.02127712 0.01017636 -0.005472958 -0.02127712 0.009746372 -0.00685501 -0.02033042 0.01095056 -0.005328178 -0.02033042 0.01060634 -0.005328178 -0.02033042 0.01060634 -0.00380218 -0.02127712 0.009660542 -0.005472958 -0.02127712 0.009746372 -0.00380218 -0.02127712 0.009660542 -0.005328178 -0.02033042 0.01060634 -0.00380218 -0.02033042 0.01047766 -0.01187092 -0.0190941 0.01460766 -0.01085454 -0.02033042 0.01336061 -0.01187092 -0.02033042 0.01460766 -0.01187092 -0.02033042 0.01460766 -0.01266652 -0.0190941 0.01589852 -0.01187092 -0.0190941 0.01460766 -0.01266652 -0.0190941 0.01589852 -0.01187092 -0.02033042 0.01460766 -0.01266652 -0.02033042 0.01589852 -0.01266652 -0.02033042 0.01589852 -0.01325297 -0.0190941 0.01736098 -0.01266652 -0.0190941 0.01589852 -0.01325297 -0.0190941 0.01736098 -0.01266652 -0.02033042 0.01589852 -0.01325297 -0.02033042 0.01736098 -0.01325297 -0.02033042 0.01736098 -0.01361322 -0.0190941 0.01891022 -0.01325297 -0.0190941 0.01736098 -0.01361322 -0.0190941 0.01891022 -0.01325297 -0.02033042 0.01736098 -0.01361322 -0.02033042 0.01891022 -0.01361322 -0.02033042 0.01891022 -0.01375895 -0.0190941 0.0204156 -0.01361322 -0.0190941 0.01891022 -0.01375895 -0.0190941 0.0204156 -0.01361322 -0.02033042 0.01891022 -0.01375895 -0.02033042 0.0204156 -0.01375895 -0.02033042 0.0204156 -0.01361322 -0.0190941 0.02196478 -0.01375895 -0.0190941 0.0204156 -0.01361322 -0.0190941 0.02196478 -0.01375895 -0.02033042 0.0204156 -0.01361322 -0.02033042 0.02196478 -0.01361322 -0.02033042 0.02196478 -0.01325297 -0.0190941 0.02347022 -0.01361322 -0.0190941 0.02196478 -0.01325297 -0.0190941 0.02347022 -0.01361322 -0.02033042 0.02196478 -0.01325297 -0.02033042 0.02347022 -0.01325297 -0.02033042 0.02347022 -0.01266652 -0.0190941 0.02493357 -0.01325297 -0.0190941 0.02347022 -0.01266652 -0.0190941 0.02493357 -0.01325297 -0.02033042 0.02347022 -0.01266652 -0.02033042 0.02493357 -0.01266652 -0.02033042 0.02493357 -0.01187092 -0.0190941 0.02622354 -0.01266652 -0.0190941 0.02493357 -0.01187092 -0.0190941 0.02622354 -0.01266652 -0.02033042 0.02493357 -0.01187092 -0.02033042 0.02622354 -0.01187092 -0.02033042 0.02622354 -0.01085454 -0.0190941 0.02747148 -0.01187092 -0.0190941 0.02622354 -0.01230627 -0.0190941 0.01766228 -0.01325297 -0.0190941 0.01736098 -0.01361322 -0.0190941 0.01891022 -0.01230627 -0.0190941 0.01766228 -0.01266652 -0.0190941 0.01589852 -0.01325297 -0.0190941 0.01736098 -0.01106995 -0.0190941 0.01516723 -0.01266652 -0.0190941 0.01589852 -0.01230627 -0.0190941 0.01766228 -0.01106995 -0.0190941 0.01516723 -0.01187092 -0.0190941 0.01460766 -0.01266652 -0.0190941 0.01589852 -0.01230627 -0.0190941 0.01766228 -0.01361322 -0.0190941 0.01891022 -0.01375895 -0.0190941 0.0204156 -0.01230627 -0.0190941 0.01766228 -0.01375895 -0.0190941 0.0204156 -0.01230627 -0.0190941 0.02316892 -0.01230627 -0.0190941 0.02316892 -0.01375895 -0.0190941 0.0204156 -0.01361322 -0.0190941 0.02196478 -0.01230627 -0.0190941 0.02316892 -0.01361322 -0.0190941 0.02196478 -0.01325297 -0.0190941 0.02347022 -0.01230627 -0.0190941 0.02316892 -0.01325297 -0.0190941 0.02347022 -0.01266652 -0.0190941 0.02493357 -0.01230627 -0.0190941 0.02316892 -0.01266652 -0.0190941 0.02493357 -0.01187092 -0.0190941 0.02622354 -0.01230627 -0.0190941 0.02316892 -0.01187092 -0.0190941 0.02622354 -0.009106874 -0.0190941 0.02768695 -0.009106874 -0.0190941 0.02768695 -0.01187092 -0.0190941 0.02622354 -0.01085454 -0.0190941 0.02747148 -0.009106874 -0.0190941 0.02768695 -0.01085454 -0.0190941 0.02747148 -0.009617269 -0.0190941 0.02850401 -0.009106874 -0.0190941 0.02768695 -0.009617269 -0.0190941 0.02850401 -0.008308589 -0.0190941 0.02927815 -0.009106874 -0.0190941 0.02768695 -0.008308589 -0.0190941 0.02927815 -0.00685501 -0.0190941 0.02988064 -0.009106874 -0.0190941 0.02768695 -0.00685501 -0.0190941 0.02988064 -0.00380218 -0.0190941 0.02945065 -0.00380218 -0.0190941 0.02945065 -0.00685501 -0.0190941 0.02988064 -0.005328178 -0.0190941 0.03022485 -0.00380218 -0.0190941 0.02945065 -0.005328178 -0.0190941 0.03022485 -0.00380218 -0.0190941 0.03035444 -0.00380218 -0.0190941 0.03035444 -0.002275347 -0.0190941 0.03022485 -0.00380218 -0.0190941 0.02945065 -7.49415e-4 -0.0190941 0.02988064 -0.00380218 -0.0190941 0.02945065 -0.002275347 -0.0190941 0.03022485 -7.49415e-4 -0.0190941 0.02988064 0.001503288 -0.0190941 0.02768695 -0.00380218 -0.0190941 0.02945065 -7.49415e-4 -0.0190941 0.02988064 7.0503e-4 -0.0190941 0.02927815 0.001503288 -0.0190941 0.02768695 7.0503e-4 -0.0190941 0.02927815 0.002014636 -0.0190941 0.02850401 0.001503288 -0.0190941 0.02768695 0.002014636 -0.0190941 0.02850401 0.003245592 -0.0190941 0.02747148 0.001503288 -0.0190941 0.02768695 0.004192292 -0.0190941 0.02622354 0.001503288 -0.0190941 0.02768695 0.003245592 -0.0190941 0.02747148 0.004192292 -0.0190941 0.02622354 0.004703581 -0.0190941 0.02316892 0.001503288 -0.0190941 0.02768695 0.004192292 -0.0190941 0.02622354 0.005063891 -0.0190941 0.02493357 0.004703581 -0.0190941 0.02316892 0.005063891 -0.0190941 0.02493357 0.005644917 -0.0190941 0.02347022 0.004703581 -0.0190941 0.02316892 0.005644917 -0.0190941 0.02347022 0.006010532 -0.0190941 0.02196478 0.004703581 -0.0190941 0.02316892 0.006155371 -0.0190941 0.0204156 0.004703581 -0.0190941 0.02316892 0.006010532 -0.0190941 0.02196478 0.006155371 -0.0190941 0.0204156 0.004703581 -0.0190941 0.01766228 0.004703581 -0.0190941 0.02316892 0.006155371 -0.0190941 0.0204156 0.006010532 -0.0190941 0.01891022 0.004703581 -0.0190941 0.01766228 0.006010532 -0.0190941 0.01891022 0.005644917 -0.0190941 0.01736098 0.004703581 -0.0190941 0.01766228 0.005644917 -0.0190941 0.01736098 0.005063891 -0.0190941 0.01589852 0.004703581 -0.0190941 0.01766228 0.005063891 -0.0190941 0.01589852 0.004192292 -0.0190941 0.01460766 0.004703581 -0.0190941 0.01766228 0.004703581 -0.0190941 0.01766228 0.004192292 -0.0190941 0.01460766 0.003466367 -0.0190941 0.01516723 -0.009106874 -0.0183736 0.01314514 -0.009617269 -0.0183736 0.01241391 -0.01085454 -0.0183736 0.01336061 -0.009106874 -0.0183736 0.01314514 -0.01085454 -0.0183736 0.01336061 -0.01106995 -0.0183736 0.01516723 -0.01106995 -0.0183736 0.01516723 -0.01085454 -0.0183736 0.01336061 -0.01187092 -0.0183736 0.01460766 -0.009106874 -0.0183736 0.01314514 -0.008308589 -0.0183736 0.01155304 -0.009617269 -0.0183736 0.01241391 -0.009106874 -0.0183736 0.01314514 -0.00685501 -0.0183736 0.01095056 -0.008308589 -0.0183736 0.01155304 -0.00380218 -0.0183736 0.01146721 -0.00685501 -0.0183736 0.01095056 -0.009106874 -0.0183736 0.01314514 -0.00380218 -0.0183736 0.01146721 -0.005328178 -0.0183736 0.01060634 -0.00685501 -0.0183736 0.01095056 -0.00380218 -0.0183736 0.01146721 -0.00380218 -0.0183736 0.01047766 -0.005328178 -0.0183736 0.01060634 -0.002275347 -0.0183736 0.01060634 -0.00380218 -0.0183736 0.01047766 -0.00380218 -0.0183736 0.01146721 -7.49415e-4 -0.0183736 0.01095056 -0.002275347 -0.0183736 0.01060634 -0.00380218 -0.0183736 0.01146721 -7.49415e-4 -0.0183736 0.01095056 -0.00380218 -0.0183736 0.01146721 0.001503288 -0.0183736 0.01314514 -7.49415e-4 -0.0183736 0.01095056 0.001503288 -0.0183736 0.01314514 7.0503e-4 -0.0183736 0.01155304 0.002014636 -0.0183736 0.01241391 7.0503e-4 -0.0183736 0.01155304 0.001503288 -0.0183736 0.01314514 0.003245592 -0.0183736 0.01336061 0.002014636 -0.0183736 0.01241391 0.001503288 -0.0183736 0.01314514 0.003466367 -0.0183736 0.01516723 0.003245592 -0.0183736 0.01336061 0.001503288 -0.0183736 0.01314514 0.004192292 -0.0183736 0.01460766 0.003245592 -0.0183736 0.01336061 0.003466367 -0.0183736 0.01516723 -0.00380218 -0.123689 0.02945065 -0.009106874 -0.0190941 0.02768695 -0.00380218 -0.0190941 0.02945065 -0.009106874 -0.0190941 0.02768695 -0.00380218 -0.123689 0.02945065 -0.009106874 -0.123689 0.02768695 -0.009106874 -0.123689 0.02768695 -0.01230627 -0.0190941 0.02316892 -0.009106874 -0.0190941 0.02768695 -0.01230627 -0.0190941 0.02316892 -0.009106874 -0.123689 0.02768695 -0.01208639 -0.123689 0.02316892 -0.01208639 -0.123689 0.02316892 -0.01230627 -0.0190941 0.01766228 -0.01230627 -0.0190941 0.02316892 -0.01230627 -0.0190941 0.01766228 -0.01208639 -0.123689 0.02316892 -0.01208639 -0.123689 0.01727515 -0.01208639 -0.123689 0.01727515 -0.01106995 -0.0190941 0.01516723 -0.01230627 -0.0190941 0.01766228 -0.01106995 -0.0190941 0.01516723 -0.01208639 -0.123689 0.01727515 -0.009106874 -0.123689 0.01314514 -0.009106874 -0.0183736 0.01314514 -0.01106995 -0.0190941 0.01516723 -0.009106874 -0.123689 0.01314514 -0.01106995 -0.0183736 0.01516723 -0.01106995 -0.0190941 0.01516723 -0.009106874 -0.0183736 0.01314514 -0.00380218 -0.123689 0.01146721 -0.009106874 -0.0183736 0.01314514 -0.009106874 -0.123689 0.01314514 -0.009106874 -0.0183736 0.01314514 -0.00380218 -0.123689 0.01146721 -0.00380218 -0.0183736 0.01146721 -0.009106874 -0.06053549 0.01052057 -0.008453369 -0.06076884 0.004798412 -0.009106874 -0.1309174 0.01052057 -0.009106874 -0.1309174 0.01052057 -0.008453369 -0.06076884 0.004798412 -0.008453369 -0.1304007 0.004798412 -0.008453369 -0.06076884 0.004798412 -0.00750935 -0.1303149 0.004067182 -0.008453369 -0.1304007 0.004798412 -0.00750935 -0.1303149 0.004067182 -0.008453369 -0.06076884 0.004798412 -0.00750935 -0.06076884 0.004067182 -0.00685501 -0.06951695 0.004067182 -0.00750935 -0.1303149 0.004067182 -0.00750935 -0.06076884 0.004067182 -0.00750935 -0.06076884 0.004067182 -0.00641787 -0.06805449 0.004067182 -0.00685501 -0.06951695 0.004067182 -0.00750935 -0.06076884 0.004067182 -0.005472958 -0.06710779 0.004067182 -0.00641787 -0.06805449 0.004067182 -0.00750935 -0.1303149 0.004067182 -0.00685501 -0.06951695 0.004067182 -0.00685501 -0.1205915 0.004067182 -0.006564497 -0.1221407 0.004067182 -0.00750935 -0.1303149 0.004067182 -0.00685501 -0.1205915 0.004067182 -0.005472958 -0.1229149 0.004067182 -0.00750935 -0.1303149 0.004067182 -0.006564497 -0.1221407 0.004067182 -0.00750935 -0.06076884 0.004067182 -0.00380218 -0.0666778 0.004067182 -0.005472958 -0.06710779 0.004067182 -0.00380218 -0.1234315 0.004067182 -0.00750935 -0.1303149 0.004067182 -0.005472958 -0.1229149 0.004067182 -9.59425e-5 -0.06076884 0.004067182 -0.00380218 -0.0666778 0.004067182 -0.00750935 -0.06076884 0.004067182 -0.00380218 -0.0666778 0.004067182 -9.59425e-5 -0.06076884 0.004067182 -0.002130508 -0.06710779 0.004067182 -0.001185655 -0.06805449 0.004067182 -0.002130508 -0.06710779 0.004067182 -9.59425e-5 -0.06076884 0.004067182 -7.49415e-4 -0.06951695 0.004067182 -0.001185655 -0.06805449 0.004067182 -9.59425e-5 -0.06076884 0.004067182 -9.59425e-5 -0.1303149 0.004067182 -7.49415e-4 -0.06951695 0.004067182 -9.59425e-5 -0.06076884 0.004067182 8.49849e-4 -0.06076884 0.004798412 -9.59425e-5 -0.1303149 0.004067182 -9.59425e-5 -0.06076884 0.004067182 -9.59425e-5 -0.1303149 0.004067182 8.49849e-4 -0.06076884 0.004798412 8.49849e-4 -0.1304007 0.004798412 -7.49415e-4 -0.06951695 0.004067182 -9.59425e-5 -0.1303149 0.004067182 -7.49415e-4 -0.1205915 0.004067182 -7.49415e-4 -0.1205915 0.004067182 -9.59425e-5 -0.1303149 0.004067182 -0.001039922 -0.1221407 0.004067182 -0.001039922 -0.1221407 0.004067182 -9.59425e-5 -0.1303149 0.004067182 -0.002130508 -0.1229149 0.004067182 -9.59425e-5 -0.1303149 0.004067182 -0.00380218 -0.1234315 0.004067182 -0.002130508 -0.1229149 0.004067182 -9.59425e-5 -0.1303149 0.004067182 -0.00750935 -0.1303149 0.004067182 -0.00380218 -0.1234315 0.004067182 -0.005472958 -0.06053549 0.009789288 -0.007146418 -0.04403603 0.01017636 -0.005472958 -0.04403603 0.009746372 -0.007146418 -0.04403603 0.01017636 -0.005472958 -0.06053549 0.009789288 -0.007146418 -0.06053549 0.01017636 -0.005472958 -0.04403603 0.009746372 -0.00380218 -0.06053549 0.009660542 -0.005472958 -0.06053549 0.009789288 -0.00380218 -0.06053549 0.009660542 -0.005472958 -0.04403603 0.009746372 -0.00380218 -0.04403603 0.009660542 -0.007146418 -0.06053549 0.01017636 -0.008888721 -0.04403603 0.01060634 -0.007146418 -0.04403603 0.01017636 -0.008888721 -0.04403603 0.01060634 -0.007146418 -0.06053549 0.01017636 -0.009106874 -0.06053549 0.01052057 -0.009106874 -0.06053549 0.01052057 -0.01012325 -0.04403603 0.01168268 -0.008888721 -0.04403603 0.01060634 -0.009106874 -0.06053549 0.01052057 -0.01012325 -0.1309174 0.01168268 -0.01012325 -0.04403603 0.01168268 -0.01012325 -0.1309174 0.01168268 -0.009106874 -0.06053549 0.01052057 -0.009106874 -0.1309174 0.01052057 -0.01012325 -0.1309174 0.01168268 -0.01143556 -0.04403603 0.01280099 -0.01012325 -0.04403603 0.01168268 -0.01143556 -0.04403603 0.01280099 -0.01012325 -0.1309174 0.01168268 -0.01143556 -0.1310032 0.0128439 -0.01143556 -0.1310032 0.0128439 -0.01252174 -0.04403603 0.01409184 -0.01143556 -0.04403603 0.01280099 -0.01252174 -0.04403603 0.01409184 -0.01143556 -0.1310032 0.0128439 -0.01252174 -0.1311749 0.01409184 -0.01252174 -0.1311749 0.01409184 -0.01339781 -0.04403603 0.0155543 -0.01252174 -0.04403603 0.01409184 -0.01339781 -0.04403603 0.0155543 -0.01252174 -0.1311749 0.01409184 -0.01339781 -0.1312616 0.0155543 -0.01339781 -0.1312616 0.0155543 -0.01404857 -0.04403603 0.01705974 -0.01339781 -0.04403603 0.0155543 -0.01404857 -0.04403603 0.01705974 -0.01339781 -0.1312616 0.0155543 -0.01404857 -0.1313474 0.01705974 -0.01404857 -0.1313474 0.01705974 -0.01448482 -0.04403603 0.01873767 -0.01404857 -0.04403603 0.01705974 -0.01448482 -0.04403603 0.01873767 -0.01404857 -0.1313474 0.01705974 -0.01448482 -0.131519 0.01873767 -0.01448482 -0.131519 0.01873767 -0.01455992 -0.04403603 0.0204156 -0.01448482 -0.04403603 0.01873767 -0.01455992 -0.04403603 0.0204156 -0.01448482 -0.131519 0.01873767 -0.01455992 -0.1316916 0.0204156 -0.01455992 -0.1316916 0.0204156 -0.01448482 -0.04403603 0.02209353 -0.01455992 -0.04403603 0.0204156 -0.01448482 -0.04403603 0.02209353 -0.01455992 -0.1316916 0.0204156 -0.01448482 -0.1317774 0.02209353 -0.01448482 -0.1317774 0.02209353 -0.01404857 -0.04403603 0.02377146 -0.01448482 -0.04403603 0.02209353 -0.01404857 -0.04403603 0.02377146 -0.01448482 -0.1317774 0.02209353 -0.01404857 -0.1318632 0.02377146 -0.01404857 -0.1318632 0.02377146 -0.01339781 -0.04403603 0.02527773 -0.01404857 -0.04403603 0.02377146 -0.01339781 -0.04403603 0.02527773 -0.01404857 -0.1318632 0.02377146 -0.01339781 -0.1320357 0.02527773 -0.01339781 -0.1320357 0.02527773 -0.01252174 -0.04403603 0.02674025 -0.01339781 -0.04403603 0.02527773 -0.01252174 -0.04403603 0.02674025 -0.01339781 -0.1320357 0.02527773 -0.01252174 -0.1322073 0.02674025 -0.01252174 -0.1322073 0.02674025 -0.01143556 -0.04403603 0.02803111 -0.01252174 -0.04403603 0.02674025 -0.01143556 -0.04403603 0.02803111 -0.01252174 -0.1322073 0.02674025 -0.01143556 -0.1322941 0.02803111 -0.01143556 -0.1322941 0.02803111 -0.01012325 -0.04403603 0.02914941 -0.01143556 -0.04403603 0.02803111 -0.01012325 -0.04403603 0.02914941 -0.01143556 -0.1322941 0.02803111 -0.01012325 -0.1322941 0.02914941 -0.01012325 -0.1322941 0.02914941 -0.008671522 -0.04403603 0.03001028 -0.01012325 -0.04403603 0.02914941 -0.008671522 -0.04403603 0.03001028 -0.01012325 -0.1322941 0.02914941 -0.008671522 -0.1323799 0.03001028 -0.008671522 -0.1323799 0.03001028 -0.007146418 -0.04403603 0.03065484 -0.008671522 -0.04403603 0.03001028 -0.007146418 -0.04403603 0.03065484 -0.008671522 -0.1323799 0.03001028 -0.007146418 -0.1324657 0.03065484 -0.007146418 -0.1324657 0.03065484 -0.005472958 -0.04403603 0.03108572 -0.007146418 -0.04403603 0.03065484 -0.005472958 -0.04403603 0.03108572 -0.007146418 -0.1324657 0.03065484 -0.005472958 -0.1324657 0.03104281 -0.005472958 -0.1324657 0.03104281 -0.00380218 -0.04403603 0.0311715 -0.005472958 -0.04403603 0.03108572 -0.00380218 -0.04403603 0.0311715 -0.005472958 -0.1324657 0.03104281 -0.00380218 -0.1325515 0.0311715 -0.005472958 -0.06710779 0.007207572 -0.00380218 -0.0666778 0.004067182 -0.00380218 -0.0666778 0.007207572 -0.00380218 -0.0666778 0.004067182 -0.005472958 -0.06710779 0.007207572 -0.005472958 -0.06710779 0.004067182 -0.005472958 -0.06710779 0.007207572 -0.00641787 -0.06805449 0.004067182 -0.005472958 -0.06710779 0.004067182 -0.00641787 -0.06805449 0.004067182 -0.005472958 -0.06710779 0.007207572 -0.00641787 -0.06805449 0.007207572 -0.00641787 -0.06805449 0.007207572 -0.00685501 -0.06951695 0.004067182 -0.00641787 -0.06805449 0.004067182 -0.00685501 -0.06951695 0.004067182 -0.00641787 -0.06805449 0.007207572 -0.00685501 -0.06951695 0.007207572 -0.00685501 -0.06951695 0.007207572 -0.00685501 -0.1205915 0.004067182 -0.00685501 -0.06951695 0.004067182 -0.00685501 -0.1205915 0.004067182 -0.00685501 -0.06951695 0.007207572 -0.00685501 -0.1205915 0.007207572 -0.00685501 -0.1205915 0.007207572 -0.006564497 -0.1221407 0.004067182 -0.00685501 -0.1205915 0.004067182 -0.006564497 -0.1221407 0.004067182 -0.00685501 -0.1205915 0.007207572 -0.006564497 -0.1221407 0.007207572 -0.006564497 -0.1221407 0.007207572 -0.005472958 -0.1229149 0.004067182 -0.006564497 -0.1221407 0.004067182 -0.005472958 -0.1229149 0.004067182 -0.006564497 -0.1221407 0.007207572 -0.005472958 -0.1229149 0.007207572 -0.00380218 -0.1234315 0.007207572 -0.005472958 -0.1229149 0.004067182 -0.005472958 -0.1229149 0.007207572 -0.005472958 -0.1229149 0.004067182 -0.00380218 -0.1234315 0.007207572 -0.00380218 -0.1234315 0.004067182 -0.01012325 -0.1309174 0.01168268 0.001503288 -0.1309174 0.01052057 0.002519726 -0.1309174 0.01168268 0.001503288 -0.1309174 0.01052057 -0.01012325 -0.1309174 0.01168268 -0.009106874 -0.1309174 0.01052057 0.001503288 -0.1309174 0.01052057 -0.009106874 -0.1309174 0.01052057 -9.59425e-5 -0.1303149 0.004067182 -9.59425e-5 -0.1303149 0.004067182 -0.009106874 -0.1309174 0.01052057 -0.00750935 -0.1303149 0.004067182 -0.00750935 -0.1303149 0.004067182 -0.009106874 -0.1309174 0.01052057 -0.008453369 -0.1304007 0.004798412 0.001503288 -0.1309174 0.01052057 -9.59425e-5 -0.1303149 0.004067182 8.49849e-4 -0.1304007 0.004798412 0.003826677 -0.1310032 0.0128439 -0.01012325 -0.1309174 0.01168268 0.002519726 -0.1309174 0.01168268 -0.01012325 -0.1309174 0.01168268 0.003826677 -0.1310032 0.0128439 -0.01143556 -0.1310032 0.0128439 0.004918158 -0.1311749 0.01409184 -0.01143556 -0.1310032 0.0128439 0.003826677 -0.1310032 0.0128439 -0.01143556 -0.1310032 0.0128439 0.004918158 -0.1311749 0.01409184 -0.01252174 -0.1311749 0.01409184 0.005789756 -0.1312616 0.0155543 -0.01252174 -0.1311749 0.01409184 0.004918158 -0.1311749 0.01409184 -0.01252174 -0.1311749 0.01409184 0.005789756 -0.1312616 0.0155543 -0.01339781 -0.1312616 0.0155543 0.006445884 -0.1313474 0.01705974 -0.01339781 -0.1312616 0.0155543 0.005789756 -0.1312616 0.0155543 -0.01339781 -0.1312616 0.0155543 0.006445884 -0.1313474 0.01705974 -0.01404857 -0.1313474 0.01705974 0.006881237 -0.131519 0.01873767 -0.01404857 -0.1313474 0.01705974 0.006445884 -0.1313474 0.01705974 -0.01404857 -0.1313474 0.01705974 0.006881237 -0.131519 0.01873767 -0.01448482 -0.131519 0.01873767 0.006956338 -0.1316916 0.0204156 -0.01448482 -0.131519 0.01873767 0.006881237 -0.131519 0.01873767 -0.01448482 -0.131519 0.01873767 0.006956338 -0.1316916 0.0204156 -0.01455992 -0.1316916 0.0204156 0.006881237 -0.1317774 0.02209353 -0.01455992 -0.1316916 0.0204156 0.006956338 -0.1316916 0.0204156 -0.01455992 -0.1316916 0.0204156 0.006881237 -0.1317774 0.02209353 -0.01448482 -0.1317774 0.02209353 0.006445884 -0.1318632 0.02377146 -0.01448482 -0.1317774 0.02209353 0.006881237 -0.1317774 0.02209353 -0.01448482 -0.1317774 0.02209353 0.006445884 -0.1318632 0.02377146 -0.01404857 -0.1318632 0.02377146 0.005789756 -0.1320357 0.02527773 -0.01404857 -0.1318632 0.02377146 0.006445884 -0.1318632 0.02377146 -0.01404857 -0.1318632 0.02377146 0.005789756 -0.1320357 0.02527773 -0.01339781 -0.1320357 0.02527773 0.004918158 -0.1322073 0.02674025 -0.01339781 -0.1320357 0.02527773 0.005789756 -0.1320357 0.02527773 -0.01339781 -0.1320357 0.02527773 0.004918158 -0.1322073 0.02674025 -0.01252174 -0.1322073 0.02674025 0.003826677 -0.1322941 0.02803111 -0.01252174 -0.1322073 0.02674025 0.004918158 -0.1322073 0.02674025 -0.01252174 -0.1322073 0.02674025 0.003826677 -0.1322941 0.02803111 -0.01143556 -0.1322941 0.02803111 0.002519726 -0.1322941 0.02914941 -0.01143556 -0.1322941 0.02803111 0.003826677 -0.1322941 0.02803111 -0.01143556 -0.1322941 0.02803111 0.002519726 -0.1322941 0.02914941 -0.01012325 -0.1322941 0.02914941 0.001067936 -0.1323799 0.03001028 -0.01012325 -0.1322941 0.02914941 0.002519726 -0.1322941 0.02914941 -0.01012325 -0.1322941 0.02914941 0.001067936 -0.1323799 0.03001028 -0.008671522 -0.1323799 0.03001028 -4.58883e-4 -0.1324657 0.03065484 -0.008671522 -0.1323799 0.03001028 0.001067936 -0.1323799 0.03001028 -0.008671522 -0.1323799 0.03001028 -4.58883e-4 -0.1324657 0.03065484 -0.007146418 -0.1324657 0.03065484 -0.007146418 -0.1324657 0.03065484 -4.58883e-4 -0.1324657 0.03065484 -0.002130508 -0.1324657 0.03104281 -0.007146418 -0.1324657 0.03065484 -0.002130508 -0.1324657 0.03104281 -0.00380218 -0.1325515 0.0311715 -0.007146418 -0.1324657 0.03065484 -0.00380218 -0.1325515 0.0311715 -0.005472958 -0.1324657 0.03104281 0.006881237 -0.02127712 0.01873767 0.006956338 -0.02171874 0.0204156 0.006881237 -0.02171874 0.01873767 0.006956338 -0.02171874 0.0204156 0.006881237 -0.02127712 0.01873767 0.006956338 -0.02127712 0.0204156 0.006881237 -0.02171874 0.01873767 0.006445884 -0.02127712 0.01705974 0.006881237 -0.02127712 0.01873767 0.006445884 -0.02127712 0.01705974 0.006881237 -0.02171874 0.01873767 0.006445884 -0.02171874 0.01705974 0.006445884 -0.02171874 0.01705974 0.005789756 -0.02127712 0.0155543 0.006445884 -0.02127712 0.01705974 0.005789756 -0.02127712 0.0155543 0.006445884 -0.02171874 0.01705974 0.005789756 -0.02171874 0.0155543 0.005789756 -0.02171874 0.0155543 0.004918158 -0.02127712 0.01409184 0.005789756 -0.02127712 0.0155543 0.004918158 -0.02127712 0.01409184 0.005789756 -0.02171874 0.0155543 0.004918158 -0.02171874 0.01409184 0.004918158 -0.02171874 0.01409184 0.003832042 -0.02127712 0.01280099 0.004918158 -0.02127712 0.01409184 0.003832042 -0.02127712 0.01280099 0.004918158 -0.02171874 0.01409184 0.003832042 -0.02171874 0.01280099 0.003832042 -0.02171874 0.01280099 0.002519726 -0.02127712 0.01168268 0.003832042 -0.02127712 0.01280099 0.002519726 -0.02127712 0.01168268 0.003832042 -0.02171874 0.01280099 0.002519726 -0.02171874 0.01168268 0.006956338 -0.02127712 0.0204156 0.006881237 -0.02171874 0.02209353 0.006956338 -0.02171874 0.0204156 0.006881237 -0.02171874 0.02209353 0.006956338 -0.02127712 0.0204156 0.006881237 -0.02127712 0.02209353 0.006881237 -0.02127712 0.02209353 0.006445884 -0.02171874 0.02377146 0.006881237 -0.02171874 0.02209353 0.006445884 -0.02171874 0.02377146 0.006881237 -0.02127712 0.02209353 0.006445884 -0.02127712 0.02377146 0.006445884 -0.02127712 0.02377146 0.005789756 -0.02171874 0.02527773 0.006445884 -0.02171874 0.02377146 0.005789756 -0.02171874 0.02527773 0.006445884 -0.02127712 0.02377146 0.005789756 -0.02127712 0.02527773 0.005789756 -0.02127712 0.02527773 0.004918158 -0.02171874 0.02674025 0.005789756 -0.02171874 0.02527773 0.004918158 -0.02171874 0.02674025 0.005789756 -0.02127712 0.02527773 0.004918158 -0.02127712 0.02674025 0.004918158 -0.02127712 0.02674025 0.003832042 -0.02171874 0.02803111 0.004918158 -0.02171874 0.02674025 0.003832042 -0.02171874 0.02803111 0.004918158 -0.02127712 0.02674025 0.003832042 -0.02127712 0.02803111 0.003832042 -0.02127712 0.02803111 0.002519726 -0.02171874 0.02914941 0.003832042 -0.02171874 0.02803111 0.002519726 -0.02171874 0.02914941 0.003832042 -0.02127712 0.02803111 0.002519726 -0.02127712 0.02914941 0.002519726 -0.02127712 0.02914941 0.001067936 -0.02171874 0.03001028 0.002519726 -0.02171874 0.02914941 0.001067936 -0.02171874 0.03001028 0.002519726 -0.02127712 0.02914941 0.001067936 -0.02127712 0.03001028 0.001067936 -0.02127712 0.03001028 -4.58883e-4 -0.02171874 0.03065484 0.001067936 -0.02171874 0.03001028 -4.58883e-4 -0.02171874 0.03065484 0.001067936 -0.02127712 0.03001028 -4.58883e-4 -0.02127712 0.03065484 -4.58883e-4 -0.02127712 0.03065484 -0.002130508 -0.02171874 0.03108572 -4.58883e-4 -0.02171874 0.03065484 -0.002130508 -0.02171874 0.03108572 -4.58883e-4 -0.02127712 0.03065484 -0.002130508 -0.02127712 0.03108572 -0.002130508 -0.02127712 0.03108572 -0.00380218 -0.02171874 0.03125733 -0.002130508 -0.02171874 0.03108572 -0.00380218 -0.02171874 0.03125733 -0.002130508 -0.02127712 0.03108572 -0.00380218 -0.02127712 0.03125733 -0.002130508 -0.02127712 0.03108572 -0.00380218 -0.02033042 0.03035444 -0.00380218 -0.02127712 0.03125733 -0.00380218 -0.02033042 0.03035444 -0.002130508 -0.02127712 0.03108572 -0.002275347 -0.02033042 0.03022485 -4.58883e-4 -0.02127712 0.03065484 -0.002275347 -0.02033042 0.03022485 -0.002130508 -0.02127712 0.03108572 0.001067936 -0.02127712 0.03001028 -7.49415e-4 -0.02033042 0.02988064 -4.58883e-4 -0.02127712 0.03065484 -0.002275347 -0.02033042 0.03022485 -4.58883e-4 -0.02127712 0.03065484 -7.49415e-4 -0.02033042 0.02988064 0.002519726 -0.02127712 0.02914941 7.0503e-4 -0.02033042 0.02927815 0.001067936 -0.02127712 0.03001028 -7.49415e-4 -0.02033042 0.02988064 0.001067936 -0.02127712 0.03001028 7.0503e-4 -0.02033042 0.02927815 7.0503e-4 -0.02033042 0.02927815 0.002519726 -0.02127712 0.02914941 0.002014636 -0.02033042 0.02850401 0.003832042 -0.02127712 0.02803111 0.002014636 -0.02033042 0.02850401 0.002519726 -0.02127712 0.02914941 0.002014636 -0.02033042 0.02850401 0.003832042 -0.02127712 0.02803111 0.003245592 -0.02033042 0.02747148 -0.002275347 -0.02033042 0.03022485 -0.00380218 -0.0190941 0.03035444 -0.00380218 -0.02033042 0.03035444 -0.00380218 -0.0190941 0.03035444 -0.002275347 -0.02033042 0.03022485 -0.002275347 -0.0190941 0.03022485 -7.49415e-4 -0.02033042 0.02988064 -0.002275347 -0.0190941 0.03022485 -0.002275347 -0.02033042 0.03022485 -0.002275347 -0.0190941 0.03022485 -7.49415e-4 -0.02033042 0.02988064 -7.49415e-4 -0.0190941 0.02988064 7.0503e-4 -0.02033042 0.02927815 -7.49415e-4 -0.0190941 0.02988064 -7.49415e-4 -0.02033042 0.02988064 -7.49415e-4 -0.0190941 0.02988064 7.0503e-4 -0.02033042 0.02927815 7.0503e-4 -0.0190941 0.02927815 0.002014636 -0.02033042 0.02850401 7.0503e-4 -0.0190941 0.02927815 7.0503e-4 -0.02033042 0.02927815 7.0503e-4 -0.0190941 0.02927815 0.002014636 -0.02033042 0.02850401 0.002014636 -0.0190941 0.02850401 0.003245592 -0.02033042 0.02747148 0.002014636 -0.0190941 0.02850401 0.002014636 -0.02033042 0.02850401 0.002014636 -0.0190941 0.02850401 0.003245592 -0.02033042 0.02747148 0.003245592 -0.0190941 0.02747148 0.004192292 -0.02033042 0.02622354 0.003245592 -0.0190941 0.02747148 0.003245592 -0.02033042 0.02747148 0.003245592 -0.02033042 0.02747148 0.004918158 -0.02127712 0.02674025 0.004192292 -0.02033042 0.02622354 0.004918158 -0.02127712 0.02674025 0.003245592 -0.02033042 0.02747148 0.003832042 -0.02127712 0.02803111 0.005789756 -0.02127712 0.02527773 0.004192292 -0.02033042 0.02622354 0.004918158 -0.02127712 0.02674025 0.004192292 -0.02033042 0.02622354 0.005789756 -0.02127712 0.02527773 0.005063891 -0.02033042 0.02493357 0.006445884 -0.02127712 0.02377146 0.005063891 -0.02033042 0.02493357 0.005789756 -0.02127712 0.02527773 0.005063891 -0.02033042 0.02493357 0.006445884 -0.02127712 0.02377146 0.005644917 -0.02033042 0.02347022 0.006881237 -0.02127712 0.02209353 0.005644917 -0.02033042 0.02347022 0.006445884 -0.02127712 0.02377146 0.005644917 -0.02033042 0.02347022 0.006881237 -0.02127712 0.02209353 0.006010532 -0.02033042 0.02196478 0.006956338 -0.02127712 0.0204156 0.006010532 -0.02033042 0.02196478 0.006881237 -0.02127712 0.02209353 0.006010532 -0.02033042 0.02196478 0.006956338 -0.02127712 0.0204156 0.006155371 -0.02033042 0.0204156 0.006881237 -0.02127712 0.01873767 0.006155371 -0.02033042 0.0204156 0.006956338 -0.02127712 0.0204156 0.006155371 -0.02033042 0.0204156 0.006881237 -0.02127712 0.01873767 0.006010532 -0.02033042 0.01891022 0.006445884 -0.02127712 0.01705974 0.006010532 -0.02033042 0.01891022 0.006881237 -0.02127712 0.01873767 0.006010532 -0.02033042 0.01891022 0.006445884 -0.02127712 0.01705974 0.005644917 -0.02033042 0.01736098 0.005789756 -0.02127712 0.0155543 0.005644917 -0.02033042 0.01736098 0.006445884 -0.02127712 0.01705974 0.005644917 -0.02033042 0.01736098 0.005789756 -0.02127712 0.0155543 0.005063891 -0.02033042 0.01589852 0.004918158 -0.02127712 0.01409184 0.005063891 -0.02033042 0.01589852 0.005789756 -0.02127712 0.0155543 0.005063891 -0.02033042 0.01589852 0.004918158 -0.02127712 0.01409184 0.004192292 -0.02033042 0.01460766 0.003832042 -0.02127712 0.01280099 0.004192292 -0.02033042 0.01460766 0.004918158 -0.02127712 0.01409184 0.004192292 -0.02033042 0.01460766 0.003832042 -0.02127712 0.01280099 0.003245592 -0.02033042 0.01336061 0.002519726 -0.02127712 0.01168268 0.003245592 -0.02033042 0.01336061 0.003832042 -0.02127712 0.01280099 0.003245592 -0.02033042 0.01336061 0.002519726 -0.02127712 0.01168268 0.002014636 -0.02033042 0.01241391 0.001067936 -0.02127712 0.01082181 0.002014636 -0.02033042 0.01241391 0.002519726 -0.02127712 0.01168268 0.002014636 -0.02033042 0.01241391 0.001067936 -0.02127712 0.01082181 7.0503e-4 -0.02033042 0.01155304 -4.58883e-4 -0.02127712 0.01017636 7.0503e-4 -0.02033042 0.01155304 0.001067936 -0.02127712 0.01082181 0.001067936 -0.02171874 0.01082181 -4.58883e-4 -0.02127712 0.01017636 0.001067936 -0.02127712 0.01082181 -4.58883e-4 -0.02127712 0.01017636 0.001067936 -0.02171874 0.01082181 -4.58883e-4 -0.02171874 0.01017636 7.0503e-4 -0.02033042 0.01155304 -4.58883e-4 -0.02127712 0.01017636 -7.49415e-4 -0.02033042 0.01095056 -0.002130508 -0.02127712 0.009746372 -7.49415e-4 -0.02033042 0.01095056 -4.58883e-4 -0.02127712 0.01017636 -4.58883e-4 -0.02171874 0.01017636 -0.002130508 -0.02127712 0.009746372 -4.58883e-4 -0.02127712 0.01017636 -7.49415e-4 -0.02033042 0.01095056 -0.002130508 -0.02127712 0.009746372 -0.002275347 -0.02033042 0.01060634 -0.00380218 -0.02127712 0.009660542 -0.002275347 -0.02033042 0.01060634 -0.002130508 -0.02127712 0.009746372 -0.002275347 -0.02033042 0.01060634 -0.00380218 -0.02127712 0.009660542 -0.00380218 -0.02033042 0.01047766 0.002014636 -0.02033042 0.01241391 0.003245592 -0.0183736 0.01336061 0.003245592 -0.02033042 0.01336061 7.0503e-4 -0.02033042 0.01155304 0.002014636 -0.0183736 0.01241391 0.002014636 -0.02033042 0.01241391 0.003245592 -0.0183736 0.01336061 0.002014636 -0.02033042 0.01241391 0.002014636 -0.0183736 0.01241391 0.002014636 -0.0183736 0.01241391 7.0503e-4 -0.02033042 0.01155304 7.0503e-4 -0.0183736 0.01155304 -7.49415e-4 -0.02033042 0.01095056 7.0503e-4 -0.0183736 0.01155304 7.0503e-4 -0.02033042 0.01155304 7.0503e-4 -0.0183736 0.01155304 -7.49415e-4 -0.02033042 0.01095056 -7.49415e-4 -0.0183736 0.01095056 -0.002275347 -0.02033042 0.01060634 -7.49415e-4 -0.0183736 0.01095056 -7.49415e-4 -0.02033042 0.01095056 -7.49415e-4 -0.0183736 0.01095056 -0.002275347 -0.02033042 0.01060634 -0.002275347 -0.0183736 0.01060634 -0.00380218 -0.02033042 0.01047766 -0.002275347 -0.0183736 0.01060634 -0.002275347 -0.02033042 0.01060634 -0.002275347 -0.0183736 0.01060634 -0.00380218 -0.02033042 0.01047766 -0.00380218 -0.0183736 0.01047766 0.001286089 -0.04403603 0.01060634 -4.58883e-4 -0.02171874 0.01017636 0.001067936 -0.02171874 0.01082181 0.001067936 -0.02171874 0.01082181 0.002519726 -0.04403603 0.01168268 0.001286089 -0.04403603 0.01060634 0.002519726 -0.04403603 0.01168268 0.001067936 -0.02171874 0.01082181 0.002519726 -0.02171874 0.01168268 0.002519726 -0.02171874 0.01168268 0.003832042 -0.04403603 0.01280099 0.002519726 -0.04403603 0.01168268 0.003832042 -0.04403603 0.01280099 0.002519726 -0.02171874 0.01168268 0.003832042 -0.02171874 0.01280099 0.003832042 -0.02171874 0.01280099 0.004918158 -0.04403603 0.01409184 0.003832042 -0.04403603 0.01280099 0.004918158 -0.04403603 0.01409184 0.003832042 -0.02171874 0.01280099 0.004918158 -0.02171874 0.01409184 0.004918158 -0.02171874 0.01409184 0.005789756 -0.04403603 0.0155543 0.004918158 -0.04403603 0.01409184 0.005789756 -0.04403603 0.0155543 0.004918158 -0.02171874 0.01409184 0.005789756 -0.02171874 0.0155543 0.005789756 -0.02171874 0.0155543 0.006445884 -0.04403603 0.01705974 0.005789756 -0.04403603 0.0155543 0.006445884 -0.04403603 0.01705974 0.005789756 -0.02171874 0.0155543 0.006445884 -0.02171874 0.01705974 0.006445884 -0.02171874 0.01705974 0.006881237 -0.04403603 0.01873767 0.006445884 -0.04403603 0.01705974 0.006881237 -0.04403603 0.01873767 0.006445884 -0.02171874 0.01705974 0.006881237 -0.02171874 0.01873767 0.006881237 -0.02171874 0.01873767 0.006956338 -0.04403603 0.0204156 0.006881237 -0.04403603 0.01873767 0.006956338 -0.04403603 0.0204156 0.006881237 -0.02171874 0.01873767 0.006956338 -0.02171874 0.0204156 0.006956338 -0.02171874 0.0204156 0.006881237 -0.04403603 0.02209353 0.006956338 -0.04403603 0.0204156 0.006881237 -0.04403603 0.02209353 0.006956338 -0.02171874 0.0204156 0.006881237 -0.02171874 0.02209353 0.006881237 -0.02171874 0.02209353 0.006445884 -0.04403603 0.02377146 0.006881237 -0.04403603 0.02209353 0.006445884 -0.04403603 0.02377146 0.006881237 -0.02171874 0.02209353 0.006445884 -0.02171874 0.02377146 0.006445884 -0.02171874 0.02377146 0.005789756 -0.04403603 0.02527773 0.006445884 -0.04403603 0.02377146 0.005789756 -0.04403603 0.02527773 0.006445884 -0.02171874 0.02377146 0.005789756 -0.02171874 0.02527773 0.005789756 -0.02171874 0.02527773 0.004918158 -0.04403603 0.02674025 0.005789756 -0.04403603 0.02527773 0.004918158 -0.04403603 0.02674025 0.005789756 -0.02171874 0.02527773 0.004918158 -0.02171874 0.02674025 0.004918158 -0.02171874 0.02674025 0.003832042 -0.04403603 0.02803111 0.004918158 -0.04403603 0.02674025 0.003832042 -0.04403603 0.02803111 0.004918158 -0.02171874 0.02674025 0.003832042 -0.02171874 0.02803111 0.003832042 -0.02171874 0.02803111 0.002519726 -0.04403603 0.02914941 0.003832042 -0.04403603 0.02803111 0.002519726 -0.04403603 0.02914941 0.003832042 -0.02171874 0.02803111 0.002519726 -0.02171874 0.02914941 0.002519726 -0.02171874 0.02914941 0.001067936 -0.04403603 0.03001028 0.002519726 -0.04403603 0.02914941 0.001067936 -0.04403603 0.03001028 0.002519726 -0.02171874 0.02914941 0.001067936 -0.02171874 0.03001028 0.001067936 -0.02171874 0.03001028 -4.58883e-4 -0.04403603 0.03065484 0.001067936 -0.04403603 0.03001028 -4.58883e-4 -0.04403603 0.03065484 0.001067936 -0.02171874 0.03001028 -4.58883e-4 -0.02171874 0.03065484 -4.58883e-4 -0.02171874 0.03065484 -0.002130508 -0.04403603 0.03108572 -4.58883e-4 -0.04403603 0.03065484 -0.002130508 -0.04403603 0.03108572 -4.58883e-4 -0.02171874 0.03065484 -0.002130508 -0.02171874 0.03108572 -0.002130508 -0.02171874 0.03108572 -0.00380218 -0.04403603 0.0311715 -0.002130508 -0.04403603 0.03108572 -0.00380218 -0.04403603 0.0311715 -0.002130508 -0.02171874 0.03108572 -0.00380218 -0.02171874 0.03125733 0.006155371 -0.0190941 0.0204156 0.006010532 -0.02033042 0.01891022 0.006010532 -0.0190941 0.01891022 0.006010532 -0.02033042 0.01891022 0.006155371 -0.0190941 0.0204156 0.006155371 -0.02033042 0.0204156 0.005644917 -0.02033042 0.01736098 0.006010532 -0.0190941 0.01891022 0.006010532 -0.02033042 0.01891022 0.006010532 -0.0190941 0.01891022 0.005644917 -0.02033042 0.01736098 0.005644917 -0.0190941 0.01736098 0.005063891 -0.02033042 0.01589852 0.005644917 -0.0190941 0.01736098 0.005644917 -0.02033042 0.01736098 0.005644917 -0.0190941 0.01736098 0.005063891 -0.02033042 0.01589852 0.005063891 -0.0190941 0.01589852 0.004192292 -0.02033042 0.01460766 0.005063891 -0.0190941 0.01589852 0.005063891 -0.02033042 0.01589852 0.005063891 -0.0190941 0.01589852 0.004192292 -0.02033042 0.01460766 0.004192292 -0.0190941 0.01460766 0.006010532 -0.0190941 0.02196478 0.006155371 -0.02033042 0.0204156 0.006155371 -0.0190941 0.0204156 0.006155371 -0.02033042 0.0204156 0.006010532 -0.0190941 0.02196478 0.006010532 -0.02033042 0.02196478 0.005644917 -0.0190941 0.02347022 0.006010532 -0.02033042 0.02196478 0.006010532 -0.0190941 0.02196478 0.006010532 -0.02033042 0.02196478 0.005644917 -0.0190941 0.02347022 0.005644917 -0.02033042 0.02347022 0.005063891 -0.0190941 0.02493357 0.005644917 -0.02033042 0.02347022 0.005644917 -0.0190941 0.02347022 0.005644917 -0.02033042 0.02347022 0.005063891 -0.0190941 0.02493357 0.005063891 -0.02033042 0.02493357 0.004192292 -0.0190941 0.02622354 0.005063891 -0.02033042 0.02493357 0.005063891 -0.0190941 0.02493357 0.005063891 -0.02033042 0.02493357 0.004192292 -0.0190941 0.02622354 0.004192292 -0.02033042 0.02622354 0.003245592 -0.0190941 0.02747148 0.004192292 -0.02033042 0.02622354 0.004192292 -0.0190941 0.02622354 0.003245592 -0.02033042 0.01336061 0.004192292 -0.0190941 0.01460766 0.004192292 -0.02033042 0.01460766 0.004192292 -0.0190941 0.01460766 0.003245592 -0.02033042 0.01336061 0.003245592 -0.0183736 0.01336061 0.004192292 -0.0183736 0.01460766 0.004192292 -0.0190941 0.01460766 0.003245592 -0.0183736 0.01336061 0.004703581 -0.0190941 0.02316892 0.004703581 -0.123689 0.01766228 0.004703581 -0.123689 0.02316892 0.004703581 -0.123689 0.01766228 0.004703581 -0.0190941 0.02316892 0.004703581 -0.0190941 0.01766228 0.004703581 -0.123689 0.02316892 0.001503288 -0.0190941 0.02768695 0.004703581 -0.0190941 0.02316892 0.001503288 -0.0190941 0.02768695 0.004703581 -0.123689 0.02316892 0.001503288 -0.123689 0.02768695 0.001503288 -0.123689 0.02768695 -0.00380218 -0.0190941 0.02945065 0.001503288 -0.0190941 0.02768695 -0.00380218 -0.0190941 0.02945065 0.001503288 -0.123689 0.02768695 -0.00380218 -0.123689 0.02945065 0.004703581 -0.0190941 0.01766228 0.001503288 -0.123689 0.01314514 0.004703581 -0.123689 0.01766228 0.001503288 -0.123689 0.01314514 0.004703581 -0.0190941 0.01766228 0.003466367 -0.0190941 0.01516723 0.001503288 -0.0183736 0.01314514 0.001503288 -0.123689 0.01314514 0.003466367 -0.0190941 0.01516723 0.001503288 -0.0183736 0.01314514 -0.00380218 -0.123689 0.01146721 0.001503288 -0.123689 0.01314514 -0.00380218 -0.123689 0.01146721 0.001503288 -0.0183736 0.01314514 -0.00380218 -0.0183736 0.01146721 0.001503288 -0.0183736 0.01314514 0.003466367 -0.0190941 0.01516723 0.003466367 -0.0183736 0.01516723 8.49849e-4 -0.1304007 0.004798412 8.49849e-4 -0.06076884 0.004798412 0.001503288 -0.1309174 0.01052057 0.001503288 -0.1309174 0.01052057 8.49849e-4 -0.06076884 0.004798412 0.001503288 -0.06053549 0.01052057 -4.58883e-4 -0.04403603 0.01017636 -0.002130508 -0.06053549 0.009789288 -0.002130508 -0.04403603 0.009746372 -0.002130508 -0.06053549 0.009789288 -4.58883e-4 -0.04403603 0.01017636 -4.58883e-4 -0.06053549 0.01017636 -0.00380218 -0.06053549 0.009660542 -0.002130508 -0.04403603 0.009746372 -0.002130508 -0.06053549 0.009789288 -0.002130508 -0.04403603 0.009746372 -0.00380218 -0.06053549 0.009660542 -0.00380218 -0.04403603 0.009660542 -4.58883e-4 -0.04403603 0.01017636 0.001503288 -0.06053549 0.01052057 -4.58883e-4 -0.06053549 0.01017636 0.001503288 -0.06053549 0.01052057 -4.58883e-4 -0.04403603 0.01017636 0.001286089 -0.04403603 0.01060634 0.002519726 -0.04403603 0.01168268 0.001503288 -0.06053549 0.01052057 0.001286089 -0.04403603 0.01060634 0.002519726 -0.04403603 0.01168268 0.001503288 -0.1309174 0.01052057 0.001503288 -0.06053549 0.01052057 0.001503288 -0.1309174 0.01052057 0.002519726 -0.04403603 0.01168268 0.002519726 -0.1309174 0.01168268 0.002519726 -0.04403603 0.01168268 0.003826677 -0.1310032 0.0128439 0.002519726 -0.1309174 0.01168268 0.003826677 -0.1310032 0.0128439 0.002519726 -0.04403603 0.01168268 0.003832042 -0.04403603 0.01280099 0.003832042 -0.04403603 0.01280099 0.004918158 -0.1311749 0.01409184 0.003826677 -0.1310032 0.0128439 0.004918158 -0.1311749 0.01409184 0.003832042 -0.04403603 0.01280099 0.004918158 -0.04403603 0.01409184 0.004918158 -0.04403603 0.01409184 0.005789756 -0.1312616 0.0155543 0.004918158 -0.1311749 0.01409184 0.005789756 -0.1312616 0.0155543 0.004918158 -0.04403603 0.01409184 0.005789756 -0.04403603 0.0155543 0.005789756 -0.04403603 0.0155543 0.006445884 -0.1313474 0.01705974 0.005789756 -0.1312616 0.0155543 0.006445884 -0.1313474 0.01705974 0.005789756 -0.04403603 0.0155543 0.006445884 -0.04403603 0.01705974 0.006445884 -0.04403603 0.01705974 0.006881237 -0.131519 0.01873767 0.006445884 -0.1313474 0.01705974 0.006881237 -0.131519 0.01873767 0.006445884 -0.04403603 0.01705974 0.006881237 -0.04403603 0.01873767 0.006881237 -0.04403603 0.01873767 0.006956338 -0.1316916 0.0204156 0.006881237 -0.131519 0.01873767 0.006956338 -0.1316916 0.0204156 0.006881237 -0.04403603 0.01873767 0.006956338 -0.04403603 0.0204156 0.006956338 -0.04403603 0.0204156 0.006881237 -0.1317774 0.02209353 0.006956338 -0.1316916 0.0204156 0.006881237 -0.1317774 0.02209353 0.006956338 -0.04403603 0.0204156 0.006881237 -0.04403603 0.02209353 0.006881237 -0.04403603 0.02209353 0.006445884 -0.1318632 0.02377146 0.006881237 -0.1317774 0.02209353 0.006445884 -0.1318632 0.02377146 0.006881237 -0.04403603 0.02209353 0.006445884 -0.04403603 0.02377146 0.006445884 -0.04403603 0.02377146 0.005789756 -0.1320357 0.02527773 0.006445884 -0.1318632 0.02377146 0.005789756 -0.1320357 0.02527773 0.006445884 -0.04403603 0.02377146 0.005789756 -0.04403603 0.02527773 0.005789756 -0.04403603 0.02527773 0.004918158 -0.1322073 0.02674025 0.005789756 -0.1320357 0.02527773 0.004918158 -0.1322073 0.02674025 0.005789756 -0.04403603 0.02527773 0.004918158 -0.04403603 0.02674025 0.004918158 -0.04403603 0.02674025 0.003826677 -0.1322941 0.02803111 0.004918158 -0.1322073 0.02674025 0.003826677 -0.1322941 0.02803111 0.004918158 -0.04403603 0.02674025 0.003832042 -0.04403603 0.02803111 0.003832042 -0.04403603 0.02803111 0.002519726 -0.1322941 0.02914941 0.003826677 -0.1322941 0.02803111 0.002519726 -0.1322941 0.02914941 0.003832042 -0.04403603 0.02803111 0.002519726 -0.04403603 0.02914941 0.002519726 -0.04403603 0.02914941 0.001067936 -0.1323799 0.03001028 0.002519726 -0.1322941 0.02914941 0.001067936 -0.1323799 0.03001028 0.002519726 -0.04403603 0.02914941 0.001067936 -0.04403603 0.03001028 0.001067936 -0.04403603 0.03001028 -4.58883e-4 -0.1324657 0.03065484 0.001067936 -0.1323799 0.03001028 -4.58883e-4 -0.1324657 0.03065484 0.001067936 -0.04403603 0.03001028 -4.58883e-4 -0.04403603 0.03065484 -4.58883e-4 -0.04403603 0.03065484 -0.002130508 -0.1324657 0.03104281 -4.58883e-4 -0.1324657 0.03065484 -0.002130508 -0.1324657 0.03104281 -4.58883e-4 -0.04403603 0.03065484 -0.002130508 -0.04403603 0.03108572 -0.002130508 -0.04403603 0.03108572 -0.00380218 -0.1325515 0.0311715 -0.002130508 -0.1324657 0.03104281 -0.00380218 -0.1325515 0.0311715 -0.002130508 -0.04403603 0.03108572 -0.00380218 -0.04403603 0.0311715 -4.58883e-4 -0.06053549 0.01017636 8.49849e-4 -0.06076884 0.004798412 -9.59425e-5 -0.06076884 0.004067182 8.49849e-4 -0.06076884 0.004798412 -4.58883e-4 -0.06053549 0.01017636 0.001503288 -0.06053549 0.01052057 -4.58883e-4 -0.06053549 0.01017636 -9.59425e-5 -0.06076884 0.004067182 -0.002130508 -0.06053549 0.009789288 -0.002130508 -0.06053549 0.009789288 -9.59425e-5 -0.06076884 0.004067182 -0.00380218 -0.06053549 0.009660542 -0.00380218 -0.06053549 0.009660542 -9.59425e-5 -0.06076884 0.004067182 -0.00750935 -0.06076884 0.004067182 -0.00380218 -0.06053549 0.009660542 -0.00750935 -0.06076884 0.004067182 -0.005472958 -0.06053549 0.009789288 -0.005472958 -0.06053549 0.009789288 -0.00750935 -0.06076884 0.004067182 -0.007146418 -0.06053549 0.01017636 -0.008453369 -0.06076884 0.004798412 -0.007146418 -0.06053549 0.01017636 -0.00750935 -0.06076884 0.004067182 -0.007146418 -0.06053549 0.01017636 -0.008453369 -0.06076884 0.004798412 -0.009106874 -0.06053549 0.01052057 -0.002130508 -0.06710779 0.007207572 -0.00380218 -0.0666778 0.004067182 -0.002130508 -0.06710779 0.004067182 -0.00380218 -0.0666778 0.004067182 -0.002130508 -0.06710779 0.007207572 -0.00380218 -0.0666778 0.007207572 -0.001185655 -0.06805449 0.004067182 -0.002130508 -0.06710779 0.007207572 -0.002130508 -0.06710779 0.004067182 -0.002130508 -0.06710779 0.007207572 -0.001185655 -0.06805449 0.004067182 -0.001185655 -0.06805449 0.007207572 -7.49415e-4 -0.06951695 0.004067182 -0.001185655 -0.06805449 0.007207572 -0.001185655 -0.06805449 0.004067182 -0.001185655 -0.06805449 0.007207572 -7.49415e-4 -0.06951695 0.004067182 -7.49415e-4 -0.06951695 0.007207572 -7.49415e-4 -0.1205915 0.004067182 -7.49415e-4 -0.06951695 0.007207572 -7.49415e-4 -0.06951695 0.004067182 -7.49415e-4 -0.06951695 0.007207572 -7.49415e-4 -0.1205915 0.004067182 -7.49415e-4 -0.1205915 0.007207572 -0.001039922 -0.1221407 0.004067182 -7.49415e-4 -0.1205915 0.007207572 -7.49415e-4 -0.1205915 0.004067182 -7.49415e-4 -0.1205915 0.007207572 -0.001039922 -0.1221407 0.004067182 -0.001039922 -0.1221407 0.007207572 -0.002130508 -0.1229149 0.004067182 -0.001039922 -0.1221407 0.007207572 -0.001039922 -0.1221407 0.004067182 -0.001039922 -0.1221407 0.007207572 -0.002130508 -0.1229149 0.004067182 -0.002130508 -0.1229149 0.007207572 -0.002130508 -0.1229149 0.004067182 -0.00380218 -0.1234315 0.007207572 -0.002130508 -0.1229149 0.007207572 -0.00380218 -0.1234315 0.007207572 -0.002130508 -0.1229149 0.004067182 -0.00380218 -0.1234315 0.004067182 -0.002130508 -0.1229149 0.007207572 -0.00380218 -0.1234315 0.007207572 -0.005472958 -0.1229149 0.007207572 -0.006564497 -0.1221407 0.007207572 -0.002130508 -0.1229149 0.007207572 -0.005472958 -0.1229149 0.007207572 -0.002130508 -0.1229149 0.007207572 -0.006564497 -0.1221407 0.007207572 -0.001039922 -0.1221407 0.007207572 -0.00685501 -0.1205915 0.007207572 -0.001039922 -0.1221407 0.007207572 -0.006564497 -0.1221407 0.007207572 -0.001039922 -0.1221407 0.007207572 -0.00685501 -0.1205915 0.007207572 -7.49415e-4 -0.1205915 0.007207572 -0.00685501 -0.06951695 0.007207572 -7.49415e-4 -0.1205915 0.007207572 -0.00685501 -0.1205915 0.007207572 -7.49415e-4 -0.1205915 0.007207572 -0.00685501 -0.06951695 0.007207572 -7.49415e-4 -0.06951695 0.007207572 -0.00641787 -0.06805449 0.007207572 -7.49415e-4 -0.06951695 0.007207572 -0.00685501 -0.06951695 0.007207572 -7.49415e-4 -0.06951695 0.007207572 -0.00641787 -0.06805449 0.007207572 -0.001185655 -0.06805449 0.007207572 -0.005472958 -0.06710779 0.007207572 -0.001185655 -0.06805449 0.007207572 -0.00641787 -0.06805449 0.007207572 -0.001185655 -0.06805449 0.007207572 -0.005472958 -0.06710779 0.007207572 -0.002130508 -0.06710779 0.007207572 -0.002130508 -0.06710779 0.007207572 -0.005472958 -0.06710779 0.007207572 -0.00380218 -0.0666778 0.007207572 -0.009106874 -0.123689 0.01314514 -0.01208639 -0.123689 0.02316892 -0.009106874 -0.123689 0.02768695 -0.01208639 -0.123689 0.02316892 -0.009106874 -0.123689 0.01314514 -0.01208639 -0.123689 0.01727515 -0.00380218 -0.123689 0.02945065 -0.009106874 -0.123689 0.01314514 -0.009106874 -0.123689 0.02768695 -0.009106874 -0.123689 0.01314514 -0.00380218 -0.123689 0.02945065 -0.00380218 -0.123689 0.01146721 0.001503288 -0.123689 0.02768695 -0.00380218 -0.123689 0.01146721 -0.00380218 -0.123689 0.02945065 -0.00380218 -0.123689 0.01146721 0.001503288 -0.123689 0.02768695 0.001503288 -0.123689 0.01314514 0.004703581 -0.123689 0.02316892 0.001503288 -0.123689 0.01314514 0.001503288 -0.123689 0.02768695 0.001503288 -0.123689 0.01314514 0.004703581 -0.123689 0.02316892 0.004703581 -0.123689 0.01766228 -0.01085454 -0.02033042 0.01336061 -0.01187092 -0.0190941 0.01460766 -0.01085454 -0.0183736 0.01336061 -0.01085454 -0.0183736 0.01336061 -0.009617269 -0.02033042 0.01241391 -0.01085454 -0.02033042 0.01336061 -0.009617269 -0.02033042 0.01241391 -0.01085454 -0.0183736 0.01336061 -0.009617269 -0.0183736 0.01241391 -0.009617269 -0.0183736 0.01241391 -0.008308589 -0.02033042 0.01155304 -0.009617269 -0.02033042 0.01241391 -0.008308589 -0.02033042 0.01155304 -0.009617269 -0.0183736 0.01241391 -0.008308589 -0.0183736 0.01155304 -0.008308589 -0.0183736 0.01155304 -0.00685501 -0.02033042 0.01095056 -0.008308589 -0.02033042 0.01155304 -0.00685501 -0.02033042 0.01095056 -0.008308589 -0.0183736 0.01155304 -0.00685501 -0.0183736 0.01095056 -0.00685501 -0.0183736 0.01095056 -0.005328178 -0.02033042 0.01060634 -0.00685501 -0.02033042 0.01095056 -0.005328178 -0.02033042 0.01060634 -0.00685501 -0.0183736 0.01095056 -0.005328178 -0.0183736 0.01060634 -0.005328178 -0.0183736 0.01060634 -0.00380218 -0.02033042 0.01047766 -0.005328178 -0.02033042 0.01060634 -0.00380218 -0.02033042 0.01047766 -0.005328178 -0.0183736 0.01060634 -0.00380218 -0.0183736 0.01047766 -0.01085454 -0.0183736 0.01336061 -0.01187092 -0.0190941 0.01460766 -0.01187092 -0.0183736 0.01460766 -0.01106995 -0.0183736 0.01516723 -0.01187092 -0.0190941 0.01460766 -0.01106995 -0.0190941 0.01516723 -0.01187092 -0.0190941 0.01460766 -0.01106995 -0.0183736 0.01516723 -0.01187092 -0.0183736 0.01460766 0.004192292 -0.0183736 0.01460766 0.003466367 -0.0190941 0.01516723 0.004192292 -0.0190941 0.01460766 0.003466367 -0.0190941 0.01516723 0.004192292 -0.0183736 0.01460766 0.003466367 -0.0183736 0.01516723 -0.005472958 -0.04403603 0.009746372 -0.007143735 -0.02171874 0.01017636 -0.005472958 -0.02171874 0.009746372 -0.007143735 -0.02171874 0.01017636 -0.005472958 -0.04403603 0.009746372 -0.007146418 -0.04403603 0.01017636 -0.005472958 -0.02171874 0.009746372 -0.00380218 -0.04403603 0.009660542 -0.005472958 -0.04403603 0.009746372 -0.00380218 -0.04403603 0.009660542 -0.005472958 -0.02171874 0.009746372 -0.00380218 -0.02171874 0.009660542 -0.007146418 -0.04403603 0.01017636 -0.008671522 -0.02171874 0.01082181 -0.007143735 -0.02171874 0.01017636 -0.008671522 -0.02171874 0.01082181 -0.007146418 -0.04403603 0.01017636 -0.008888721 -0.04403603 0.01060634 -0.008888721 -0.04403603 0.01060634 -0.01012325 -0.02171874 0.01168268 -0.008671522 -0.02171874 0.01082181 -0.01012325 -0.02171874 0.01168268 -0.008888721 -0.04403603 0.01060634 -0.01012325 -0.04403603 0.01168268 -0.01012325 -0.04403603 0.01168268 -0.01143556 -0.02171874 0.01280099 -0.01012325 -0.02171874 0.01168268 -0.01143556 -0.02171874 0.01280099 -0.01012325 -0.04403603 0.01168268 -0.01143556 -0.04403603 0.01280099 -0.01143556 -0.04403603 0.01280099 -0.01252174 -0.02171874 0.01409184 -0.01143556 -0.02171874 0.01280099 -0.01252174 -0.02171874 0.01409184 -0.01143556 -0.04403603 0.01280099 -0.01252174 -0.04403603 0.01409184 -0.01252174 -0.04403603 0.01409184 -0.01339781 -0.02171874 0.0155543 -0.01252174 -0.02171874 0.01409184 -0.01339781 -0.02171874 0.0155543 -0.01252174 -0.04403603 0.01409184 -0.01339781 -0.04403603 0.0155543 -0.01339781 -0.04403603 0.0155543 -0.01404857 -0.02171874 0.01705974 -0.01339781 -0.02171874 0.0155543 -0.01404857 -0.02171874 0.01705974 -0.01339781 -0.04403603 0.0155543 -0.01404857 -0.04403603 0.01705974 -0.01404857 -0.04403603 0.01705974 -0.01448482 -0.02171874 0.01873767 -0.01404857 -0.02171874 0.01705974 -0.01448482 -0.02171874 0.01873767 -0.01404857 -0.04403603 0.01705974 -0.01448482 -0.04403603 0.01873767 -0.01448482 -0.04403603 0.01873767 -0.01455992 -0.02171874 0.0204156 -0.01448482 -0.02171874 0.01873767 -0.01455992 -0.02171874 0.0204156 -0.01448482 -0.04403603 0.01873767 -0.01455992 -0.04403603 0.0204156 -0.01455992 -0.04403603 0.0204156 -0.01448482 -0.02171874 0.02209353 -0.01455992 -0.02171874 0.0204156 -0.01448482 -0.02171874 0.02209353 -0.01455992 -0.04403603 0.0204156 -0.01448482 -0.04403603 0.02209353 -0.01448482 -0.04403603 0.02209353 -0.01404857 -0.02171874 0.02377146 -0.01448482 -0.02171874 0.02209353 -0.01404857 -0.02171874 0.02377146 -0.01448482 -0.04403603 0.02209353 -0.01404857 -0.04403603 0.02377146 -0.01404857 -0.04403603 0.02377146 -0.01339781 -0.02171874 0.02527773 -0.01404857 -0.02171874 0.02377146 -0.01339781 -0.02171874 0.02527773 -0.01404857 -0.04403603 0.02377146 -0.01339781 -0.04403603 0.02527773 -0.01339781 -0.04403603 0.02527773 -0.01252174 -0.02171874 0.02674025 -0.01339781 -0.02171874 0.02527773 -0.01252174 -0.02171874 0.02674025 -0.01339781 -0.04403603 0.02527773 -0.01252174 -0.04403603 0.02674025 -0.01252174 -0.04403603 0.02674025 -0.01143556 -0.02171874 0.02803111 -0.01252174 -0.02171874 0.02674025 -0.01143556 -0.02171874 0.02803111 -0.01252174 -0.04403603 0.02674025 -0.01143556 -0.04403603 0.02803111 -0.01143556 -0.04403603 0.02803111 -0.01012325 -0.02171874 0.02914941 -0.01143556 -0.02171874 0.02803111 -0.01012325 -0.02171874 0.02914941 -0.01143556 -0.04403603 0.02803111 -0.01012325 -0.04403603 0.02914941 -0.01012325 -0.04403603 0.02914941 -0.008671522 -0.02171874 0.03001028 -0.01012325 -0.02171874 0.02914941 -0.008671522 -0.02171874 0.03001028 -0.01012325 -0.04403603 0.02914941 -0.008671522 -0.04403603 0.03001028 -0.008671522 -0.04403603 0.03001028 -0.007143735 -0.02171874 0.03065484 -0.008671522 -0.02171874 0.03001028 -0.007143735 -0.02171874 0.03065484 -0.008671522 -0.04403603 0.03001028 -0.007146418 -0.04403603 0.03065484 -0.007146418 -0.04403603 0.03065484 -0.005472958 -0.02171874 0.03108572 -0.007143735 -0.02171874 0.03065484 -0.005472958 -0.02171874 0.03108572 -0.007146418 -0.04403603 0.03065484 -0.005472958 -0.04403603 0.03108572 -0.005472958 -0.04403603 0.03108572 -0.00380218 -0.02171874 0.03125733 -0.005472958 -0.02171874 0.03108572 -0.00380218 -0.02171874 0.03125733 -0.005472958 -0.04403603 0.03108572 -0.00380218 -0.04403603 0.0311715 -4.58883e-4 -0.04403603 0.01017636 -0.002130508 -0.02171874 0.009746372 -4.58883e-4 -0.02171874 0.01017636 -0.002130508 -0.02171874 0.009746372 -4.58883e-4 -0.04403603 0.01017636 -0.002130508 -0.04403603 0.009746372 -0.002130508 -0.04403603 0.009746372 -0.00380218 -0.02171874 0.009660542 -0.002130508 -0.02171874 0.009746372 -0.00380218 -0.02171874 0.009660542 -0.002130508 -0.04403603 0.009746372 -0.00380218 -0.04403603 0.009660542 -4.58883e-4 -0.02171874 0.01017636 0.001286089 -0.04403603 0.01060634 -4.58883e-4 -0.04403603 0.01017636 -0.002130508 -0.02127712 0.009746372 -4.58883e-4 -0.02171874 0.01017636 -0.002130508 -0.02171874 0.009746372 -0.002130508 -0.02171874 0.009746372 -0.00380218 -0.02127712 0.009660542 -0.002130508 -0.02127712 0.009746372 -0.00380218 -0.02127712 0.009660542 -0.002130508 -0.02171874 0.009746372 -0.00380218 -0.02171874 0.009660542 -0.005472958 -0.02171874 0.009746372 -0.007143735 -0.02127712 0.01017636 -0.005472958 -0.02127712 0.009746372 -0.007143735 -0.02127712 0.01017636 -0.005472958 -0.02171874 0.009746372 -0.007143735 -0.02171874 0.01017636 -0.005472958 -0.02127712 0.009746372 -0.00380218 -0.02171874 0.009660542 -0.005472958 -0.02171874 0.009746372 -0.00380218 -0.02171874 0.009660542 -0.005472958 -0.02127712 0.009746372 -0.00380218 -0.02127712 0.009660542 -0.01012325 -0.02127712 0.01168268 -0.008671522 -0.02171874 0.01082181 -0.01012325 -0.02171874 0.01168268 0.002519726 -0.02171874 0.01168268 0.001067936 -0.02127712 0.01082181 0.002519726 -0.02127712 0.01168268 0.001067936 -0.02127712 0.01082181 0.002519726 -0.02171874 0.01168268 0.001067936 -0.02171874 0.01082181 0.006167888 -0.1544173 0.006850898 6.78212e-4 -0.1540929 -0.04657196 0.005711078 -0.1536056 -0.04504954 0.00418961 -0.1534439 -0.04787087 0.005711078 -0.1536056 -0.04504954 6.78212e-4 -0.1540929 -0.04657196 0.00418961 -0.1534439 -0.04787087 0.005335628 -0.1526322 -0.04718071 0.005711078 -0.1536056 -0.04504954 0.00418961 -0.1534439 -0.04787087 0.004036724 -0.1524695 -0.04932171 0.005335628 -0.1526322 -0.04718071 0.00418961 -0.1534439 -0.04787087 0.001362919 -0.152794 -0.04976779 0.004036724 -0.1524695 -0.04932171 0.001362919 -0.152794 -0.04976779 0.00418961 -0.1534439 -0.04787087 0.001134991 -0.1537684 -0.04824632 0.001134991 -0.1537684 -0.04824632 0.00418961 -0.1534439 -0.04787087 6.78212e-4 -0.1540929 -0.04657196 6.78212e-4 -0.1540929 -0.04657196 -0.001842677 -0.1536056 -0.04832762 0.001134991 -0.1537684 -0.04824632 -0.001842677 -0.1536056 -0.04832762 6.78212e-4 -0.1540929 -0.04657196 -0.00466752 -0.1540929 -0.04657196 6.78212e-4 -0.1540929 -0.04657196 0.006167888 -0.1544173 0.006850898 -0.00466752 -0.1540929 -0.04657196 0.001134991 -0.1537684 -0.04824632 -0.001842677 -0.152794 -0.04993051 0.001362919 -0.152794 -0.04976779 -0.001842677 -0.152794 -0.04993051 0.001134991 -0.1537684 -0.04824632 -0.001842677 -0.1536056 -0.04832762 -0.001842677 -0.1536056 -0.04832762 -0.00466752 -0.1540929 -0.04657196 -0.007414638 -0.1536056 -0.04832762 -0.00466752 -0.1540929 -0.04657196 -0.009934663 -0.1540929 -0.04657196 -0.007414638 -0.1536056 -0.04832762 -0.01046746 -0.1537684 -0.04824632 -0.007414638 -0.1536056 -0.04832762 -0.009934663 -0.1540929 -0.04657196 -0.009934663 -0.1540929 -0.04657196 -0.00466752 -0.1540929 -0.04657196 -0.01542973 -0.1544173 0.006850898 -0.00466752 -0.1540929 -0.04657196 0.006167888 -0.1544173 0.006850898 -0.01542973 -0.1544173 0.006850898 -0.01497292 -0.1536056 -0.04504954 -0.009934663 -0.1540929 -0.04657196 -0.01542973 -0.1544173 0.006850898 -0.009934663 -0.1540929 -0.04657196 -0.01497292 -0.1536056 -0.04504954 -0.01344603 -0.1534439 -0.04787087 -0.009934663 -0.1540929 -0.04657196 -0.01344603 -0.1534439 -0.04787087 -0.01046746 -0.1537684 -0.04824632 -0.01344603 -0.1534439 -0.04787087 -0.01062029 -0.152794 -0.04976779 -0.01046746 -0.1537684 -0.04824632 -0.01062029 -0.152794 -0.04976779 -0.01344603 -0.1534439 -0.04787087 -0.01337009 -0.1524695 -0.04932171 -0.0146681 -0.1526322 -0.04718071 -0.01337009 -0.1524695 -0.04932171 -0.01344603 -0.1534439 -0.04787087 -0.01497292 -0.1536056 -0.04504954 -0.0146681 -0.1526322 -0.04718071 -0.01344603 -0.1534439 -0.04787087 -0.01046746 -0.1537684 -0.04824632 -0.007414638 -0.152794 -0.04993051 -0.007414638 -0.1536056 -0.04832762 -0.007414638 -0.152794 -0.04993051 -0.01046746 -0.1537684 -0.04824632 -0.01062029 -0.152794 -0.04976779 -0.007414638 -0.152794 -0.04993051 -0.00466752 -0.1529567 -0.05001181 -0.007414638 -0.1536056 -0.04832762 -0.00466752 -0.1529567 -0.05001181 -0.001842677 -0.1536056 -0.04832762 -0.007414638 -0.1536056 -0.04832762 -0.001842677 -0.152794 -0.04993051 -0.001842677 -0.1536056 -0.04832762 -0.00466752 -0.1529567 -0.05001181 -0.01542973 -0.1544173 0.006850898 0.008156895 -0.1555545 0.0137307 -0.01741337 -0.1555545 0.0137307 0.008156895 -0.1555545 0.0137307 -0.01542973 -0.1544173 0.006850898 0.006167888 -0.1544173 0.006850898 0.009069621 -0.1562035 0.01906752 -0.01741337 -0.1555545 0.0137307 0.008156895 -0.1555545 0.0137307 -0.01741337 -0.1555545 0.0137307 0.009069621 -0.1562035 0.01906752 -0.01840746 -0.1562035 0.01906752 0.008847057 -0.1565279 0.02174669 -0.01840746 -0.1562035 0.01906752 0.009069621 -0.1562035 0.01906752 -0.01840746 -0.1562035 0.01906752 0.008847057 -0.1565279 0.02174669 -0.01810348 -0.1565279 0.02174669 0.008075535 -0.1568534 0.0243436 -0.01810348 -0.1565279 0.02174669 0.008847057 -0.1565279 0.02174669 -0.01810348 -0.1565279 0.02174669 0.008075535 -0.1568534 0.0243436 -0.01734185 -0.1568534 0.0243436 0.006786465 -0.1570152 0.02669823 -0.01734185 -0.1568534 0.0243436 0.008075535 -0.1568534 0.0243436 -0.01734185 -0.1568534 0.0243436 0.006786465 -0.1570152 0.02669823 -0.01603847 -0.1570152 0.02669823 0.005102276 -0.1571779 0.0287677 -0.01603847 -0.1570152 0.02669823 0.006786465 -0.1570152 0.02669823 -0.01603847 -0.1570152 0.02669823 0.005102276 -0.1571779 0.0287677 -0.01435875 -0.1571779 0.0287677 0.002966701 -0.1573397 0.03043222 -0.01435875 -0.1571779 0.0287677 0.005102276 -0.1571779 0.0287677 -0.01435875 -0.1571779 0.0287677 0.002966701 -0.1573397 0.03043222 -0.01229912 -0.1573397 0.03043222 5.97757e-4 -0.1573397 0.03173112 -0.01229912 -0.1573397 0.03043222 0.002966701 -0.1573397 0.03043222 -0.01229912 -0.1573397 0.03043222 5.97757e-4 -0.1573397 0.03173112 -0.009934663 -0.1573397 0.03173112 5.97757e-4 -0.1573397 0.03173112 -0.00466752 -0.1573397 0.03282618 -0.009934663 -0.1573397 0.03173112 5.97757e-4 -0.1573397 0.03173112 -0.001995563 -0.1573397 0.03250169 -0.00466752 -0.1573397 0.03282618 -0.00466752 -0.1573397 0.03282618 -0.007338643 -0.1573397 0.03250169 -0.009934663 -0.1573397 0.03173112 -0.001076579 -0.01622009 -0.09327775 0.002433896 -0.01818853 -0.09274947 -6.96672e-4 -0.01735627 -0.09372383 0.002433896 -0.01818853 -0.09274947 -0.001076579 -0.01622009 -0.09327775 0.002048611 -0.01705145 -0.09197884 -0.002682983 -0.01713281 -0.09388655 -0.001076579 -0.01622009 -0.09327775 -6.96672e-4 -0.01735627 -0.09372383 -0.001076579 -0.01622009 -0.09327775 -0.002682983 -0.01713281 -0.09388655 -0.002834975 -0.01613873 -0.09343957 0.004036724 -0.01751899 -0.09015256 0.002433896 -0.01818853 -0.09274947 0.002048611 -0.01705145 -0.09197884 0.002433896 -0.01818853 -0.09274947 0.004036724 -0.01751899 -0.09015256 0.00456506 -0.01934534 -0.0913701 0.00586307 -0.01926398 -0.08658033 0.00456506 -0.01934534 -0.0913701 0.004036724 -0.01751899 -0.09015256 0.00456506 -0.01934534 -0.0913701 0.00586307 -0.01926398 -0.08658033 0.00586307 -0.02125298 -0.08877229 0.00586307 -0.01926398 -0.08658033 0.006786465 -0.02330189 -0.08617448 0.00586307 -0.02125298 -0.08877229 0.006857991 -0.01804643 -0.07627141 0.006786465 -0.02330189 -0.08617448 0.00586307 -0.01926398 -0.08658033 0.006786465 -0.02330189 -0.08617448 0.006857991 -0.01804643 -0.07627141 0.006857991 -0.02490562 -0.08398348 0.006857991 -0.01804643 -0.07627141 0.006634533 -0.03598606 -0.06892496 0.006857991 -0.02490562 -0.08398348 0.006857991 -0.01804643 -0.07627141 0.006706058 -0.01124799 -0.0382511 0.006634533 -0.03598606 -0.06892496 0.006706058 -0.002090454 -0.04206645 0.006706058 -0.01124799 -0.0382511 0.006857991 -0.01804643 -0.07627141 0.006706058 -0.002090454 -0.04206645 0.006857991 -0.01804643 -0.07627141 0.006706058 0.006074786 -0.04359871 -0.002682983 -0.01713281 -0.09388655 -0.00466752 -0.01605737 -0.09360229 -0.002834975 -0.01613873 -0.09343957 -0.00466752 -0.01605737 -0.09360229 -0.002682983 -0.01713281 -0.09388655 -0.00466752 -0.01697099 -0.09404838 0.00273782 -0.03886723 -0.06184315 0.005559086 -0.01392626 -0.03588753 0.002966701 -0.01674753 -0.03313779 0.003956258 -0.01262825 -0.03107815 0.002966701 -0.01674753 -0.03313779 0.005559086 -0.01392626 -0.03588753 0.003956258 -0.01262825 -0.03107815 0.002048611 -0.01338899 -0.02672553 0.002966701 -0.01674753 -0.03313779 0.003575444 -0.01117646 -0.02642071 0.002048611 -0.01338899 -0.02672553 0.003956258 -0.01262825 -0.03107815 0.006706058 -0.01124799 -0.0382511 0.003956258 -0.01262825 -0.03107815 0.005559086 -0.01392626 -0.03588753 0.00319463 -0.01079118 -0.02138245 0.002048611 -0.01338899 -0.02672553 0.003575444 -0.01117646 -0.02642071 0.00319463 -0.01079118 -0.02138245 0.001819729 -0.01262825 -0.02298527 0.002048611 -0.01338899 -0.02672553 0.002048611 -0.01338899 -0.02672553 -0.001000583 -0.01818853 -0.03237432 0.002966701 -0.01674753 -0.03313779 -0.001000583 -0.01818853 -0.03237432 0.002048611 -0.01338899 -0.02672553 -0.001462757 -0.01491045 -0.02687841 -0.001462757 -0.01491045 -0.02687841 -0.00466752 -0.0188778 -0.03229749 -0.001000583 -0.01818853 -0.03237432 -0.00466752 -0.03947603 -0.0593267 -0.001000583 -0.01818853 -0.03237432 -0.00466752 -0.0188778 -0.03229749 -0.001000583 -0.01818853 -0.03237432 -0.00466752 -0.03947603 -0.0593267 -0.001081943 -0.03927308 -0.05993551 -0.001081943 -0.03927308 -0.05993551 0.002966701 -0.01674753 -0.03313779 -0.001000583 -0.01818853 -0.03237432 0.002966701 -0.01674753 -0.03313779 -0.001081943 -0.03927308 -0.05993551 0.00273782 -0.03886723 -0.06184315 -0.00466752 -0.0188778 -0.03229749 -0.001462757 -0.01491045 -0.02687841 -0.00466752 -0.01537799 -0.02687841 -0.001614749 -0.01423108 -0.02344208 -0.00466752 -0.01537799 -0.02687841 -0.001462757 -0.01491045 -0.02687841 -0.001614749 -0.01423108 -0.02344208 0.002048611 -0.01338899 -0.02672553 0.001819729 -0.01262825 -0.02298527 0.002048611 -0.01338899 -0.02672553 -0.001614749 -0.01423108 -0.02344208 -0.001462757 -0.01491045 -0.02687841 -0.00466752 -0.01537799 -0.02687841 -0.001614749 -0.01423108 -0.02344208 -0.00466752 -0.01468789 -0.02382558 -0.001462757 -0.01522511 -0.01894193 -0.00466752 -0.01468789 -0.02382558 -0.001614749 -0.01423108 -0.02344208 -0.00466752 -0.01468789 -0.02382558 -0.001462757 -0.01522511 -0.01894193 -0.00466752 -0.01560062 -0.01932281 -0.001614749 -0.01423108 -0.02344208 0.002048611 -0.0138458 -0.01817584 -0.001462757 -0.01522511 -0.01894193 0.002048611 -0.0138458 -0.01817584 -0.001614749 -0.01423108 -0.02344208 0.001819729 -0.01262825 -0.02298527 0.00319463 -0.01079118 -0.02138245 0.002048611 -0.0138458 -0.01817584 0.001819729 -0.01262825 -0.02298527 0.003423452 -0.01239401 -0.01695382 0.002048611 -0.0138458 -0.01817584 0.00319463 -0.01079118 -0.02138245 -0.007720351 -0.01423108 -0.02344208 -0.00466752 -0.01537799 -0.02687841 -0.00466752 -0.01468789 -0.02382558 -0.00466752 -0.01537799 -0.02687841 -0.007720351 -0.01423108 -0.02344208 -0.007796347 -0.01491045 -0.02687841 -0.007796347 -0.01491045 -0.02687841 -0.00466752 -0.0188778 -0.03229749 -0.00466752 -0.01537799 -0.02687841 -0.008330941 -0.01818853 -0.03237432 -0.00466752 -0.03947603 -0.0593267 -0.00466752 -0.0188778 -0.03229749 -0.00466752 -0.0188778 -0.03229749 -0.007796347 -0.01491045 -0.02687841 -0.008330941 -0.01818853 -0.03237432 -0.00466752 -0.03947603 -0.0593267 -0.008330941 -0.01818853 -0.03237432 -0.008254051 -0.03927308 -0.05993551 -0.00466752 -0.01468789 -0.02382558 -0.007796347 -0.01522511 -0.01894193 -0.007720351 -0.01423108 -0.02344208 -0.007796347 -0.01522511 -0.01894193 -0.00466752 -0.01468789 -0.02382558 -0.00466752 -0.01560062 -0.01932281 -0.01138371 -0.01338899 -0.02672553 -0.008330941 -0.01818853 -0.03237432 -0.007796347 -0.01491045 -0.02687841 -0.007720351 -0.01423108 -0.02344208 -0.01138371 -0.01338899 -0.02672553 -0.007796347 -0.01491045 -0.02687841 -0.008330941 -0.01818853 -0.03237432 -0.01138371 -0.01338899 -0.02672553 -0.01229912 -0.01674753 -0.03313779 -0.01229912 -0.01674753 -0.03313779 -0.008254051 -0.03927308 -0.05993551 -0.008330941 -0.01818853 -0.03237432 -0.01229912 -0.01674753 -0.03313779 -0.01138371 -0.01338899 -0.02672553 -0.0132932 -0.01262825 -0.03107815 -0.01482093 -0.01392626 -0.03588753 -0.01229912 -0.01674753 -0.03313779 -0.0132932 -0.01262825 -0.03107815 -0.01482093 -0.01392626 -0.03588753 -0.01199519 -0.03886723 -0.06184315 -0.01229912 -0.01674753 -0.03313779 -0.008254051 -0.03927308 -0.05993551 -0.01229912 -0.01674753 -0.03313779 -0.01199519 -0.03886723 -0.06184315 -0.01199519 -0.03886723 -0.06184315 -0.01482093 -0.01392626 -0.03588753 -0.01443475 -0.03850251 -0.06579977 -0.01443475 -0.03850251 -0.06579977 -0.01176631 -0.0416277 -0.06358814 -0.01199519 -0.03886723 -0.06184315 -0.01603847 -0.01124799 -0.0382511 -0.01443475 -0.03850251 -0.06579977 -0.01482093 -0.01392626 -0.03588753 -0.01482093 -0.01392626 -0.03588753 -0.0132932 -0.01262825 -0.03107815 -0.01603847 -0.01124799 -0.0382511 -0.01443475 -0.03850251 -0.06579977 -0.01603847 -0.01124799 -0.0382511 -0.01588654 -0.03598606 -0.06892496 -0.01176631 -0.0416277 -0.06358814 -0.01443475 -0.03850251 -0.06579977 -0.01451164 -0.04016613 -0.06695652 -0.0132932 -0.01262825 -0.03107815 -0.01138371 -0.01338899 -0.02672553 -0.01291328 -0.01117646 -0.02642071 -0.01291328 -0.01117646 -0.02642071 -0.01138371 -0.01338899 -0.02672553 -0.01245111 -0.01079118 -0.02138245 -0.01138371 -0.01338899 -0.02672553 -0.01115489 -0.01262825 -0.02298527 -0.01245111 -0.01079118 -0.02138245 -0.01115489 -0.01262825 -0.02298527 -0.01130777 -0.0138458 -0.01817584 -0.01245111 -0.01079118 -0.02138245 -0.008102059 -0.04203361 -0.06176185 -0.01199519 -0.03886723 -0.06184315 -0.01176631 -0.0416277 -0.06358814 -0.01199519 -0.03886723 -0.06184315 -0.008102059 -0.04203361 -0.06176185 -0.008254051 -0.03927308 -0.05993551 -0.00466752 -0.04203361 -0.06107169 -0.008254051 -0.03927308 -0.05993551 -0.008102059 -0.04203361 -0.06176185 -0.007720351 -0.01423108 -0.02344208 -0.01130777 -0.0138458 -0.01817584 -0.01115489 -0.01262825 -0.02298527 -0.01130777 -0.0138458 -0.01817584 -0.007720351 -0.01423108 -0.02344208 -0.007796347 -0.01522511 -0.01894193 -0.01138371 -0.01338899 -0.02672553 -0.007720351 -0.01423108 -0.02344208 -0.01115489 -0.01262825 -0.02298527 -0.01176631 -0.0416277 -0.06358814 -0.008026063 -0.04430598 -0.06206578 -0.008102059 -0.04203361 -0.06176185 -0.00466752 -0.0444687 -0.06129521 -0.008102059 -0.04203361 -0.06176185 -0.008026063 -0.04430598 -0.06206578 -0.00466752 -0.0444687 -0.06129521 -0.00466752 -0.04203361 -0.06107169 -0.008102059 -0.04203361 -0.06176185 -0.008026063 -0.04430598 -0.06206578 -0.01176631 -0.0416277 -0.06358814 -0.01169037 -0.04422461 -0.06383126 -0.01245111 -0.01079118 -0.02138245 -0.01130777 -0.0138458 -0.01817584 -0.01267993 -0.01239401 -0.01695382 -0.00466752 -0.04203361 -0.06107169 -0.00466752 -0.03947603 -0.0593267 -0.008254051 -0.03927308 -0.05993551 -0.01176631 -0.0416277 -0.06358814 -0.01482093 -0.04430598 -0.06900632 -0.01169037 -0.04422461 -0.06383126 -0.01482093 -0.04430598 -0.06900632 -0.01176631 -0.0416277 -0.06358814 -0.01451164 -0.04016613 -0.06695652 -0.01115489 -0.01537799 -0.08451086 -0.01115489 -0.01438301 -0.07964068 0.001895725 -0.01537799 -0.08451086 -0.01115489 -0.01537799 -0.08451086 0.001895725 -0.01537799 -0.08451086 0.001439809 -0.01583391 -0.08954375 0.001895725 -0.01537799 -0.08451086 0.004036724 -0.01751899 -0.09015256 0.001439809 -0.01583391 -0.08954375 0.004036724 -0.01751899 -0.09015256 0.001895725 -0.01537799 -0.08451086 0.00456506 -0.0169093 -0.08487558 0.00456506 -0.0169093 -0.08487558 0.00586307 -0.01926398 -0.08658033 0.004036724 -0.01751899 -0.09015256 0.004036724 -0.01751899 -0.09015256 3.68907e-4 -0.01560062 -0.09108585 0.001439809 -0.01583391 -0.08954375 3.68907e-4 -0.01560062 -0.09108585 0.004036724 -0.01751899 -0.09015256 0.002048611 -0.01705145 -0.09197884 -0.001076579 -0.01622009 -0.09327775 3.68907e-4 -0.01560062 -0.09108585 0.002048611 -0.01705145 -0.09197884 3.68907e-4 -0.01560062 -0.09108585 -0.001076579 -0.01622009 -0.09327775 -0.001614749 -0.01522511 -0.09169459 -0.001614749 -0.01522511 -0.09169459 0.001439809 -0.01583391 -0.08954375 3.68907e-4 -0.01560062 -0.09108585 0.001439809 -0.01583391 -0.08954375 -0.001614749 -0.01522511 -0.09169459 -0.01115489 -0.01537799 -0.08451086 -0.001076579 -0.01622009 -0.09327775 -0.003138899 -0.01514381 -0.09197884 -0.001614749 -0.01522511 -0.09169459 -0.01115489 -0.01537799 -0.08451086 -0.001614749 -0.01522511 -0.09169459 -0.003138899 -0.01514381 -0.09197884 -0.006117522 -0.01514381 -0.09197884 -0.01115489 -0.01537799 -0.08451086 -0.003138899 -0.01514381 -0.09197884 -0.003138899 -0.01514381 -0.09197884 -0.001076579 -0.01622009 -0.09327775 -0.002834975 -0.01613873 -0.09343957 0.001895725 -0.01537799 -0.08451086 -0.01115489 -0.01438301 -0.07964068 0.001819729 -0.01438301 -0.07964068 0.001819729 -0.01438301 -0.07964068 0.00456506 -0.0169093 -0.08487558 0.001895725 -0.01537799 -0.08451086 0.00456506 -0.0169093 -0.08487558 0.005711078 -0.01575344 -0.07834178 0.00586307 -0.01926398 -0.08658033 0.00586307 -0.01926398 -0.08658033 0.005711078 -0.01575344 -0.07834178 0.006857991 -0.01804643 -0.07627141 0.005944371 0.01034963 -0.04252326 0.006857991 -0.01804643 -0.07627141 0.005711078 -0.01575344 -0.07834178 0.006857991 -0.01804643 -0.07627141 0.005944371 0.01034963 -0.04252326 0.006706058 0.006074786 -0.04359871 0.00456506 -0.0169093 -0.08487558 0.004341542 -0.01491045 -0.07907211 0.005711078 -0.01575344 -0.07834178 0.00456506 -0.0169093 -0.08487558 0.001819729 -0.01438301 -0.07964068 0.004341542 -0.01491045 -0.07907211 -0.00466752 -0.01605737 -0.09360229 -0.003138899 -0.01514381 -0.09197884 -0.002834975 -0.01613873 -0.09343957 -0.006117522 -0.01514381 -0.09197884 -0.003138899 -0.01514381 -0.09197884 -0.00466752 -0.01605737 -0.09360229 0.001819729 -0.01438301 -0.07964068 0.0037328 0.01370817 -0.04214781 0.004341542 -0.01491045 -0.07907211 0.005711078 -0.01575344 -0.07834178 0.0037328 0.01370817 -0.04214781 0.005944371 0.01034963 -0.04252326 0.0037328 0.01370817 -0.04214781 0.005711078 -0.01575344 -0.07834178 0.004341542 -0.01491045 -0.07907211 0.005944371 0.01034963 -0.04252326 0.0037328 0.01370817 -0.04214781 0.004950344 0.01325136 -0.04046362 0.0037328 0.01370817 -0.04214781 0.001819729 -0.01438301 -0.07964068 0.001286983 0.0138601 -0.04252326 -0.01115489 -0.01438301 -0.07964068 0.001286983 0.0138601 -0.04252326 0.001819729 -0.01438301 -0.07964068 0.001286983 0.0138601 -0.04252326 -0.01115489 -0.01438301 -0.07964068 -0.0105434 0.0138601 -0.04252326 -0.01115489 -0.01438301 -0.07964068 -0.01298922 0.01370817 -0.04214781 -0.0105434 0.0138601 -0.04252326 -0.01298922 0.01370817 -0.04214781 -0.01115489 -0.01438301 -0.07964068 -0.01367402 -0.01491045 -0.07907211 -0.01115489 -0.01438301 -0.07964068 -0.01382601 -0.0169093 -0.08487558 -0.01367402 -0.01491045 -0.07907211 -0.01497292 -0.01575344 -0.07834178 -0.01367402 -0.01491045 -0.07907211 -0.01382601 -0.0169093 -0.08487558 -0.01497292 -0.01575344 -0.07834178 -0.01298922 0.01370817 -0.04214781 -0.01367402 -0.01491045 -0.07907211 -0.01520085 -0.01926398 -0.08658033 -0.01497292 -0.01575344 -0.07834178 -0.01382601 -0.0169093 -0.08487558 -0.01611447 -0.01804643 -0.07627141 -0.01497292 -0.01575344 -0.07834178 -0.01520085 -0.01926398 -0.08658033 -0.01611447 -0.01804643 -0.07627141 -0.01527684 0.01034963 -0.04252326 -0.01497292 -0.01575344 -0.07834178 -0.01298922 0.01370817 -0.04214781 -0.01497292 -0.01575344 -0.07834178 -0.01527684 0.01034963 -0.04252326 -0.01527684 0.01034963 -0.04252326 -0.01611447 -0.01804643 -0.07627141 -0.01596248 0.006074786 -0.04359871 -0.0132932 -0.01751899 -0.09015256 -0.01520085 -0.01926398 -0.08658033 -0.01382601 -0.0169093 -0.08487558 -0.01420682 0.01325136 -0.04046362 -0.01298922 0.01370817 -0.04214781 -0.01527684 0.01034963 -0.04252326 -0.01115489 -0.01537799 -0.08451086 -0.0132932 -0.01751899 -0.09015256 -0.01382601 -0.0169093 -0.08487558 -0.01382601 -0.0169093 -0.08487558 -0.01115489 -0.01438301 -0.07964068 -0.01115489 -0.01537799 -0.08451086 -0.0132932 -0.01751899 -0.09015256 -0.01115489 -0.01537799 -0.08451086 -0.01069629 -0.01583391 -0.08954375 -0.009627997 -0.01560062 -0.09108585 -0.0132932 -0.01751899 -0.09015256 -0.01069629 -0.01583391 -0.08954375 -0.0132932 -0.01751899 -0.09015256 -0.009627997 -0.01560062 -0.09108585 -0.01138371 -0.01705145 -0.09197884 -0.009627997 -0.01560062 -0.09108585 -0.008178055 -0.01622009 -0.09327775 -0.01138371 -0.01705145 -0.09197884 -0.008178055 -0.01622009 -0.09327775 -0.009627997 -0.01560062 -0.09108585 -0.007643461 -0.01522511 -0.09169459 -0.009627997 -0.01560062 -0.09108585 -0.01069629 -0.01583391 -0.08954375 -0.007643461 -0.01522511 -0.09169459 -0.01115489 -0.01537799 -0.08451086 -0.007643461 -0.01522511 -0.09169459 -0.01069629 -0.01583391 -0.08954375 -0.006117522 -0.01514381 -0.09197884 -0.008178055 -0.01622009 -0.09327775 -0.007643461 -0.01522511 -0.09169459 -0.006117522 -0.01514381 -0.09197884 -0.007643461 -0.01522511 -0.09169459 -0.01115489 -0.01537799 -0.08451086 -0.008178055 -0.01622009 -0.09327775 -0.006117522 -0.01514381 -0.09197884 -0.00642234 -0.01613873 -0.09343957 -0.00642234 -0.01613873 -0.09343957 -0.006117522 -0.01514381 -0.09197884 -0.00466752 -0.01605737 -0.09360229 -0.001233875 -0.02399206 -0.08589023 0.0023579 -0.06240832 -0.08451086 -4.67823e-4 -0.0628544 -0.08511966 0.0023579 -0.06240832 -0.08451086 -0.001233875 -0.02399206 -0.08589023 0.0023579 -0.02399206 -0.08580976 0.005407154 -0.02719861 -0.08284634 0.0023579 -0.06240832 -0.08451086 0.0023579 -0.02399206 -0.08580976 0.0023579 -0.06240832 -0.08451086 0.005407154 -0.02719861 -0.08284634 0.005335628 -0.06001347 -0.08244049 -4.67823e-4 -0.0628544 -0.08511966 -0.00466752 -0.02376854 -0.08580976 -0.001233875 -0.02399206 -0.08589023 -0.00466752 -0.02376854 -0.08580976 -4.67823e-4 -0.0628544 -0.08511966 -0.00466752 -0.06293576 -0.08544415 -0.008788585 -0.0628544 -0.08511966 -0.00466752 -0.02376854 -0.08580976 -0.00466752 -0.06293576 -0.08544415 -0.00466752 -0.02376854 -0.08580976 -0.008788585 -0.0628544 -0.08511966 -0.008102059 -0.02399206 -0.08589023 -0.01161438 -0.06240832 -0.08451086 -0.008102059 -0.02399206 -0.08589023 -0.008788585 -0.0628544 -0.08511966 -0.008102059 -0.02399206 -0.08589023 -0.01161438 -0.06240832 -0.08451086 -0.01169037 -0.02399206 -0.08580976 -0.01161438 -0.06240832 -0.08451086 -0.0146681 -0.02719861 -0.08284634 -0.01169037 -0.02399206 -0.08580976 -0.0146681 -0.02719861 -0.08284634 -0.01161438 -0.06240832 -0.08451086 -0.0146681 -0.06001347 -0.08244049 0.003423452 -0.01239401 -0.01695382 0.002966701 -0.005221009 -0.01809984 0.003118634 -0.007817924 -0.01283365 0.00319463 -0.009797096 -0.0103172 0.003423452 -0.01239401 -0.01695382 0.003118634 -0.007817924 -0.01283365 0.003499448 -0.01507318 -0.01298564 0.003423452 -0.01239401 -0.01695382 0.00319463 -0.009797096 -0.0103172 0.003499448 -0.01507318 -0.01298564 0.00319463 -0.009797096 -0.0103172 0.00319463 -0.01209008 -0.007953643 0.003118634 -0.01430171 -0.006421387 0.003499448 -0.01507318 -0.01298564 0.00319463 -0.01209008 -0.007953643 0.003499448 -0.01865518 -0.009860396 0.003499448 -0.01507318 -0.01298564 0.003118634 -0.01430171 -0.006421387 0.003499448 -0.01865518 -0.009860396 0.003118634 -0.01430171 -0.006421387 0.00319463 -0.01674753 -0.005284309 0.00319463 -0.01964926 -0.00451374 0.003499448 -0.01865518 -0.009860396 0.00319463 -0.01674753 -0.005284309 0.00319463 -0.01964926 -0.00451374 0.003270626 -0.02232843 -0.008176207 0.003499448 -0.01865518 -0.009860396 0.00319463 -0.01964926 -0.00451374 0.003118634 -0.022551 -0.004047095 0.003270626 -0.02232843 -0.008176207 0.003118634 -0.022551 -0.004047095 0.003270626 -0.02811223 -0.007415473 0.003270626 -0.02232843 -0.008176207 0.003270626 -0.02811223 -0.007415473 0.003118634 -0.022551 -0.004047095 0.00273782 -0.02811223 -0.003986299 0.00273782 -0.02811223 -0.003986299 0.00418961 -0.04040926 -0.006654739 0.003270626 -0.02811223 -0.007415473 0.00273782 -0.02811223 -0.003986299 0.00410825 -0.0394358 -0.003214836 0.00418961 -0.04040926 -0.006654739 0.004645526 -0.02811223 0.003725707 0.00410825 -0.0394358 -0.003214836 0.00273782 -0.02811223 -0.003986299 0.004645526 -0.02811223 0.003725707 0.006167888 -0.04300707 0.007317543 0.00410825 -0.0394358 -0.003214836 0.006167888 -0.04300707 0.007317543 0.004645526 -0.02811223 0.003725707 0.006015896 -0.03598606 0.008839905 0.006015896 -0.03598606 0.008839905 0.004645526 -0.02811223 0.003725707 0.006249248 -0.02811223 0.008839905 0.00410825 -0.0394358 -0.003214836 0.005792438 -0.04706555 -0.006197929 0.00418961 -0.04040926 -0.006654739 0.001972615 0.01866507 -0.04069697 0.003884732 0.015311 -0.03397452 0.004950344 0.01325136 -0.04046362 0.003884732 0.015311 -0.03397452 0.001972615 0.01866507 -0.04069697 0.001895725 0.01836025 -0.02229779 0.003884732 0.01546835 -0.01848071 0.003884732 0.015311 -0.03397452 0.001895725 0.01836025 -0.02229779 0.003884732 0.01546835 -0.01848071 0.001895725 0.01836025 -0.02229779 0.003042638 0.01675742 -0.01909482 0.003042638 0.01675742 -0.01909482 0.001895725 0.01836025 -0.02229779 0.002276539 0.01783281 -0.02023547 0.00418961 -5.63607e-4 -0.02756583 0.003956258 -0.01262825 -0.03107815 0.004716992 -0.001253724 -0.03420782 0.005031704 0.009738147 -0.0382511 0.00418961 -5.63607e-4 -0.02756583 0.004716992 -0.001253724 -0.03420782 0.00418961 -5.63607e-4 -0.02756583 0.005031704 0.009738147 -0.0382511 0.003884732 0.015311 -0.03397452 0.003884732 0.015311 -0.03397452 0.003956258 0.0138601 -0.01817584 0.00418961 -5.63607e-4 -0.02756583 0.00418961 -5.63607e-4 -0.02756583 0.003956258 0.0138601 -0.01817584 0.003956258 -7.96929e-4 -0.01809984 0.00418961 -5.63607e-4 -0.02756583 0.003956258 -7.96929e-4 -0.01809984 0.002966701 -0.005221009 -0.01809984 0.002966701 -0.005221009 -0.01809984 0.003575444 -0.01117646 -0.02642071 0.00418961 -5.63607e-4 -0.02756583 0.003575444 -0.01117646 -0.02642071 0.003956258 -0.01262825 -0.03107815 0.00418961 -5.63607e-4 -0.02756583 0.003575444 -0.01117646 -0.02642071 0.002966701 -0.005221009 -0.01809984 0.00319463 -0.01079118 -0.02138245 0.003423452 -0.01239401 -0.01695382 0.00319463 -0.01079118 -0.02138245 0.002966701 -0.005221009 -0.01809984 0.003956258 0.0138601 -0.01817584 0.003884732 0.015311 -0.03397452 0.003884732 0.01546835 -0.01848071 0.004950344 0.01325136 -0.04046362 0.003884732 0.015311 -0.03397452 0.005031704 0.009738147 -0.0382511 0.005792438 -0.04706555 -0.006197929 0.002890706 -0.06684941 -0.008329093 0.00273782 -0.04049062 -0.008329093 0.002890706 -0.06684941 -0.008329093 0.005792438 -0.04706555 -0.006197929 0.005792438 -0.06782293 -0.005122482 0.00273782 -0.04049062 -0.008329093 0.00418961 -0.04040926 -0.006654739 0.005792438 -0.04706555 -0.006197929 0.00273782 -0.04049062 -0.008329093 0.003270626 -0.02811223 -0.007415473 0.00418961 -0.04040926 -0.006654739 0.003270626 -0.02811223 -0.007415473 0.00273782 -0.04049062 -0.008329093 0.002124607 -0.02849751 -0.009089827 0.002124607 -0.02849751 -0.009089827 0.003270626 -0.02232843 -0.008176207 0.003270626 -0.02811223 -0.007415473 0.003270626 -0.02232843 -0.008176207 0.002124607 -0.02849751 -0.009089827 0.001895725 -0.022551 -0.009931921 0.001895725 -0.022551 -0.009931921 0.003499448 -0.01865518 -0.009860396 0.003270626 -0.02232843 -0.008176207 0.003499448 -0.01865518 -0.009860396 0.001895725 -0.022551 -0.009931921 0.002048611 -0.01912182 -0.01146411 0.002048611 -0.01622009 -0.01405119 0.003499448 -0.01865518 -0.009860396 0.002048611 -0.01912182 -0.01146411 0.003499448 -0.01865518 -0.009860396 0.002048611 -0.01622009 -0.01405119 0.003499448 -0.01507318 -0.01298564 0.002048611 -0.01622009 -0.01405119 0.003423452 -0.01239401 -0.01695382 0.003499448 -0.01507318 -0.01298564 0.003423452 -0.01239401 -0.01695382 0.002048611 -0.01622009 -0.01405119 0.002048611 -0.0138458 -0.01817584 0.002890706 -0.06684941 -0.008329093 -0.001081943 -0.04049062 -0.009708404 0.00273782 -0.04049062 -0.008329093 -0.001081943 -0.04049062 -0.009708404 0.002890706 -0.06684941 -0.008329093 -0.001081943 -0.06611907 -0.00977993 -0.001081943 -0.06611907 -0.00977993 -0.00466752 -0.04049062 -0.01001328 -0.001081943 -0.04049062 -0.009708404 -0.00466752 -0.04049062 -0.01001328 -0.001081943 -0.06611907 -0.00977993 -0.00466752 -0.06587505 -0.01023584 -0.00466752 -0.04049062 -0.01001328 -0.001386761 -0.02910625 -0.01038873 -0.001081943 -0.04049062 -0.009708404 -0.001386761 -0.02910625 -0.01038873 -0.00466752 -0.04049062 -0.01001328 -0.00466752 -0.02965426 -0.01062202 -0.00466752 -0.02399206 -0.01123082 -0.001386761 -0.02910625 -0.01038873 -0.00466752 -0.02965426 -0.01062202 -0.001386761 -0.02910625 -0.01038873 -0.00466752 -0.02399206 -0.01123082 -0.001538753 -0.02346462 -0.01114946 -0.00466752 -0.02094817 -0.01298564 -0.001538753 -0.02346462 -0.01114946 -0.00466752 -0.02399206 -0.01123082 -0.001538753 -0.02346462 -0.01114946 -0.00466752 -0.02094817 -0.01298564 -0.001462757 -0.02033936 -0.01268166 -0.00466752 -0.01804643 -0.01550209 -0.001462757 -0.02033936 -0.01268166 -0.00466752 -0.02094817 -0.01298564 -0.001462757 -0.02033936 -0.01268166 -0.00466752 -0.01804643 -0.01550209 -0.001462757 -0.01757979 -0.01512664 -0.00466752 -0.01560062 -0.01932281 -0.001462757 -0.01757979 -0.01512664 -0.00466752 -0.01804643 -0.01550209 -0.001462757 -0.01757979 -0.01512664 -0.00466752 -0.01560062 -0.01932281 -0.001462757 -0.01522511 -0.01894193 -0.001386761 -0.02910625 -0.01038873 0.00273782 -0.04049062 -0.008329093 -0.001081943 -0.04049062 -0.009708404 0.00273782 -0.04049062 -0.008329093 -0.001386761 -0.02910625 -0.01038873 0.002124607 -0.02849751 -0.009089827 -0.001538753 -0.02346462 -0.01114946 0.002124607 -0.02849751 -0.009089827 -0.001386761 -0.02910625 -0.01038873 0.002124607 -0.02849751 -0.009089827 -0.001538753 -0.02346462 -0.01114946 0.001895725 -0.022551 -0.009931921 -0.001462757 -0.02033936 -0.01268166 0.001895725 -0.022551 -0.009931921 -0.001538753 -0.02346462 -0.01114946 0.001895725 -0.022551 -0.009931921 -0.001462757 -0.02033936 -0.01268166 0.002048611 -0.01912182 -0.01146411 -0.001462757 -0.01757979 -0.01512664 0.002048611 -0.01912182 -0.01146411 -0.001462757 -0.02033936 -0.01268166 0.002048611 -0.01912182 -0.01146411 -0.001462757 -0.01757979 -0.01512664 0.002048611 -0.01622009 -0.01405119 -0.001462757 -0.01522511 -0.01894193 0.002048611 -0.01622009 -0.01405119 -0.001462757 -0.01757979 -0.01512664 0.002048611 -0.01622009 -0.01405119 -0.001462757 -0.01522511 -0.01894193 0.002048611 -0.0138458 -0.01817584 -0.007796347 -0.01757979 -0.01512664 -0.00466752 -0.01560062 -0.01932281 -0.00466752 -0.01804643 -0.01550209 -0.00466752 -0.01560062 -0.01932281 -0.007796347 -0.01757979 -0.01512664 -0.007796347 -0.01522511 -0.01894193 -0.00466752 -0.01804643 -0.01550209 -0.007872343 -0.02033936 -0.01268166 -0.007796347 -0.01757979 -0.01512664 -0.007872343 -0.02033936 -0.01268166 -0.00466752 -0.01804643 -0.01550209 -0.00466752 -0.02094817 -0.01298564 -0.00466752 -0.02094817 -0.01298564 -0.007720351 -0.02346462 -0.01114946 -0.007872343 -0.02033936 -0.01268166 -0.007720351 -0.02346462 -0.01114946 -0.00466752 -0.02094817 -0.01298564 -0.00466752 -0.02399206 -0.01123082 -0.00466752 -0.02399206 -0.01123082 -0.007872343 -0.02910625 -0.01038873 -0.007720351 -0.02346462 -0.01114946 -0.007872343 -0.02910625 -0.01038873 -0.00466752 -0.02399206 -0.01123082 -0.00466752 -0.02965426 -0.01062202 -0.00466752 -0.04049062 -0.01001328 -0.007872343 -0.02910625 -0.01038873 -0.00466752 -0.02965426 -0.01062202 -0.007872343 -0.02910625 -0.01038873 -0.00466752 -0.04049062 -0.01001328 -0.008178055 -0.04049062 -0.009708404 -0.00466752 -0.04049062 -0.01001328 -0.008178055 -0.06611907 -0.00977993 -0.008178055 -0.04049062 -0.009708404 -0.008178055 -0.06611907 -0.00977993 -0.00466752 -0.04049062 -0.01001328 -0.00466752 -0.06587505 -0.01023584 -0.01214718 -0.06684941 -0.008329093 -0.008178055 -0.04049062 -0.009708404 -0.008178055 -0.06611907 -0.00977993 -0.008178055 -0.04049062 -0.009708404 -0.01214718 -0.06684941 -0.008329093 -0.01199519 -0.04049062 -0.008329093 -0.01199519 -0.04049062 -0.008329093 -0.007872343 -0.02910625 -0.01038873 -0.008178055 -0.04049062 -0.009708404 -0.01214718 -0.06684941 -0.008329093 -0.01504892 -0.04706555 -0.006197929 -0.01199519 -0.04049062 -0.008329093 -0.01504892 -0.04706555 -0.006197929 -0.01214718 -0.06684941 -0.008329093 -0.01504892 -0.06782293 -0.005122482 -0.01504892 -0.04706555 -0.006197929 -0.01344603 -0.04040926 -0.006654739 -0.01199519 -0.04049062 -0.008329093 -0.01260393 -0.02811223 -0.007415473 -0.01199519 -0.04049062 -0.008329093 -0.01344603 -0.04040926 -0.006654739 -0.01199519 -0.04049062 -0.008329093 -0.01260393 -0.02811223 -0.007415473 -0.01138371 -0.02849751 -0.009089827 -0.007872343 -0.02910625 -0.01038873 -0.01199519 -0.04049062 -0.008329093 -0.01138371 -0.02849751 -0.009089827 -0.01138371 -0.02849751 -0.009089827 -0.007720351 -0.02346462 -0.01114946 -0.007872343 -0.02910625 -0.01038873 -0.0125271 -0.02232843 -0.008176207 -0.01138371 -0.02849751 -0.009089827 -0.01260393 -0.02811223 -0.007415473 -0.01138371 -0.02849751 -0.009089827 -0.0125271 -0.02232843 -0.008176207 -0.01115489 -0.022551 -0.009931921 -0.01275593 -0.01865518 -0.009860396 -0.01115489 -0.022551 -0.009931921 -0.0125271 -0.02232843 -0.008176207 -0.01115489 -0.022551 -0.009931921 -0.01275593 -0.01865518 -0.009860396 -0.01130777 -0.01912182 -0.01146411 -0.01275593 -0.01865518 -0.009860396 -0.01130777 -0.01622009 -0.01405119 -0.01130777 -0.01912182 -0.01146411 -0.01130777 -0.01622009 -0.01405119 -0.01275593 -0.01865518 -0.009860396 -0.01275593 -0.01507318 -0.01298564 -0.01267993 -0.01239401 -0.01695382 -0.01130777 -0.01622009 -0.01405119 -0.01275593 -0.01507318 -0.01298564 -0.01130777 -0.01622009 -0.01405119 -0.01267993 -0.01239401 -0.01695382 -0.01130777 -0.0138458 -0.01817584 -0.007720351 -0.02346462 -0.01114946 -0.01138371 -0.02849751 -0.009089827 -0.01115489 -0.022551 -0.009931921 -0.007872343 -0.02033936 -0.01268166 -0.01115489 -0.022551 -0.009931921 -0.01130777 -0.01912182 -0.01146411 -0.01115489 -0.022551 -0.009931921 -0.007872343 -0.02033936 -0.01268166 -0.007720351 -0.02346462 -0.01114946 -0.007796347 -0.01757979 -0.01512664 -0.01130777 -0.01912182 -0.01146411 -0.01130777 -0.01622009 -0.01405119 -0.01130777 -0.01912182 -0.01146411 -0.007796347 -0.01757979 -0.01512664 -0.007872343 -0.02033936 -0.01268166 -0.007796347 -0.01522511 -0.01894193 -0.01130777 -0.01622009 -0.01405119 -0.01130777 -0.0138458 -0.01817584 -0.01130777 -0.01622009 -0.01405119 -0.007796347 -0.01522511 -0.01894193 -0.007796347 -0.01757979 -0.01512664 0.005559086 -0.04430598 -0.06900632 0.005407154 -0.02719861 -0.08284634 0.00548762 -0.03833979 -0.06886422 0.005407154 -0.02719861 -0.08284634 0.005559086 -0.04430598 -0.06900632 0.005335628 -0.06001347 -0.08244049 0.005254268 -0.04016613 -0.06695652 0.005559086 -0.04430598 -0.06900632 0.00548762 -0.03833979 -0.06886422 0.005559086 -0.04430598 -0.06900632 0.005559086 -0.05011034 -0.06657123 0.005335628 -0.06001347 -0.08244049 0.005944371 -0.0802434 -0.024513 0.005335628 -0.06001347 -0.08244049 0.005559086 -0.05011034 -0.06657123 0.005335628 -0.06001347 -0.08244049 0.005944371 -0.0802434 -0.024513 0.005640447 -0.08137959 -0.04970699 0.002890706 -0.06684941 -0.008329093 0.005792438 -0.06782293 -0.005122482 0.002890706 -0.07025891 -0.009018301 0.002890706 -0.07025891 -0.009018301 0.005792438 -0.06782293 -0.005122482 0.005792438 -0.07715839 -0.006421387 0.002890706 -0.07025891 -0.009018301 0.005792438 -0.07715839 -0.006421387 0.00281471 -0.07350575 -0.009708404 0.005792438 -0.07715839 -0.006421387 0.00281471 -0.07521051 -0.01229637 0.00281471 -0.07350575 -0.009708404 0.005792438 -0.08227264 -0.01138275 0.00281471 -0.07521051 -0.01229637 0.005792438 -0.07715839 -0.006421387 0.005792438 -0.08227264 -0.01138275 0.00281471 -0.07675254 -0.01482266 0.00281471 -0.07521051 -0.01229637 0.005792438 -0.08227264 -0.01138275 0.00281471 -0.07658982 -0.01825183 0.00281471 -0.07675254 -0.01482266 0.00281471 -0.07658982 -0.01825183 -9.24628e-4 -0.07488507 -0.01588827 0.00281471 -0.07675254 -0.01482266 -9.24628e-4 -0.07488507 -0.01588827 0.00281471 -0.07658982 -0.01825183 -0.001000583 -0.07480466 -0.018866 -0.00466752 -0.07415473 -0.01909482 -9.24628e-4 -0.07488507 -0.01588827 -0.001000583 -0.07480466 -0.018866 -0.001081943 -0.07326167 -0.02260267 -0.00466752 -0.07415473 -0.01909482 -0.001000583 -0.07480466 -0.018866 -0.00466752 -0.07415473 -0.01909482 -0.001081943 -0.07326167 -0.02260267 -0.00466752 -0.07285583 -0.02268135 -9.24628e-4 -0.07488507 -0.01588827 -0.00466752 -0.07415473 -0.01909482 -0.00466752 -0.0739929 -0.01634508 -0.00466752 -0.07326167 -0.01428455 -9.24628e-4 -0.07488507 -0.01588827 -0.00466752 -0.0739929 -0.01634508 -9.24628e-4 -0.07488507 -0.01588827 -0.00466752 -0.07326167 -0.01428455 -0.001081943 -0.07366752 -0.01367574 -0.001081943 -0.07366752 -0.01367574 0.00281471 -0.07675254 -0.01482266 -9.24628e-4 -0.07488507 -0.01588827 0.00281471 -0.07675254 -0.01482266 -0.001081943 -0.07366752 -0.01367574 0.00281471 -0.07521051 -0.01229637 -0.00466752 -0.07326167 -0.01428455 -0.001000583 -0.07196277 -0.01146411 -0.001081943 -0.07366752 -0.01367574 0.00281471 -0.07521051 -0.01229637 -0.001000583 -0.07196277 -0.01146411 0.00281471 -0.07350575 -0.009708404 -0.001000583 -0.07196277 -0.01146411 0.00281471 -0.07521051 -0.01229637 -0.001081943 -0.07366752 -0.01367574 -0.001000583 -0.07196277 -0.01146411 -0.00466752 -0.07326167 -0.01428455 -0.00466752 -0.07115107 -0.01199156 -0.00466752 -0.06879734 -0.01084464 -0.001000583 -0.07196277 -0.01146411 -0.00466752 -0.07115107 -0.01199156 -0.001000583 -0.07196277 -0.01146411 -0.00466752 -0.06879734 -0.01084464 -0.001081943 -0.06920319 -0.01038873 -0.00466752 -0.06879734 -0.01084464 -0.001081943 -0.06611907 -0.00977993 -0.001081943 -0.06920319 -0.01038873 -0.001081943 -0.06611907 -0.00977993 -0.00466752 -0.06879734 -0.01084464 -0.00466752 -0.06587505 -0.01023584 -0.001000583 -0.07480466 -0.018866 0.00281471 -0.07464194 -0.02306216 -0.001081943 -0.07326167 -0.02260267 0.00281471 -0.07464194 -0.02306216 -0.001000583 -0.07480466 -0.018866 0.00281471 -0.07658982 -0.01825183 0.00281471 -0.07658982 -0.01825183 0.005944371 -0.0802434 -0.024513 0.00281471 -0.07464194 -0.02306216 0.00586307 -0.08308434 -0.01794791 0.005944371 -0.0802434 -0.024513 0.00281471 -0.07658982 -0.01825183 -0.001081943 -0.06920319 -0.01038873 0.00281471 -0.07350575 -0.009708404 -0.001000583 -0.07196277 -0.01146411 0.00281471 -0.07350575 -0.009708404 -0.001081943 -0.06920319 -0.01038873 0.002890706 -0.07025891 -0.009018301 -0.001081943 -0.06611907 -0.00977993 0.002890706 -0.07025891 -0.009018301 -0.001081943 -0.06920319 -0.01038873 0.002890706 -0.07025891 -0.009018301 -0.001081943 -0.06611907 -0.00977993 0.002890706 -0.06684941 -0.008329093 -0.008330941 -0.07488507 -0.01588827 -0.00466752 -0.07326167 -0.01428455 -0.00466752 -0.0739929 -0.01634508 -0.008254051 -0.07196277 -0.01146411 -0.00466752 -0.06879734 -0.01084464 -0.00466752 -0.07115107 -0.01199156 -0.00466752 -0.06879734 -0.01084464 -0.008254051 -0.07196277 -0.01146411 -0.008178055 -0.06920319 -0.01038873 -0.00466752 -0.07415473 -0.01909482 -0.008330941 -0.07488507 -0.01588827 -0.00466752 -0.0739929 -0.01634508 -0.008330941 -0.07488507 -0.01588827 -0.00466752 -0.07415473 -0.01909482 -0.008330941 -0.07480466 -0.018866 -0.00466752 -0.07415473 -0.01909482 -0.008254051 -0.07326167 -0.02260267 -0.008330941 -0.07480466 -0.018866 -0.008254051 -0.07326167 -0.02260267 -0.00466752 -0.07415473 -0.01909482 -0.00466752 -0.07285583 -0.02268135 -0.01214718 -0.07464194 -0.02306216 -0.008330941 -0.07480466 -0.018866 -0.008254051 -0.07326167 -0.02260267 -0.008330941 -0.07480466 -0.018866 -0.01214718 -0.07464194 -0.02306216 -0.01214718 -0.07658982 -0.01825183 -0.01214718 -0.07658982 -0.01825183 -0.008330941 -0.07488507 -0.01588827 -0.008330941 -0.07480466 -0.018866 -0.01214718 -0.07464194 -0.02306216 -0.01527684 -0.0802434 -0.024513 -0.01214718 -0.07658982 -0.01825183 -0.008330941 -0.07488507 -0.01588827 -0.01214718 -0.07658982 -0.01825183 -0.01207119 -0.07675254 -0.01482266 -0.01207119 -0.07675254 -0.01482266 -0.01214718 -0.07658982 -0.01825183 -0.01504892 -0.08227264 -0.01138275 -0.01214718 -0.07521051 -0.01229637 -0.01207119 -0.07675254 -0.01482266 -0.01504892 -0.08227264 -0.01138275 -0.01504892 -0.07715839 -0.006421387 -0.01214718 -0.07521051 -0.01229637 -0.01504892 -0.08227264 -0.01138275 -0.01207119 -0.07350575 -0.009708404 -0.01214718 -0.07521051 -0.01229637 -0.01504892 -0.07715839 -0.006421387 -0.008254051 -0.07196277 -0.01146411 -0.01214718 -0.07521051 -0.01229637 -0.01207119 -0.07350575 -0.009708404 -0.01207119 -0.07350575 -0.009708404 -0.008178055 -0.06920319 -0.01038873 -0.008254051 -0.07196277 -0.01146411 -0.01207119 -0.07350575 -0.009708404 -0.01504892 -0.07715839 -0.006421387 -0.01214718 -0.07025891 -0.009018301 -0.008178055 -0.06920319 -0.01038873 -0.01207119 -0.07350575 -0.009708404 -0.01214718 -0.07025891 -0.009018301 -0.01504892 -0.07715839 -0.006421387 -0.01504892 -0.06782293 -0.005122482 -0.01214718 -0.07025891 -0.009018301 -0.01214718 -0.07025891 -0.009018301 -0.01504892 -0.06782293 -0.005122482 -0.01214718 -0.06684941 -0.008329093 -0.01504892 -0.08227264 -0.01138275 -0.01214718 -0.07658982 -0.01825183 -0.01520085 -0.08308434 -0.01794791 -0.01214718 -0.07658982 -0.01825183 -0.01527684 -0.0802434 -0.024513 -0.01520085 -0.08308434 -0.01794791 -0.008178055 -0.07366752 -0.01367574 -0.01207119 -0.07675254 -0.01482266 -0.01214718 -0.07521051 -0.01229637 -0.01207119 -0.07675254 -0.01482266 -0.008178055 -0.07366752 -0.01367574 -0.008330941 -0.07488507 -0.01588827 -0.00466752 -0.07326167 -0.01428455 -0.008330941 -0.07488507 -0.01588827 -0.008178055 -0.07366752 -0.01367574 -0.008254051 -0.07196277 -0.01146411 -0.00466752 -0.07326167 -0.01428455 -0.008178055 -0.07366752 -0.01367574 -0.01214718 -0.07521051 -0.01229637 -0.008254051 -0.07196277 -0.01146411 -0.008178055 -0.07366752 -0.01367574 -0.00466752 -0.07326167 -0.01428455 -0.008254051 -0.07196277 -0.01146411 -0.00466752 -0.07115107 -0.01199156 -0.008178055 -0.06611907 -0.00977993 -0.01214718 -0.07025891 -0.009018301 -0.01214718 -0.06684941 -0.008329093 -0.01214718 -0.07025891 -0.009018301 -0.008178055 -0.06611907 -0.00977993 -0.008178055 -0.06920319 -0.01038873 -0.008178055 -0.06611907 -0.00977993 -0.00466752 -0.06879734 -0.01084464 -0.008178055 -0.06920319 -0.01038873 -0.00466752 -0.06879734 -0.01084464 -0.008178055 -0.06611907 -0.00977993 -0.00466752 -0.06587505 -0.01023584 0.00281471 -0.05047506 -0.06137561 0.005944371 -0.0802434 -0.024513 0.005559086 -0.05011034 -0.06657123 0.005944371 -0.0802434 -0.024513 0.00281471 -0.05047506 -0.06137561 0.002585828 -0.07196277 -0.02710723 0.00281471 -0.05047506 -0.06137561 0.005559086 -0.05011034 -0.06657123 0.002509891 -0.04714691 -0.06328332 0.002585828 -0.07196277 -0.02710723 0.00281471 -0.07464194 -0.02306216 0.005944371 -0.0802434 -0.024513 0.002509891 -0.04714691 -0.06328332 0.005559086 -0.05011034 -0.06657123 0.005559086 -0.04430598 -0.06900632 0.002509891 -0.04714691 -0.06328332 -0.001081943 -0.05047506 -0.05946886 0.00281471 -0.05047506 -0.06137561 -0.001081943 -0.05047506 -0.05946886 0.002509891 -0.04714691 -0.06328332 -0.001157939 -0.04698514 -0.06159913 -0.00466752 -0.04714691 -0.06084823 -0.001081943 -0.05047506 -0.05946886 -0.001157939 -0.04698514 -0.06159913 -0.001233875 -0.04430598 -0.06206578 -0.00466752 -0.04714691 -0.06084823 -0.001157939 -0.04698514 -0.06159913 -0.00466752 -0.04714691 -0.06084823 -0.001233875 -0.04430598 -0.06206578 -0.00466752 -0.0444687 -0.06129521 -0.001081943 -0.05047506 -0.05946886 -0.00466752 -0.04714691 -0.06084823 -0.00466752 -0.05047506 -0.05924534 -0.00466752 -0.06952768 -0.02687841 -0.001081943 -0.05047506 -0.05946886 -0.00466752 -0.05047506 -0.05924534 -0.001081943 -0.05047506 -0.05946886 -0.00466752 -0.06952768 -0.02687841 -0.001157939 -0.06993353 -0.02710723 -0.001157939 -0.06993353 -0.02710723 0.00281471 -0.05047506 -0.06137561 -0.001081943 -0.05047506 -0.05946886 0.00281471 -0.05047506 -0.06137561 -0.001157939 -0.06993353 -0.02710723 0.002585828 -0.07196277 -0.02710723 -0.00466752 -0.06952768 -0.02687841 -0.001081943 -0.07326167 -0.02260267 -0.001157939 -0.06993353 -0.02710723 0.002585828 -0.07196277 -0.02710723 -0.001081943 -0.07326167 -0.02260267 0.00281471 -0.07464194 -0.02306216 -0.001081943 -0.07326167 -0.02260267 0.002585828 -0.07196277 -0.02710723 -0.001157939 -0.06993353 -0.02710723 -0.001081943 -0.07326167 -0.02260267 -0.00466752 -0.06952768 -0.02687841 -0.00466752 -0.07285583 -0.02268135 -0.001157939 -0.04698514 -0.06159913 0.0023579 -0.04422461 -0.06383126 -0.001233875 -0.04430598 -0.06206578 0.0023579 -0.04422461 -0.06383126 -0.001157939 -0.04698514 -0.06159913 0.002509891 -0.04714691 -0.06328332 0.002509891 -0.04714691 -0.06328332 0.005559086 -0.04430598 -0.06900632 0.0023579 -0.04422461 -0.06383126 -0.00466752 -0.0444687 -0.06129521 -0.008102059 -0.04698514 -0.06159913 -0.00466752 -0.04714691 -0.06084823 -0.008102059 -0.04698514 -0.06159913 -0.00466752 -0.0444687 -0.06129521 -0.008026063 -0.04430598 -0.06206578 -0.008178055 -0.05047506 -0.05946886 -0.00466752 -0.06952768 -0.02687841 -0.00466752 -0.05047506 -0.05924534 -0.008178055 -0.05047506 -0.05946886 -0.00466752 -0.04714691 -0.06084823 -0.008102059 -0.04698514 -0.06159913 -0.00466752 -0.04714691 -0.06084823 -0.008178055 -0.05047506 -0.05946886 -0.00466752 -0.05047506 -0.05924534 -0.00466752 -0.06952768 -0.02687841 -0.008178055 -0.05047506 -0.05946886 -0.008102059 -0.06993353 -0.02710723 -0.008254051 -0.07326167 -0.02260267 -0.00466752 -0.06952768 -0.02687841 -0.008102059 -0.06993353 -0.02710723 -0.00466752 -0.06952768 -0.02687841 -0.008254051 -0.07326167 -0.02260267 -0.00466752 -0.07285583 -0.02268135 -0.008026063 -0.04430598 -0.06206578 -0.01176631 -0.04714691 -0.06328332 -0.008102059 -0.04698514 -0.06159913 -0.01176631 -0.04714691 -0.06328332 -0.008178055 -0.05047506 -0.05946886 -0.008102059 -0.04698514 -0.06159913 -0.01176631 -0.04714691 -0.06328332 -0.008026063 -0.04430598 -0.06206578 -0.01169037 -0.04422461 -0.06383126 -0.01169037 -0.04422461 -0.06383126 -0.01482093 -0.04430598 -0.06900632 -0.01176631 -0.04714691 -0.06328332 -0.01482093 -0.04430598 -0.06900632 -0.01482093 -0.05011034 -0.06657123 -0.01176631 -0.04714691 -0.06328332 -0.01176631 -0.04714691 -0.06328332 -0.01482093 -0.05011034 -0.06657123 -0.01207119 -0.05047506 -0.06137561 -0.008178055 -0.05047506 -0.05946886 -0.01176631 -0.04714691 -0.06328332 -0.01207119 -0.05047506 -0.06137561 -0.01207119 -0.05047506 -0.06137561 -0.008102059 -0.06993353 -0.02710723 -0.008178055 -0.05047506 -0.05946886 -0.01527684 -0.0802434 -0.024513 -0.01207119 -0.05047506 -0.06137561 -0.01482093 -0.05011034 -0.06657123 -0.01207119 -0.05047506 -0.06137561 -0.01527684 -0.0802434 -0.024513 -0.01184231 -0.07196277 -0.02710723 -0.008102059 -0.06993353 -0.02710723 -0.01207119 -0.05047506 -0.06137561 -0.01184231 -0.07196277 -0.02710723 -0.01184231 -0.07196277 -0.02710723 -0.008254051 -0.07326167 -0.02260267 -0.008102059 -0.06993353 -0.02710723 -0.01527684 -0.0802434 -0.024513 -0.01214718 -0.07464194 -0.02306216 -0.01184231 -0.07196277 -0.02710723 -0.008254051 -0.07326167 -0.02260267 -0.01184231 -0.07196277 -0.02710723 -0.01214718 -0.07464194 -0.02306216 -0.001233875 0.01790344 -0.02023547 0.001895725 0.01836025 -0.02229779 -0.001233875 0.01844161 -0.02229779 0.001895725 0.01836025 -0.02229779 -0.001233875 0.01790344 -0.02023547 0.002276539 0.01783281 -0.02023547 -0.001233875 0.01675742 -0.01909482 0.002276539 0.01783281 -0.02023547 -0.001233875 0.01790344 -0.02023547 0.002276539 0.01783281 -0.02023547 -0.001233875 0.01675742 -0.01909482 0.003042638 0.01675742 -0.01909482 -0.001233875 0.01538699 -0.01848071 0.003042638 0.01675742 -0.01909482 -0.001233875 0.01675742 -0.01909482 0.003042638 0.01675742 -0.01909482 -0.001233875 0.01538699 -0.01848071 0.003884732 0.01546835 -0.01848071 0.001972615 0.01866507 -0.04069697 -0.001233875 0.01844161 -0.02229779 0.001895725 0.01836025 -0.02229779 -0.001233875 0.01844161 -0.02229779 0.001972615 0.01866507 -0.04069697 -0.001157939 0.01866507 -0.03588753 -0.001233875 0.01538699 -0.01848071 0.003956258 0.0138601 -0.01817584 0.003884732 0.01546835 -0.01848071 0.003956258 0.0138601 -0.01817584 -0.001233875 0.01538699 -0.01848071 -0.001233875 0.0138601 -0.01817584 -0.001233875 0.0138601 -0.01817584 0.003956258 -7.96929e-4 -0.01809984 0.003956258 0.0138601 -0.01817584 0.003956258 -7.96929e-4 -0.01809984 -0.001233875 0.0138601 -0.01817584 -0.001233875 -0.004231452 -0.01817584 0.003956258 -7.96929e-4 -0.01809984 -0.001233875 -0.004231452 -0.01817584 0.001210987 -0.005221009 -0.01809984 0.001210987 -0.005221009 -0.01809984 -0.001233875 -0.004231452 -0.01817584 -2.39868e-4 -0.006215095 -0.01817584 -0.004666626 0.01866507 -0.04267525 -0.001157939 0.01866507 -0.03588753 0.001972615 0.01866507 -0.04069697 -0.004666626 0.01866507 -0.04267525 0.001972615 0.01866507 -0.04069697 9.83046e-4 0.01866507 -0.04245263 -0.008102059 0.01866507 -0.03588753 -0.001157939 0.01866507 -0.03588753 -0.004666626 0.01866507 -0.04267525 9.83046e-4 0.01866507 -0.04245263 0.001972615 0.01866507 -0.04069697 0.001819729 0.01866507 -0.04199588 0.003956258 -7.96929e-4 -0.01809984 0.001210987 -0.005221009 -0.01809984 0.002966701 -0.005221009 -0.01809984 -0.01123088 0.01866507 -0.04069697 -0.008102059 0.01866507 -0.03588753 -0.004666626 0.01866507 -0.04267525 -0.01023948 0.01866507 -0.04245263 -0.01123088 0.01866507 -0.04069697 -0.004666626 0.01866507 -0.04267525 -0.01123088 0.01866507 -0.04069697 -0.008102059 0.01844161 -0.02229779 -0.008102059 0.01866507 -0.03588753 -0.008102059 0.01844161 -0.02229779 -0.01123088 0.01866507 -0.04069697 -0.01123088 0.01836025 -0.02229779 -0.01123088 0.01836025 -0.02229779 -0.008025169 0.01790344 -0.02023547 -0.008102059 0.01844161 -0.02229779 -0.008025169 0.01790344 -0.02023547 -0.01123088 0.01836025 -0.02229779 -0.0116117 0.01783281 -0.02023547 -0.0116117 0.01783281 -0.02023547 -0.008102059 0.01675742 -0.01909482 -0.008025169 0.01790344 -0.02023547 -0.008102059 0.01675742 -0.01909482 -0.0116117 0.01783281 -0.02023547 -0.01229912 0.01675742 -0.01909482 -0.01229912 0.01675742 -0.01909482 -0.008102059 0.01538699 -0.01848071 -0.008102059 0.01675742 -0.01909482 -0.008102059 0.01538699 -0.01848071 -0.01229912 0.01675742 -0.01909482 -0.01314121 0.01546835 -0.01848071 -0.01321721 0.0138601 -0.01817584 -0.008102059 0.01538699 -0.01848071 -0.01314121 0.01546835 -0.01848071 -0.008102059 0.01538699 -0.01848071 -0.01321721 0.0138601 -0.01817584 -0.008102059 0.0138601 -0.01817584 -0.01321721 -7.96929e-4 -0.01809984 -0.008102059 0.0138601 -0.01817584 -0.01321721 0.0138601 -0.01817584 -0.008102059 0.0138601 -0.01817584 -0.01321721 -7.96929e-4 -0.01809984 -0.008025169 -0.004231452 -0.01817584 -0.01046746 -0.005221009 -0.01809984 -0.008025169 -0.004231452 -0.01817584 -0.01321721 -7.96929e-4 -0.01809984 -0.01107889 0.01866507 -0.04199588 -0.01123088 0.01866507 -0.04069697 -0.01023948 0.01866507 -0.04245263 -0.01229912 -0.005221009 -0.01809984 -0.01046746 -0.005221009 -0.01809984 -0.01321721 -7.96929e-4 -0.01809984 -0.009094357 -0.006215095 -0.01817584 -0.008025169 -0.004231452 -0.01817584 -0.01046746 -0.005221009 -0.01809984 -0.007949173 -0.006519019 -0.01825183 -0.008025169 -0.004231452 -0.01817584 -0.009094357 -0.006215095 -0.01817584 -0.007949173 -0.006519019 -0.01825183 -0.001233875 -0.004231452 -0.01817584 -0.008025169 -0.004231452 -0.01817584 -0.001386761 -0.006753265 -0.0180239 -0.001233875 -0.004231452 -0.01817584 -0.007949173 -0.006519019 -0.01825183 -2.39868e-4 -0.006215095 -0.01817584 -0.001233875 -0.004231452 -0.01817584 -0.001386761 -0.006753265 -0.0180239 0.004716992 -0.03598606 0.008920371 0.006249248 -0.02811223 0.008839905 0.004716992 -0.02811223 0.008839905 0.006249248 -0.02811223 0.008839905 0.004716992 -0.03598606 0.008920371 0.006015896 -0.03598606 0.008839905 0.001286983 -0.01964926 -0.00451374 0.00319463 -0.01674753 -0.005284309 0.001286983 -0.01674753 -0.005284309 0.00319463 -0.01674753 -0.005284309 0.001286983 -0.01964926 -0.00451374 0.00319463 -0.01964926 -0.00451374 0.001286983 -0.01964926 -0.00451374 0.001286983 -0.01674753 -0.005284309 -8.78973e-5 -0.01751899 -0.007110655 0.00319463 -0.01674753 -0.005284309 0.001286983 -0.01430171 -0.006421387 0.001286983 -0.01674753 -0.005284309 0.001286983 -0.01430171 -0.006421387 -8.78973e-5 -0.01751899 -0.007110655 0.001286983 -0.01674753 -0.005284309 0.001286983 -0.01430171 -0.006421387 0.00319463 -0.01674753 -0.005284309 0.003118634 -0.01430171 -0.006421387 0.00319463 -0.01209008 -0.007953643 0.001286983 -0.01430171 -0.006421387 0.003118634 -0.01430171 -0.006421387 0.001286983 -0.01430171 -0.006421387 0.00319463 -0.01209008 -0.007953643 0.001210987 -0.01209008 -0.007953643 0.001286983 -0.01430171 -0.006421387 0.001210987 -0.01209008 -0.007953643 -8.78973e-5 -0.01331746 -0.009475111 0.001286983 -0.01430171 -0.006421387 -8.78973e-5 -0.01331746 -0.009475111 -8.78973e-5 -0.01751899 -0.007110655 -8.78973e-5 -0.01751899 -0.007110655 -8.78973e-5 -0.01331746 -0.009475111 -0.009170353 -0.01751899 -0.007110655 -0.009170353 -0.02186179 -0.006197929 -8.78973e-5 -0.01751899 -0.007110655 -0.009170353 -0.01751899 -0.007110655 0.00319463 -0.01209008 -0.007953643 0.001210987 -0.009797096 -0.0103172 0.001210987 -0.01209008 -0.007953643 0.001210987 -0.009797096 -0.0103172 -8.78973e-5 -0.01331746 -0.009475111 0.001210987 -0.01209008 -0.007953643 0.001210987 -0.009797096 -0.0103172 0.00319463 -0.01209008 -0.007953643 0.00319463 -0.009797096 -0.0103172 0.003118634 -0.007817924 -0.01283365 0.001210987 -0.009797096 -0.0103172 0.00319463 -0.009797096 -0.0103172 0.001210987 -0.009797096 -0.0103172 0.003118634 -0.007817924 -0.01283365 0.001286983 -0.007889449 -0.01290518 0.002966701 -0.005221009 -0.01809984 0.001286983 -0.007889449 -0.01290518 0.003118634 -0.007817924 -0.01283365 0.001286983 -0.007889449 -0.01290518 0.002966701 -0.005221009 -0.01809984 0.001210987 -0.005221009 -0.01809984 0.001210987 -0.009797096 -0.0103172 0.001286983 -0.007889449 -0.01290518 -8.78973e-5 -0.009421646 -0.0138992 0.001210987 -0.009797096 -0.0103172 -8.78973e-5 -0.009421646 -0.0138992 -8.78973e-5 -0.01331746 -0.009475111 0.001286983 -0.007889449 -0.01290518 0.001210987 -0.005221009 -0.01809984 -2.39868e-4 -0.006215095 -0.01817584 -8.78973e-5 -0.009421646 -0.0138992 0.001286983 -0.007889449 -0.01290518 -2.39868e-4 -0.006215095 -0.01817584 -0.009170353 -0.02186179 -0.006197929 -0.009170353 -0.01751899 -0.007110655 -0.0105434 -0.01964926 -0.00451374 -0.009170353 -0.01751899 -0.007110655 -0.0105434 -0.01674753 -0.005284309 -0.0105434 -0.01964926 -0.00451374 -0.01245111 -0.01674753 -0.005284309 -0.0105434 -0.01964926 -0.00451374 -0.0105434 -0.01674753 -0.005284309 -0.0105434 -0.01964926 -0.00451374 -0.01245111 -0.01674753 -0.005284309 -0.01245111 -0.01964926 -0.00451374 -0.0105434 -0.01430171 -0.006421387 -0.01245111 -0.01674753 -0.005284309 -0.0105434 -0.01674753 -0.005284309 -0.0105434 -0.01674753 -0.005284309 -0.009170353 -0.01751899 -0.007110655 -0.0105434 -0.01430171 -0.006421387 -0.01245111 -0.01674753 -0.005284309 -0.0105434 -0.01430171 -0.006421387 -0.01245111 -0.01430171 -0.006421387 -0.0105434 -0.01430171 -0.006421387 -0.01245111 -0.01209008 -0.007953643 -0.01245111 -0.01430171 -0.006421387 -0.01245111 -0.01209008 -0.007953643 -0.0105434 -0.01430171 -0.006421387 -0.01046746 -0.01209008 -0.007953643 -0.009170353 -0.01331746 -0.009475111 -0.01046746 -0.01209008 -0.007953643 -0.0105434 -0.01430171 -0.006421387 -0.009170353 -0.009421646 -0.0138992 -0.009170353 -0.01331746 -0.009475111 -8.78973e-5 -0.009421646 -0.0138992 -0.01046746 -0.009797096 -0.0103172 -0.01245111 -0.01209008 -0.007953643 -0.01046746 -0.01209008 -0.007953643 -0.01046746 -0.01209008 -0.007953643 -0.009170353 -0.01331746 -0.009475111 -0.01046746 -0.009797096 -0.0103172 -0.009170353 -0.01331746 -0.009475111 -0.009170353 -0.009421646 -0.0138992 -0.01046746 -0.009797096 -0.0103172 -0.009170353 -0.009421646 -0.0138992 -0.0105434 -0.007889449 -0.01290518 -0.01046746 -0.009797096 -0.0103172 -0.01237511 -0.007817924 -0.01283365 -0.01046746 -0.009797096 -0.0103172 -0.0105434 -0.007889449 -0.01290518 -0.01046746 -0.009797096 -0.0103172 -0.01237511 -0.007817924 -0.01283365 -0.01245111 -0.009797096 -0.0103172 -0.01245111 -0.01209008 -0.007953643 -0.01046746 -0.009797096 -0.0103172 -0.01245111 -0.009797096 -0.0103172 -0.0105434 -0.007889449 -0.01290518 -0.01229912 -0.005221009 -0.01809984 -0.01237511 -0.007817924 -0.01283365 -0.01229912 -0.005221009 -0.01809984 -0.0105434 -0.007889449 -0.01290518 -0.01046746 -0.005221009 -0.01809984 -0.01237511 -0.022551 -0.004047095 -0.0105434 -0.01964926 -0.00451374 -0.01245111 -0.01964926 -0.00451374 -0.009170353 -0.01751899 -0.007110655 -0.009170353 -0.01331746 -0.009475111 -0.0105434 -0.01430171 -0.006421387 -0.009170353 -0.01751899 -0.007110655 -8.78973e-5 -0.01331746 -0.009475111 -0.009170353 -0.01331746 -0.009475111 -8.78973e-5 -0.009421646 -0.0138992 -0.009170353 -0.01331746 -0.009475111 -8.78973e-5 -0.01331746 -0.009475111 -8.78973e-5 -0.009421646 -0.0138992 -0.001386761 -0.006753265 -0.0180239 -0.009170353 -0.009421646 -0.0138992 -0.009170353 -0.009421646 -0.0138992 -0.001386761 -0.006753265 -0.0180239 -0.007949173 -0.006519019 -0.01825183 -0.007949173 -0.006519019 -0.01825183 -0.009094357 -0.006215095 -0.01817584 -0.009170353 -0.009421646 -0.0138992 -0.009094357 -0.006215095 -0.01817584 -0.01046746 -0.005221009 -0.01809984 -0.0105434 -0.007889449 -0.01290518 -0.009170353 -0.009421646 -0.0138992 -0.009094357 -0.006215095 -0.01817584 -0.0105434 -0.007889449 -0.01290518 -0.001386761 -0.006753265 -0.0180239 -8.78973e-5 -0.009421646 -0.0138992 -2.39868e-4 -0.006215095 -0.01817584 -0.01069629 -0.02811223 -0.003986299 -0.01237511 -0.022551 -0.004047095 -0.01199519 -0.02811223 -0.003986299 -0.01237511 -0.022551 -0.004047095 -0.01069629 -0.02811223 -0.003986299 -0.01062029 -0.022551 -0.004047095 -0.009170353 -0.02744174 -0.006035208 -0.01062029 -0.022551 -0.004047095 -0.01069629 -0.02811223 -0.003986299 -0.01062029 -0.022551 -0.004047095 -0.009170353 -0.02744174 -0.006035208 -0.009170353 -0.02186179 -0.006197929 -0.00466752 -0.02744174 -0.006035208 -0.009170353 -0.02186179 -0.006197929 -0.009170353 -0.02744174 -0.006035208 -0.00466752 -0.02744174 -0.006035208 -8.78973e-5 -0.02186179 -0.006197929 -0.009170353 -0.02186179 -0.006197929 -8.78973e-5 -0.02186179 -0.006197929 -0.00466752 -0.02744174 -0.006035208 -8.78973e-5 -0.02744174 -0.006035208 -8.78973e-5 -0.02744174 -0.006035208 0.001286983 -0.022551 -0.004047095 -8.78973e-5 -0.02186179 -0.006197929 0.001286983 -0.022551 -0.004047095 -8.78973e-5 -0.02744174 -0.006035208 0.001362919 -0.02811223 -0.003986299 0.001362919 -0.02811223 -0.003986299 0.003118634 -0.022551 -0.004047095 0.001286983 -0.022551 -0.004047095 0.003118634 -0.022551 -0.004047095 0.001362919 -0.02811223 -0.003986299 0.00273782 -0.02811223 -0.003986299 0.003118634 -0.022551 -0.004047095 0.001286983 -0.01964926 -0.00451374 0.001286983 -0.022551 -0.004047095 0.001286983 -0.01964926 -0.00451374 -8.78973e-5 -0.02186179 -0.006197929 0.001286983 -0.022551 -0.004047095 0.001286983 -0.01964926 -0.00451374 0.003118634 -0.022551 -0.004047095 0.00319463 -0.01964926 -0.00451374 0.001286983 -0.01964926 -0.00451374 -8.78973e-5 -0.01751899 -0.007110655 -8.78973e-5 -0.02186179 -0.006197929 -8.78973e-5 -0.02186179 -0.006197929 -8.78973e-5 -0.01751899 -0.007110655 -0.009170353 -0.02186179 -0.006197929 -0.01062029 -0.022551 -0.004047095 -0.009170353 -0.02186179 -0.006197929 -0.0105434 -0.01964926 -0.00451374 -0.0105434 -0.01964926 -0.00451374 -0.01237511 -0.022551 -0.004047095 -0.01062029 -0.022551 -0.004047095 0.00273782 -0.02811223 -0.003986299 2.16937e-4 -0.02811223 0.003888368 0.004645526 -0.02811223 0.003725707 2.16937e-4 -0.02811223 0.003888368 2.16937e-4 -0.02811223 0.007317543 0.004645526 -0.02811223 0.003725707 0.004645526 -0.02811223 0.003725707 2.16937e-4 -0.02811223 0.007317543 0.002276539 -0.02811223 0.007398903 0.004645526 -0.02811223 0.003725707 0.002276539 -0.02811223 0.007398903 0.00365144 -0.02811223 0.007844984 0.00365144 -0.02811223 0.007844984 0.006249248 -0.02811223 0.008839905 0.004645526 -0.02811223 0.003725707 0.006249248 -0.02811223 0.008839905 0.00365144 -0.02811223 0.007844984 0.004716992 -0.02811223 0.008839905 0.001362919 -0.02811223 -0.003986299 2.16937e-4 -0.02811223 0.003888368 0.00273782 -0.02811223 -0.003986299 -0.00466752 -0.02744174 -0.006035208 2.16937e-4 -0.02811223 0.003888368 0.001362919 -0.02811223 -0.003986299 -0.00466752 -0.02744174 -0.006035208 0.001362919 -0.02811223 -0.003986299 -8.78973e-5 -0.02744174 -0.006035208 2.16937e-4 -0.02811223 0.003888368 -0.00466752 -0.02744174 -0.006035208 -0.009552061 -0.02811223 0.003888368 -0.009552061 -0.02811223 0.003888368 -0.00466752 -0.02744174 -0.006035208 -0.01069629 -0.02811223 -0.003986299 -0.009170353 -0.02744174 -0.006035208 -0.01069629 -0.02811223 -0.003986299 -0.00466752 -0.02744174 -0.006035208 -0.01199519 -0.02811223 -0.003986299 -0.009552061 -0.02811223 0.003888368 -0.01069629 -0.02811223 -0.003986299 -0.01375001 -0.02811223 0.003725707 -0.009552061 -0.02811223 0.003888368 -0.01199519 -0.02811223 -0.003986299 -0.01375001 -0.02811223 0.003725707 -0.009552061 -0.02811223 0.007317543 -0.009552061 -0.02811223 0.003888368 -0.0115357 -0.02811223 0.007398903 -0.009552061 -0.02811223 0.007317543 -0.01375001 -0.02811223 0.003725707 -0.01291328 -0.02811223 0.007844984 -0.0115357 -0.02811223 0.007398903 -0.01375001 -0.02811223 0.003725707 -0.01527684 -0.02811223 0.008839905 -0.01291328 -0.02811223 0.007844984 -0.01375001 -0.02811223 0.003725707 -0.01291328 -0.02811223 0.007844984 -0.01527684 -0.02811223 0.008839905 -0.01397883 -0.02811223 0.008839905 -0.01023948 0.01866507 -0.04245263 -0.004666626 0.01866507 -0.04267525 -0.0105434 0.0138601 -0.04252326 -0.0105434 0.0138601 -0.04252326 -0.01107889 0.01866507 -0.04199588 -0.01023948 0.01866507 -0.04245263 -0.01107889 0.01866507 -0.04199588 -0.0105434 0.0138601 -0.04252326 -0.01298922 0.01370817 -0.04214781 -0.01298922 0.01370817 -0.04214781 -0.01420682 0.01325136 -0.04046362 -0.01107889 0.01866507 -0.04199588 -0.01420682 0.01325136 -0.04046362 -0.01123088 0.01866507 -0.04069697 -0.01107889 0.01866507 -0.04199588 -0.0105434 0.0138601 -0.04252326 -0.004666626 0.01866507 -0.04267525 0.001286983 0.0138601 -0.04252326 0.001286983 0.0138601 -0.04252326 -0.004666626 0.01866507 -0.04267525 9.83046e-4 0.01866507 -0.04245263 0.001819729 0.01866507 -0.04199588 0.001286983 0.0138601 -0.04252326 9.83046e-4 0.01866507 -0.04245263 0.001286983 0.0138601 -0.04252326 0.001819729 0.01866507 -0.04199588 0.0037328 0.01370817 -0.04214781 0.001819729 0.01866507 -0.04199588 0.004950344 0.01325136 -0.04046362 0.0037328 0.01370817 -0.04214781 0.001819729 0.01866507 -0.04199588 0.001972615 0.01866507 -0.04069697 0.004950344 0.01325136 -0.04046362 0.005944371 -0.09161251 -0.02726012 0.005944371 -0.0802434 -0.024513 0.00586307 -0.08308434 -0.01794791 0.005944371 -0.09161251 -0.02726012 0.005640447 -0.08137959 -0.04970699 0.005944371 -0.0802434 -0.024513 0.005944371 -0.09161251 -0.02726012 0.005640447 -0.1428909 -0.0480228 0.005640447 -0.08137959 -0.04970699 0.005640447 -0.1428909 -0.0480228 0.005944371 -0.09161251 -0.02726012 0.005944371 -0.1353657 -0.02710723 0.005944371 -0.1355275 -0.003823578 0.005640447 -0.1428909 -0.0480228 0.005944371 -0.1353657 -0.02710723 0.005640447 -0.1428909 -0.0480228 0.005944371 -0.1355275 -0.003823578 0.006401181 -0.1427291 0.006850898 0.005944371 -0.09136939 -0.003823578 0.006401181 -0.1427291 0.006850898 0.005944371 -0.1355275 -0.003823578 0.005944371 -0.09136939 -0.003823578 0.005944371 -0.09161251 -0.02726012 0.00586307 -0.08308434 -0.01794791 0.006401181 -0.1427291 0.006850898 0.005944371 -0.09136939 -0.003823578 0.005944371 -0.07715839 0.006850898 0.005944371 -0.07715839 0.006850898 0.005944371 -0.09136939 -0.003823578 0.005792438 -0.07715839 -0.006421387 0.005792438 -0.07715839 -0.006421387 0.005944371 -0.09136939 -0.003823578 0.005792438 -0.08227264 -0.01138275 0.005792438 -0.08227264 -0.01138275 0.005944371 -0.09136939 -0.003823578 0.00586307 -0.08308434 -0.01794791 0.005944371 -0.07715839 0.006850898 0.005792438 -0.07715839 -0.006421387 0.005792438 -0.06782293 -0.005122482 0.005944371 -0.04195225 -6.98408e-4 0.005944371 -0.07715839 0.006850898 0.005792438 -0.06782293 -0.005122482 0.005792438 -0.06782293 -0.005122482 0.005792438 -0.04706555 -0.006197929 0.005944371 -0.04195225 -6.98408e-4 0.005944371 -0.07715839 0.006850898 0.005944371 -0.04195225 -6.98408e-4 0.006167888 -0.04300707 0.007317543 0.005944371 -0.1355275 -0.003823578 0.002585828 -0.1017597 -0.005507767 0.005944371 -0.09136939 -0.003823578 0.002585828 -0.1017597 -0.005507767 0.005944371 -0.1355275 -0.003823578 0.002585828 -0.1249754 -0.005507767 0.005640447 -0.1428909 -0.0480228 0.005640447 -0.1474366 -0.04794144 0.00418961 -0.1428909 -0.05076277 0.00418961 -0.1428909 -0.05076277 0.005640447 -0.1474366 -0.04794144 0.004260182 -0.1485736 -0.05062061 0.003270626 -0.08251577 -0.05321842 0.005640447 -0.1428909 -0.0480228 0.00418961 -0.1428909 -0.05076277 0.001515805 -0.1428909 -0.05167543 0.003270626 -0.08251577 -0.05321842 0.00418961 -0.1428909 -0.05076277 0.001515805 -0.1428909 -0.05167543 0.00418961 -0.1428909 -0.05076277 0.001439809 -0.1485736 -0.05153334 0.004260182 -0.1485736 -0.05062061 0.001439809 -0.1485736 -0.05153334 0.00418961 -0.1428909 -0.05076277 0.001515805 -0.1428909 -0.05167543 0.001439809 -0.1485736 -0.05153334 -0.001690685 -0.1428909 -0.05199998 -0.001690685 -0.1428909 -0.05199998 0.001439809 -0.1485736 -0.05153334 -0.001766681 -0.1485736 -0.05183815 0.001439809 -0.1485736 -0.05153334 0.004260182 -0.1485736 -0.05062061 0.001362919 -0.1505216 -0.05092453 0.001362919 -0.1505216 -0.05092453 -0.001766681 -0.1485736 -0.05183815 0.001439809 -0.1485736 -0.05153334 -0.001766681 -0.1485736 -0.05183815 0.001362919 -0.1505216 -0.05092453 -0.001766681 -0.1506834 -0.05131071 0.001362919 -0.1505216 -0.05092453 -0.001842677 -0.152794 -0.04993051 -0.001766681 -0.1506834 -0.05131071 -0.001842677 -0.152794 -0.04993051 0.001362919 -0.1505216 -0.05092453 0.001362919 -0.152794 -0.04976779 0.001362919 -0.1505216 -0.05092453 0.004036724 -0.1524695 -0.04932171 0.001362919 -0.152794 -0.04976779 0.004036724 -0.1524695 -0.04932171 0.001362919 -0.1505216 -0.05092453 0.003956258 -0.1503589 -0.05015397 0.003956258 -0.1503589 -0.05015397 0.004260182 -0.1485736 -0.05062061 0.005640447 -0.1474366 -0.04794144 0.003956258 -0.1503589 -0.05015397 0.001362919 -0.1505216 -0.05092453 0.004260182 -0.1485736 -0.05062061 0.003956258 -0.1503589 -0.05015397 0.005640447 -0.1505216 -0.04778951 0.004036724 -0.1524695 -0.04932171 0.004036724 -0.1524695 -0.04932171 0.005640447 -0.1505216 -0.04778951 0.005335628 -0.1526322 -0.04718071 -0.001690685 -0.1428909 -0.05199998 -0.001766681 -0.1485736 -0.05183815 -0.00466752 -0.1428909 -0.05206167 -0.00466752 -0.1428909 -0.05206167 -0.001766681 -0.1485736 -0.05183815 -0.00466752 -0.1485736 -0.05191951 -0.001766681 -0.1506834 -0.05131071 -0.00466752 -0.1485736 -0.05191951 -0.001766681 -0.1485736 -0.05183815 -0.00466752 -0.1485736 -0.05191951 -0.001766681 -0.1506834 -0.05131071 -0.00466752 -0.1505216 -0.05145287 -0.001842677 -0.152794 -0.04993051 -0.00466752 -0.1505216 -0.05145287 -0.001766681 -0.1506834 -0.05131071 -0.00466752 -0.1505216 -0.05145287 -0.001842677 -0.152794 -0.04993051 -0.00466752 -0.1529567 -0.05001181 -0.00466752 -0.1428909 -0.05206167 -0.00466752 -0.1485736 -0.05191951 -0.007567465 -0.1428909 -0.05199998 -0.007567465 -0.1428909 -0.05199998 -0.00466752 -0.1485736 -0.05191951 -0.007567465 -0.1485736 -0.05183815 -0.007567465 -0.1428909 -0.05199998 -0.007567465 -0.1485736 -0.05183815 -0.01085096 -0.1428909 -0.05167543 -0.01085096 -0.1428909 -0.05167543 -0.007567465 -0.1485736 -0.05183815 -0.01069629 -0.1485736 -0.05153334 -0.007567465 -0.1485736 -0.05183815 -0.01062029 -0.1505216 -0.05092453 -0.01069629 -0.1485736 -0.05153334 -0.01069629 -0.1485736 -0.05153334 -0.01062029 -0.1505216 -0.05092453 -0.01352202 -0.1485736 -0.05062061 -0.0132932 -0.1503589 -0.05015397 -0.01352202 -0.1485736 -0.05062061 -0.01062029 -0.1505216 -0.05092453 -0.0132932 -0.1503589 -0.05015397 -0.01489692 -0.1474366 -0.04794144 -0.01352202 -0.1485736 -0.05062061 -0.01489692 -0.1474366 -0.04794144 -0.01489692 -0.1428909 -0.0480228 -0.01352202 -0.1485736 -0.05062061 -0.01352202 -0.1485736 -0.05062061 -0.01489692 -0.1428909 -0.0480228 -0.01352202 -0.1428909 -0.05076277 -0.01352202 -0.1485736 -0.05062061 -0.01352202 -0.1428909 -0.05076277 -0.01069629 -0.1485736 -0.05153334 -0.01085096 -0.1428909 -0.05167543 -0.01069629 -0.1485736 -0.05153334 -0.01352202 -0.1428909 -0.05076277 -0.01062029 -0.1505216 -0.05092453 -0.01337009 -0.1524695 -0.04932171 -0.0132932 -0.1503589 -0.05015397 -0.01337009 -0.1524695 -0.04932171 -0.01062029 -0.1505216 -0.05092453 -0.01062029 -0.152794 -0.04976779 -0.01337009 -0.1524695 -0.04932171 -0.01489692 -0.1505216 -0.04778951 -0.0132932 -0.1503589 -0.05015397 -0.0146681 -0.1526322 -0.04718071 -0.01489692 -0.1505216 -0.04778951 -0.01337009 -0.1524695 -0.04932171 -0.01489692 -0.1505216 -0.04778951 -0.01489692 -0.1492227 -0.04787087 -0.0132932 -0.1503589 -0.05015397 -0.0132932 -0.1503589 -0.05015397 -0.01489692 -0.1492227 -0.04787087 -0.01489692 -0.1474366 -0.04794144 -0.01062029 -0.1505216 -0.05092453 -0.007567465 -0.1485736 -0.05183815 -0.007491528 -0.1506834 -0.05131071 -0.007414638 -0.152794 -0.04993051 -0.01062029 -0.1505216 -0.05092453 -0.007491528 -0.1506834 -0.05131071 -0.01062029 -0.1505216 -0.05092453 -0.007414638 -0.152794 -0.04993051 -0.01062029 -0.152794 -0.04976779 -0.00466752 -0.1485736 -0.05191951 -0.007491528 -0.1506834 -0.05131071 -0.007567465 -0.1485736 -0.05183815 -0.007491528 -0.1506834 -0.05131071 -0.00466752 -0.1485736 -0.05191951 -0.00466752 -0.1505216 -0.05145287 -0.00466752 -0.1505216 -0.05145287 -0.007414638 -0.152794 -0.04993051 -0.007491528 -0.1506834 -0.05131071 -0.007414638 -0.152794 -0.04993051 -0.00466752 -0.1505216 -0.05145287 -0.00466752 -0.1529567 -0.05001181 -0.01489692 -0.1428909 -0.0480228 -0.0125271 -0.08251577 -0.05321842 -0.01352202 -0.1428909 -0.05076277 -0.0125271 -0.08251577 -0.05321842 -0.01489692 -0.1428909 -0.0480228 -0.01489692 -0.08137959 -0.04970699 -0.01352202 -0.1428909 -0.05076277 -0.0125271 -0.08251577 -0.05321842 -0.01085096 -0.1428909 -0.05167543 -0.008712649 -0.08267849 -0.05427324 -0.01085096 -0.1428909 -0.05167543 -0.0125271 -0.08251577 -0.05321842 -0.01085096 -0.1428909 -0.05167543 -0.008712649 -0.08267849 -0.05427324 -0.007567465 -0.1428909 -0.05199998 -0.00466752 -0.08267849 -0.05457812 -0.007567465 -0.1428909 -0.05199998 -0.008712649 -0.08267849 -0.05427324 -0.007567465 -0.1428909 -0.05199998 -0.00466752 -0.08267849 -0.05457812 -0.00466752 -0.1428909 -0.05206167 -0.00466752 -0.08267849 -0.05457812 -0.001690685 -0.1428909 -0.05199998 -0.00466752 -0.1428909 -0.05206167 -0.001690685 -0.1428909 -0.05199998 -0.00466752 -0.08267849 -0.05457812 -6.20687e-4 -0.08267849 -0.05427324 -6.20687e-4 -0.08267849 -0.05427324 0.001515805 -0.1428909 -0.05167543 -0.001690685 -0.1428909 -0.05199998 0.001515805 -0.1428909 -0.05167543 -6.20687e-4 -0.08267849 -0.05427324 0.003270626 -0.08251577 -0.05321842 0.005640447 -0.1428909 -0.0480228 0.003270626 -0.08251577 -0.05321842 0.005640447 -0.08137959 -0.04970699 0.002585828 -0.1017597 -0.02497071 0.005944371 -0.09136939 -0.003823578 0.002585828 -0.1017597 -0.005507767 0.005944371 -0.09136939 -0.003823578 0.002585828 -0.1017597 -0.02497071 0.005944371 -0.09161251 -0.02726012 0.002585828 -0.1017597 -0.005507767 0.002585828 -0.1250568 -0.02497071 0.002585828 -0.1017597 -0.02497071 0.002585828 -0.1250568 -0.02497071 0.002585828 -0.1017597 -0.005507767 0.002585828 -0.1249754 -0.005507767 0.005944371 -0.1355275 -0.003823578 0.002585828 -0.1250568 -0.02497071 0.002585828 -0.1249754 -0.005507767 0.002585828 -0.1250568 -0.02497071 0.005944371 -0.1355275 -0.003823578 0.005944371 -0.1353657 -0.02710723 0.002585828 -0.1250568 -0.02497071 0.005944371 -0.09161251 -0.02726012 0.002585828 -0.1017597 -0.02497071 0.005944371 -0.09161251 -0.02726012 0.002585828 -0.1250568 -0.02497071 0.005944371 -0.1353657 -0.02710723 0.002276539 -0.03598606 0.007398903 2.16937e-4 -0.02811223 0.007317543 2.16937e-4 -0.03598606 0.007317543 2.16937e-4 -0.02811223 0.007317543 0.002276539 -0.03598606 0.007398903 0.002276539 -0.02811223 0.007398903 0.00365144 -0.03598606 0.007844984 0.002276539 -0.02811223 0.007398903 0.002276539 -0.03598606 0.007398903 0.002276539 -0.02811223 0.007398903 0.00365144 -0.03598606 0.007844984 0.00365144 -0.02811223 0.007844984 0.004716992 -0.03598606 0.008920371 0.00365144 -0.02811223 0.007844984 0.00365144 -0.03598606 0.007844984 0.00365144 -0.02811223 0.007844984 0.004716992 -0.03598606 0.008920371 0.004716992 -0.02811223 0.008839905 -0.009552061 -0.02811223 0.003888368 2.16937e-4 -0.04239833 0.004110991 2.16937e-4 -0.02811223 0.003888368 2.16937e-4 -0.04239833 0.004110991 -0.009552061 -0.02811223 0.003888368 -0.009552061 -0.04239833 0.004110991 0.002276539 -0.03598606 0.009001731 2.16937e-4 -0.03598606 0.007317543 2.16937e-4 -0.03598606 0.00754106 2.16937e-4 -0.03598606 0.007317543 0.002276539 -0.03598606 0.009001731 0.002276539 -0.03598606 0.007398903 0.00365144 -0.03598606 0.007844984 0.002276539 -0.03598606 0.007398903 0.002276539 -0.03598606 0.009001731 0.004716992 -0.03598606 0.008920371 0.00365144 -0.03598606 0.007844984 0.002276539 -0.03598606 0.009001731 0.004716992 -0.03598606 0.008920371 0.002276539 -0.03598606 0.009001731 0.004341542 -0.03598606 0.01060545 0.004341542 -0.03598606 0.01060545 0.006015896 -0.03598606 0.008839905 0.004716992 -0.03598606 0.008920371 0.005944371 -0.03598606 0.01281708 0.006015896 -0.03598606 0.008839905 0.004341542 -0.03598606 0.01060545 0.006706058 -0.03598606 0.01435911 0.006015896 -0.03598606 0.008839905 0.005944371 -0.03598606 0.01281708 0.007852077 -0.03598606 0.01440024 0.006015896 -0.03598606 0.008839905 0.006706058 -0.03598606 0.01435911 0.007852077 -0.03598606 0.01440024 0.006706058 -0.03598606 0.01435911 0.007466793 -0.03598606 0.01663243 0.007700085 -0.03598606 0.01906752 0.007852077 -0.03598606 0.01440024 0.007466793 -0.03598606 0.01663243 0.007852077 -0.03598606 0.01440024 0.007700085 -0.03598606 0.01906752 0.009069621 -0.03598606 0.01906752 0.007466793 -0.03598606 0.02142131 0.009069621 -0.03598606 0.01906752 0.007700085 -0.03598606 0.01906752 0.009069621 -0.03598606 0.01906752 0.007466793 -0.03598606 0.02142131 0.008847057 -0.03598606 0.02174669 0.006706058 -0.03598606 0.0237348 0.008847057 -0.03598606 0.02174669 0.007466793 -0.03598606 0.02142131 0.008847057 -0.03598606 0.02174669 0.006706058 -0.03598606 0.0237348 0.008075535 -0.03598606 0.0243436 0.005559086 -0.03598606 0.02588653 0.008075535 -0.03598606 0.0243436 0.006706058 -0.03598606 0.0237348 0.008075535 -0.03598606 0.0243436 0.005559086 -0.03598606 0.02588653 0.006786465 -0.03598606 0.02669823 0.004036724 -0.03598606 0.02779418 0.006786465 -0.03598606 0.02669823 0.005559086 -0.03598606 0.02588653 0.006786465 -0.03598606 0.02669823 0.004036724 -0.03598606 0.02779418 0.005102276 -0.03598606 0.0287677 0.002200543 -0.03598606 0.02929514 0.005102276 -0.03598606 0.0287677 0.004036724 -0.03598606 0.02779418 0.005102276 -0.03598606 0.0287677 0.002200543 -0.03598606 0.02929514 0.002966701 -0.03598606 0.03043222 6.49667e-5 -0.03598606 0.03043222 0.002966701 -0.03598606 0.03043222 0.002200543 -0.03598606 0.02929514 0.002966701 -0.03598606 0.03043222 6.49667e-5 -0.03598606 0.03043222 5.97757e-4 -0.03598606 0.03173112 -0.002223491 -0.03598606 0.03112232 5.97757e-4 -0.03598606 0.03173112 6.49667e-5 -0.03598606 0.03043222 5.97757e-4 -0.03598606 0.03173112 -0.002223491 -0.03598606 0.03112232 -0.001995563 -0.03598606 0.03250169 -0.00466752 -0.03598606 0.03136551 -0.001995563 -0.03598606 0.03250169 -0.002223491 -0.03598606 0.03112232 -0.001995563 -0.03598606 0.03250169 -0.00466752 -0.03598606 0.03136551 -0.00466752 -0.03598606 0.03282618 -0.00466752 -0.03598606 0.03136551 -0.007338643 -0.03598606 0.03250169 -0.00466752 -0.03598606 0.03282618 -0.007338643 -0.03598606 0.03250169 -0.00466752 -0.03598606 0.03136551 -0.00703293 -0.03598606 0.03112232 -0.00703293 -0.03598606 0.03112232 -0.009934663 -0.03598606 0.03173112 -0.007338643 -0.03598606 0.03250169 -0.009934663 -0.03598606 0.03173112 -0.00703293 -0.03598606 0.03112232 -0.009324073 -0.03598606 0.03043222 -0.009324073 -0.03598606 0.03043222 -0.01229912 -0.03598606 0.03043222 -0.009934663 -0.03598606 0.03173112 -0.01229912 -0.03598606 0.03043222 -0.009324073 -0.03598606 0.03043222 -0.0114597 -0.03598606 0.02929514 -0.0114597 -0.03598606 0.02929514 -0.01435875 -0.03598606 0.0287677 -0.01229912 -0.03598606 0.03043222 -0.01435875 -0.03598606 0.0287677 -0.0114597 -0.03598606 0.02929514 -0.01337009 -0.03598606 0.02779418 -0.01337009 -0.03598606 0.02779418 -0.01603847 -0.03598606 0.02669823 -0.01435875 -0.03598606 0.0287677 -0.01603847 -0.03598606 0.02669823 -0.01337009 -0.03598606 0.02779418 -0.01489692 -0.03598606 0.02588653 -0.01489692 -0.03598606 0.02588653 -0.01734185 -0.03598606 0.0243436 -0.01603847 -0.03598606 0.02669823 -0.01734185 -0.03598606 0.0243436 -0.01489692 -0.03598606 0.02588653 -0.01603847 -0.03598606 0.0237348 -0.01603847 -0.03598606 0.0237348 -0.01810348 -0.03598606 0.02174669 -0.01734185 -0.03598606 0.0243436 -0.01810348 -0.03598606 0.02174669 -0.01603847 -0.03598606 0.0237348 -0.01672863 -0.03598606 0.02142131 -0.01672863 -0.03598606 0.02142131 -0.0183261 -0.03598606 0.01906752 -0.01810348 -0.03598606 0.02174669 -0.0183261 -0.03598606 0.01906752 -0.01672863 -0.03598606 0.02142131 -0.01695656 -0.03598606 0.01906752 -0.01695656 -0.03598606 0.01906752 -0.01718991 -0.03598606 0.01440024 -0.0183261 -0.03598606 0.01906752 -0.01718991 -0.03598606 0.01440024 -0.01695656 -0.03598606 0.01906752 -0.01672863 -0.03598606 0.01663243 -0.01672863 -0.03598606 0.01663243 -0.01603847 -0.03598606 0.01435911 -0.01718991 -0.03598606 0.01440024 -0.01603847 -0.03598606 0.01435911 -0.01504892 -0.03598606 0.008839905 -0.01718991 -0.03598606 0.01440024 -0.01520085 -0.03598606 0.01281708 -0.01504892 -0.03598606 0.008839905 -0.01603847 -0.03598606 0.01435911 -0.01359802 -0.03598606 0.01060545 -0.01504892 -0.03598606 0.008839905 -0.01520085 -0.03598606 0.01281708 -0.01397883 -0.03598606 0.008920371 -0.01504892 -0.03598606 0.008839905 -0.01359802 -0.03598606 0.01060545 -0.01359802 -0.03598606 0.01060545 -0.01161438 -0.03598606 0.009001731 -0.01397883 -0.03598606 0.008920371 -0.01161438 -0.03598606 0.009001731 -0.01291328 -0.03598606 0.007844984 -0.01397883 -0.03598606 0.008920371 -0.01161438 -0.03598606 0.009001731 -0.0115357 -0.03598606 0.007398903 -0.01291328 -0.03598606 0.007844984 -0.01161438 -0.03598606 0.009001731 -0.009552061 -0.03598606 0.007317543 -0.0115357 -0.03598606 0.007398903 -0.009552061 -0.03598606 0.007317543 -0.01161438 -0.03598606 0.009001731 -0.009552061 -0.03598606 0.00754106 2.16937e-4 -0.02811223 0.007317543 2.16937e-4 -0.02811223 0.003888368 2.16937e-4 -0.03598606 0.007317543 2.16937e-4 -0.03598606 0.007317543 2.16937e-4 -0.02811223 0.003888368 2.16937e-4 -0.04239833 0.004110991 2.16937e-4 -0.03598606 0.007317543 2.16937e-4 -0.04239833 0.004110991 2.16937e-4 -0.04316979 0.007622361 2.16937e-4 -0.03598606 0.00754106 2.16937e-4 -0.03598606 0.007317543 2.16937e-4 -0.04316979 0.007622361 -0.009552061 -0.04239833 0.004110991 -0.00466752 -0.04316979 0.00754106 2.16937e-4 -0.04239833 0.004110991 -0.009552061 -0.04316979 0.007622361 -0.00466752 -0.04316979 0.00754106 -0.009552061 -0.04239833 0.004110991 2.16937e-4 -0.04316979 0.007622361 2.16937e-4 -0.04239833 0.004110991 -0.00466752 -0.04316979 0.00754106 2.16937e-4 -0.1269233 0.007702827 -0.00466752 -0.04316979 0.00754106 -0.00466752 -0.1269233 0.00754106 -0.00466752 -0.04316979 0.00754106 2.16937e-4 -0.1269233 0.007702827 2.16937e-4 -0.04316979 0.007622361 2.16937e-4 -0.1269233 0.007702827 0.002276539 -0.03598606 0.009001731 2.16937e-4 -0.04316979 0.007622361 0.002276539 -0.03598606 0.009001731 2.16937e-4 -0.1269233 0.007702827 0.003270626 -0.1269233 0.009833991 0.003270626 -0.1269233 0.009833991 0.004341542 -0.03598606 0.01060545 0.002276539 -0.03598606 0.009001731 0.005944371 -0.1269233 0.01281708 0.004341542 -0.03598606 0.01060545 0.003270626 -0.1269233 0.009833991 0.004341542 -0.03598606 0.01060545 0.005944371 -0.1269233 0.01281708 0.005944371 -0.03598606 0.01281708 0.007091343 -0.1269233 0.01549625 0.005944371 -0.03598606 0.01281708 0.005944371 -0.1269233 0.01281708 0.005944371 -0.03598606 0.01281708 0.007091343 -0.1269233 0.01549625 0.006706058 -0.03598606 0.01435911 0.007466793 -0.03598606 0.01663243 0.006706058 -0.03598606 0.01435911 0.007091343 -0.1269233 0.01549625 0.007548153 -0.1269233 0.0202037 0.007466793 -0.03598606 0.01663243 0.007091343 -0.1269233 0.01549625 0.007466793 -0.03598606 0.01663243 0.007548153 -0.1269233 0.0202037 0.007700085 -0.03598606 0.01906752 0.007466793 -0.03598606 0.02142131 0.007700085 -0.03598606 0.01906752 0.007548153 -0.1269233 0.0202037 0.006167888 -0.1269233 0.02479058 0.007466793 -0.03598606 0.02142131 0.007548153 -0.1269233 0.0202037 0.007466793 -0.03598606 0.02142131 0.006167888 -0.1269233 0.02479058 0.006706058 -0.03598606 0.0237348 0.005559086 -0.03598606 0.02588653 0.006706058 -0.03598606 0.0237348 0.006167888 -0.1269233 0.02479058 0.003118634 -0.1269233 0.02852457 0.005559086 -0.03598606 0.02588653 0.006167888 -0.1269233 0.02479058 0.005559086 -0.03598606 0.02588653 0.003118634 -0.1269233 0.02852457 0.004036724 -0.03598606 0.02779418 0.002200543 -0.03598606 0.02929514 0.004036724 -0.03598606 0.02779418 0.003118634 -0.1269233 0.02852457 -0.001081943 -0.1269233 0.03075671 0.002200543 -0.03598606 0.02929514 0.003118634 -0.1269233 0.02852457 0.002200543 -0.03598606 0.02929514 -0.001081943 -0.1269233 0.03075671 6.49667e-5 -0.03598606 0.03043222 -0.002223491 -0.03598606 0.03112232 6.49667e-5 -0.03598606 0.03043222 -0.001081943 -0.1269233 0.03075671 -0.00466752 -0.1269233 0.03136551 -0.002223491 -0.03598606 0.03112232 -0.001081943 -0.1269233 0.03075671 -0.002223491 -0.03598606 0.03112232 -0.00466752 -0.1269233 0.03136551 -0.00466752 -0.03598606 0.03136551 -0.008102059 0.01866507 -0.03588753 -0.001157939 0.01240926 -0.03229749 -0.001157939 0.01866507 -0.03588753 -0.001157939 0.01240926 -0.03229749 -0.008102059 0.01866507 -0.03588753 -0.008102059 0.01240926 -0.03229749 -0.008102059 0.01240926 -0.03229749 -0.001076579 -0.004079461 -0.0321455 -0.001157939 0.01240926 -0.03229749 -0.001076579 -0.004079461 -0.0321455 -0.008102059 0.01240926 -0.03229749 -0.008178055 -0.004079461 -0.0321455 -0.008178055 -0.004079461 -0.0321455 -0.001233875 -0.004231452 -0.01817584 -0.001076579 -0.004079461 -0.0321455 -0.001233875 -0.004231452 -0.01817584 -0.008178055 -0.004079461 -0.0321455 -0.008025169 -0.004231452 -0.01817584 0.005335628 -0.06001347 -0.08244049 0.003270626 -0.08251577 -0.05321842 0.0023579 -0.06240832 -0.08451086 0.003270626 -0.08251577 -0.05321842 0.005335628 -0.06001347 -0.08244049 0.005640447 -0.08137959 -0.04970699 0.003270626 -0.08251577 -0.05321842 -4.67823e-4 -0.0628544 -0.08511966 0.0023579 -0.06240832 -0.08451086 -4.67823e-4 -0.0628544 -0.08511966 0.003270626 -0.08251577 -0.05321842 -6.20687e-4 -0.08267849 -0.05427324 -0.00466752 -0.08267849 -0.05457812 -4.67823e-4 -0.0628544 -0.08511966 -6.20687e-4 -0.08267849 -0.05427324 -4.67823e-4 -0.0628544 -0.08511966 -0.00466752 -0.08267849 -0.05457812 -0.00466752 -0.06293576 -0.08544415 -0.00466752 -0.08267849 -0.05457812 -0.008788585 -0.0628544 -0.08511966 -0.00466752 -0.06293576 -0.08544415 -0.008788585 -0.0628544 -0.08511966 -0.00466752 -0.08267849 -0.05457812 -0.008712649 -0.08267849 -0.05427324 -0.0125271 -0.08251577 -0.05321842 -0.008788585 -0.0628544 -0.08511966 -0.008712649 -0.08267849 -0.05427324 -0.008788585 -0.0628544 -0.08511966 -0.0125271 -0.08251577 -0.05321842 -0.01161438 -0.06240832 -0.08451086 -0.0125271 -0.08251577 -0.05321842 -0.0146681 -0.06001347 -0.08244049 -0.01161438 -0.06240832 -0.08451086 -0.0146681 -0.06001347 -0.08244049 -0.0125271 -0.08251577 -0.05321842 -0.01489692 -0.08137959 -0.04970699 0.007770717 -0.1360272 0.02479058 0.008075535 -0.1568534 0.0243436 0.008694171 -0.1360272 0.02227413 0.008694171 -0.1360272 0.02227413 0.008075535 -0.1568534 0.0243436 0.008847057 -0.1565279 0.02174669 0.007770717 -0.1360272 0.02479058 0.006786465 -0.1570152 0.02669823 0.008075535 -0.1568534 0.0243436 0.006401181 -0.1360272 0.02714431 0.006786465 -0.1570152 0.02669823 0.007770717 -0.1360272 0.02479058 0.006401181 -0.1360272 0.02714431 0.005102276 -0.1571779 0.0287677 0.006786465 -0.1570152 0.02669823 0.004645526 -0.1360272 0.02913331 0.005102276 -0.1571779 0.0287677 0.006401181 -0.1360272 0.02714431 0.004645526 -0.1360272 0.02913331 0.002966701 -0.1573397 0.03043222 0.005102276 -0.1571779 0.0287677 0.002509891 -0.1360272 0.03075671 0.002966701 -0.1573397 0.03043222 0.004645526 -0.1360272 0.02913331 0.002509891 -0.1360272 0.03075671 5.97757e-4 -0.1573397 0.03173112 0.002966701 -0.1573397 0.03043222 6.49667e-5 -0.1360272 0.03189295 5.97757e-4 -0.1573397 0.03173112 0.002509891 -0.1360272 0.03075671 6.49667e-5 -0.1360272 0.03189295 -0.001995563 -0.1573397 0.03250169 5.97757e-4 -0.1573397 0.03173112 -0.002530097 -0.1360272 0.03258305 -0.001995563 -0.1573397 0.03250169 6.49667e-5 -0.1360272 0.03189295 0.008694171 -0.1360272 0.02227413 0.008847057 -0.1565279 0.02174669 0.009069621 -0.1361899 0.01959496 0.009069621 -0.1361899 0.01959496 0.008847057 -0.1565279 0.02174669 0.009069621 -0.1562035 0.01906752 0.009069621 -0.1361899 0.01959496 0.009069621 -0.1562035 0.01906752 0.008390247 -0.1360272 0.01480609 0.008390247 -0.1360272 0.01480609 0.009069621 -0.1562035 0.01906752 0.008156895 -0.1555545 0.0137307 0.008390247 -0.1360272 0.01480609 0.009069621 -0.07699567 0.01906752 0.009069621 -0.1361899 0.01959496 0.009069621 -0.07699567 0.01906752 0.008390247 -0.1360272 0.01480609 0.008004069 -0.07699567 0.01411598 0.008004069 -0.07699567 0.01411598 0.009069621 -0.03598606 0.01906752 0.009069621 -0.07699567 0.01906752 0.008847057 -0.03598606 0.02174669 0.009069621 -0.07699567 0.01906752 0.009069621 -0.03598606 0.01906752 0.009069621 -0.07699567 0.01906752 0.008847057 -0.03598606 0.02174669 0.008847057 -0.07715839 0.02174669 0.008847057 -0.07715839 0.02174669 0.009069621 -0.1361899 0.01959496 0.009069621 -0.07699567 0.01906752 0.008075535 -0.03598606 0.0243436 0.008847057 -0.07715839 0.02174669 0.008847057 -0.03598606 0.02174669 0.008847057 -0.07715839 0.02174669 0.008075535 -0.03598606 0.0243436 0.008075535 -0.07723975 0.0243436 0.006786465 -0.03598606 0.02669823 0.008075535 -0.07723975 0.0243436 0.008075535 -0.03598606 0.0243436 0.008075535 -0.07723975 0.0243436 0.006786465 -0.03598606 0.02669823 0.006786465 -0.07723975 0.02669823 0.005102276 -0.03598606 0.0287677 0.006786465 -0.07723975 0.02669823 0.006786465 -0.03598606 0.02669823 0.006786465 -0.07723975 0.02669823 0.005102276 -0.03598606 0.0287677 0.005102276 -0.07723975 0.0287677 0.002966701 -0.03598606 0.03043222 0.005102276 -0.07723975 0.0287677 0.005102276 -0.03598606 0.0287677 0.005102276 -0.07723975 0.0287677 0.002966701 -0.03598606 0.03043222 0.002966701 -0.07732111 0.03043222 5.97757e-4 -0.03598606 0.03173112 0.002966701 -0.07732111 0.03043222 0.002966701 -0.03598606 0.03043222 0.002966701 -0.07732111 0.03043222 5.97757e-4 -0.03598606 0.03173112 5.97757e-4 -0.07732111 0.03173112 -0.001995563 -0.03598606 0.03250169 5.97757e-4 -0.07732111 0.03173112 5.97757e-4 -0.03598606 0.03173112 5.97757e-4 -0.07732111 0.03173112 -0.001995563 -0.03598606 0.03250169 -0.001995563 -0.07732111 0.03250169 -0.00466752 -0.03598606 0.03282618 -0.001995563 -0.07732111 0.03250169 -0.001995563 -0.03598606 0.03250169 -0.001995563 -0.07732111 0.03250169 -0.00466752 -0.03598606 0.03282618 -0.00466752 -0.07732111 0.03282618 -0.00466752 -0.03598606 0.03282618 -0.007338643 -0.07732111 0.03250169 -0.00466752 -0.07732111 0.03282618 -0.006728053 -0.1360272 0.03258305 -0.00466752 -0.07732111 0.03282618 -0.007338643 -0.07732111 0.03250169 -0.007338643 -0.07732111 0.03250169 -0.009324073 -0.1360272 0.03189295 -0.006728053 -0.1360272 0.03258305 -0.009324073 -0.1360272 0.03189295 -0.007338643 -0.07732111 0.03250169 -0.009934663 -0.07732111 0.03173112 -0.009934663 -0.07732111 0.03173112 -0.01176631 -0.1360272 0.03075671 -0.009324073 -0.1360272 0.03189295 -0.01176631 -0.1360272 0.03075671 -0.009934663 -0.07732111 0.03173112 -0.01229912 -0.07732111 0.03043222 -0.01229912 -0.07732111 0.03043222 -0.01390194 -0.1360272 0.02913331 -0.01176631 -0.1360272 0.03075671 -0.01390194 -0.1360272 0.02913331 -0.01229912 -0.07732111 0.03043222 -0.01435875 -0.07723975 0.0287677 -0.01435875 -0.07723975 0.0287677 -0.01573365 -0.1360272 0.02714431 -0.01390194 -0.1360272 0.02913331 -0.01573365 -0.1360272 0.02714431 -0.01435875 -0.07723975 0.0287677 -0.01603847 -0.07723975 0.02669823 -0.01603847 -0.07723975 0.02669823 -0.01703256 -0.1360272 0.02479058 -0.01573365 -0.1360272 0.02714431 -0.01703256 -0.1360272 0.02479058 -0.01603847 -0.07723975 0.02669823 -0.01734185 -0.07723975 0.0243436 -0.01734185 -0.07723975 0.0243436 -0.01795065 -0.1360272 0.02227413 -0.01703256 -0.1360272 0.02479058 -0.01795065 -0.1360272 0.02227413 -0.01734185 -0.07723975 0.0243436 -0.01810348 -0.07715839 0.02174669 -0.00466752 -0.07732111 0.03282618 -0.006728053 -0.1360272 0.03258305 -0.00466752 -0.1360272 0.03282618 -0.002530097 -0.1360272 0.03258305 -0.00466752 -0.07732111 0.03282618 -0.00466752 -0.1360272 0.03282618 -0.01810348 -0.07715839 0.02174669 -0.0183261 -0.1361899 0.01959496 -0.01795065 -0.1360272 0.02227413 -0.0183261 -0.1361899 0.01959496 -0.01810348 -0.07715839 0.02174669 -0.0183261 -0.07699567 0.01906752 -0.0183261 -0.07699567 0.01906752 -0.01764667 -0.1360272 0.01480609 -0.0183261 -0.1361899 0.01959496 -0.01764667 -0.1360272 0.01480609 -0.0183261 -0.07699567 0.01906752 -0.01734185 -0.07699567 0.01411598 -0.01229912 -0.03598606 0.03043222 -0.01435875 -0.07723975 0.0287677 -0.01229912 -0.07732111 0.03043222 -0.01229912 -0.07732111 0.03043222 -0.009934663 -0.03598606 0.03173112 -0.01229912 -0.03598606 0.03043222 -0.009934663 -0.03598606 0.03173112 -0.01229912 -0.07732111 0.03043222 -0.009934663 -0.07732111 0.03173112 -0.009934663 -0.07732111 0.03173112 -0.007338643 -0.03598606 0.03250169 -0.009934663 -0.03598606 0.03173112 -0.007338643 -0.03598606 0.03250169 -0.009934663 -0.07732111 0.03173112 -0.007338643 -0.07732111 0.03250169 -0.007338643 -0.07732111 0.03250169 -0.00466752 -0.03598606 0.03282618 -0.007338643 -0.03598606 0.03250169 -0.01734185 -0.03598606 0.0243436 -0.01810348 -0.07715839 0.02174669 -0.01734185 -0.07723975 0.0243436 -0.01734185 -0.07723975 0.0243436 -0.01603847 -0.03598606 0.02669823 -0.01734185 -0.03598606 0.0243436 -0.01603847 -0.03598606 0.02669823 -0.01734185 -0.07723975 0.0243436 -0.01603847 -0.07723975 0.02669823 -0.01603847 -0.07723975 0.02669823 -0.01435875 -0.03598606 0.0287677 -0.01603847 -0.03598606 0.02669823 -0.01435875 -0.07723975 0.0287677 -0.01229912 -0.03598606 0.03043222 -0.01435875 -0.03598606 0.0287677 -0.01435875 -0.03598606 0.0287677 -0.01603847 -0.07723975 0.02669823 -0.01435875 -0.07723975 0.0287677 -0.0183261 -0.03598606 0.01906752 -0.01734185 -0.07699567 0.01411598 -0.0183261 -0.07699567 0.01906752 -0.0183261 -0.07699567 0.01906752 -0.01810348 -0.03598606 0.02174669 -0.0183261 -0.03598606 0.01906752 -0.01810348 -0.07715839 0.02174669 -0.01734185 -0.03598606 0.0243436 -0.01810348 -0.03598606 0.02174669 -0.01810348 -0.03598606 0.02174669 -0.0183261 -0.07699567 0.01906752 -0.01810348 -0.07715839 0.02174669 -0.01734185 -0.07699567 0.01411598 -0.0183261 -0.03598606 0.01906752 -0.01718991 -0.03598606 0.01440024 -0.01718991 -0.03598606 0.01440024 -0.01520085 -0.04300707 0.007317543 -0.01734185 -0.07699567 0.01411598 -0.01504892 -0.03598606 0.008839905 -0.01520085 -0.04300707 0.007317543 -0.01718991 -0.03598606 0.01440024 -0.01520085 -0.07715839 0.006850898 -0.01734185 -0.07699567 0.01411598 -0.01520085 -0.04300707 0.007317543 -0.01565766 -0.1427291 0.006850898 -0.01734185 -0.07699567 0.01411598 -0.01520085 -0.07715839 0.006850898 -0.01734185 -0.07699567 0.01411598 -0.01565766 -0.1427291 0.006850898 -0.01764667 -0.1360272 0.01480609 -0.01741337 -0.1555545 0.0137307 -0.01764667 -0.1360272 0.01480609 -0.01565766 -0.1427291 0.006850898 -0.01741337 -0.1555545 0.0137307 -0.0183261 -0.1361899 0.01959496 -0.01764667 -0.1360272 0.01480609 -0.01840746 -0.1562035 0.01906752 -0.0183261 -0.1361899 0.01959496 -0.01741337 -0.1555545 0.0137307 -0.01840746 -0.1562035 0.01906752 -0.01795065 -0.1360272 0.02227413 -0.0183261 -0.1361899 0.01959496 -0.01810348 -0.1565279 0.02174669 -0.01795065 -0.1360272 0.02227413 -0.01840746 -0.1562035 0.01906752 -0.01810348 -0.1565279 0.02174669 -0.01703256 -0.1360272 0.02479058 -0.01795065 -0.1360272 0.02227413 -0.01734185 -0.1568534 0.0243436 -0.01703256 -0.1360272 0.02479058 -0.01810348 -0.1565279 0.02174669 -0.01734185 -0.1568534 0.0243436 -0.01573365 -0.1360272 0.02714431 -0.01703256 -0.1360272 0.02479058 -0.01603847 -0.1570152 0.02669823 -0.01573365 -0.1360272 0.02714431 -0.01734185 -0.1568534 0.0243436 -0.01603847 -0.1570152 0.02669823 -0.01390194 -0.1360272 0.02913331 -0.01573365 -0.1360272 0.02714431 -0.01435875 -0.1571779 0.0287677 -0.01390194 -0.1360272 0.02913331 -0.01603847 -0.1570152 0.02669823 -0.01435875 -0.1571779 0.0287677 -0.01176631 -0.1360272 0.03075671 -0.01390194 -0.1360272 0.02913331 -0.01229912 -0.1573397 0.03043222 -0.01176631 -0.1360272 0.03075671 -0.01435875 -0.1571779 0.0287677 -0.01229912 -0.1573397 0.03043222 -0.009324073 -0.1360272 0.03189295 -0.01176631 -0.1360272 0.03075671 -0.009934663 -0.1573397 0.03173112 -0.009324073 -0.1360272 0.03189295 -0.01229912 -0.1573397 0.03043222 -0.009934663 -0.1573397 0.03173112 -0.006728053 -0.1360272 0.03258305 -0.009324073 -0.1360272 0.03189295 -0.007338643 -0.1573397 0.03250169 -0.006728053 -0.1360272 0.03258305 -0.009934663 -0.1573397 0.03173112 -0.007338643 -0.1573397 0.03250169 -0.00466752 -0.1360272 0.03282618 -0.006728053 -0.1360272 0.03258305 -0.00466752 -0.1573397 0.03282618 -0.00466752 -0.1360272 0.03282618 -0.007338643 -0.1573397 0.03250169 -0.00466752 -0.1573397 0.03282618 -0.001995563 -0.1573397 0.03250169 -0.00466752 -0.1360272 0.03282618 -0.00466752 -0.1360272 0.03282618 -0.001995563 -0.1573397 0.03250169 -0.002530097 -0.1360272 0.03258305 6.49667e-5 -0.1360272 0.03189295 -0.001995563 -0.07732111 0.03250169 -0.002530097 -0.1360272 0.03258305 -0.001995563 -0.07732111 0.03250169 6.49667e-5 -0.1360272 0.03189295 5.97757e-4 -0.07732111 0.03173112 0.002509891 -0.1360272 0.03075671 5.97757e-4 -0.07732111 0.03173112 6.49667e-5 -0.1360272 0.03189295 5.97757e-4 -0.07732111 0.03173112 0.002509891 -0.1360272 0.03075671 0.002966701 -0.07732111 0.03043222 0.004645526 -0.1360272 0.02913331 0.002966701 -0.07732111 0.03043222 0.002509891 -0.1360272 0.03075671 0.002966701 -0.07732111 0.03043222 0.004645526 -0.1360272 0.02913331 0.005102276 -0.07723975 0.0287677 0.006401181 -0.1360272 0.02714431 0.005102276 -0.07723975 0.0287677 0.004645526 -0.1360272 0.02913331 0.005102276 -0.07723975 0.0287677 0.006401181 -0.1360272 0.02714431 0.006786465 -0.07723975 0.02669823 0.007770717 -0.1360272 0.02479058 0.006786465 -0.07723975 0.02669823 0.006401181 -0.1360272 0.02714431 0.006786465 -0.07723975 0.02669823 0.007770717 -0.1360272 0.02479058 0.008075535 -0.07723975 0.0243436 0.008694171 -0.1360272 0.02227413 0.008075535 -0.07723975 0.0243436 0.007770717 -0.1360272 0.02479058 0.008075535 -0.07723975 0.0243436 0.008694171 -0.1360272 0.02227413 0.008847057 -0.07715839 0.02174669 0.009069621 -0.1361899 0.01959496 0.008847057 -0.07715839 0.02174669 0.008694171 -0.1360272 0.02227413 -0.00466752 -0.07732111 0.03282618 -0.002530097 -0.1360272 0.03258305 -0.001995563 -0.07732111 0.03250169 0.007852077 -0.03598606 0.01440024 0.006167888 -0.04300707 0.007317543 0.006015896 -0.03598606 0.008839905 0.008004069 -0.07699567 0.01411598 0.006167888 -0.04300707 0.007317543 0.007852077 -0.03598606 0.01440024 0.006167888 -0.04300707 0.007317543 0.008004069 -0.07699567 0.01411598 0.005944371 -0.07715839 0.006850898 0.009069621 -0.03598606 0.01906752 0.008004069 -0.07699567 0.01411598 0.007852077 -0.03598606 0.01440024 0.008004069 -0.07699567 0.01411598 0.006401181 -0.1427291 0.006850898 0.005944371 -0.07715839 0.006850898 0.006401181 -0.1427291 0.006850898 0.008004069 -0.07699567 0.01411598 0.008390247 -0.1360272 0.01480609 0.008390247 -0.1360272 0.01480609 0.008156895 -0.1555545 0.0137307 0.006401181 -0.1427291 0.006850898 0.006249248 -0.1500344 0.006850898 0.006401181 -0.1427291 0.006850898 0.008156895 -0.1555545 0.0137307 0.006167888 -0.1544173 0.006850898 0.006249248 -0.1500344 0.006850898 0.008156895 -0.1555545 0.0137307 2.16937e-4 -0.04316979 0.007622361 0.002276539 -0.03598606 0.009001731 2.16937e-4 -0.03598606 0.00754106 0.005640447 -0.1505216 -0.04778951 0.005711078 -0.1536056 -0.04504954 0.005335628 -0.1526322 -0.04718071 0.005640447 -0.1492227 -0.04787087 0.005711078 -0.1536056 -0.04504954 0.005640447 -0.1505216 -0.04778951 0.006167888 -0.1544173 0.006850898 0.005711078 -0.1536056 -0.04504954 0.005640447 -0.1492227 -0.04787087 0.005640447 -0.1492227 -0.04787087 0.006249248 -0.1500344 0.006850898 0.006167888 -0.1544173 0.006850898 -0.01489692 -0.1505216 -0.04778951 -0.01497292 -0.1536056 -0.04504954 -0.01489692 -0.1492227 -0.04787087 -0.0146681 -0.1526322 -0.04718071 -0.01497292 -0.1536056 -0.04504954 -0.01489692 -0.1505216 -0.04778951 -0.01489692 -0.1492227 -0.04787087 -0.01497292 -0.1536056 -0.04504954 -0.01542973 -0.1544173 0.006850898 -0.01489692 -0.1492227 -0.04787087 -0.01542973 -0.1544173 0.006850898 -0.01550573 -0.1500344 0.006850898 -0.01489692 -0.1492227 -0.04787087 -0.01550573 -0.1500344 0.006850898 -0.01489692 -0.1474366 -0.04794144 -0.01489692 -0.1474366 -0.04794144 -0.01550573 -0.1500344 0.006850898 -0.01565766 -0.1427291 0.006850898 -0.01489692 -0.1428909 -0.0480228 -0.01489692 -0.1474366 -0.04794144 -0.01565766 -0.1427291 0.006850898 -0.01527684 -0.1355275 -0.003823578 -0.01489692 -0.1428909 -0.0480228 -0.01565766 -0.1427291 0.006850898 -0.01527684 -0.1355275 -0.003823578 -0.01565766 -0.1427291 0.006850898 -0.01527684 -0.09136939 -0.003823578 -0.01520085 -0.07715839 0.006850898 -0.01527684 -0.09136939 -0.003823578 -0.01565766 -0.1427291 0.006850898 -0.01504892 -0.07715839 -0.006421387 -0.01527684 -0.09136939 -0.003823578 -0.01520085 -0.07715839 0.006850898 -0.01504892 -0.08227264 -0.01138275 -0.01527684 -0.09136939 -0.003823578 -0.01504892 -0.07715839 -0.006421387 -0.01504892 -0.08227264 -0.01138275 -0.01520085 -0.08308434 -0.01794791 -0.01527684 -0.09136939 -0.003823578 -0.01504892 -0.06782293 -0.005122482 -0.01504892 -0.07715839 -0.006421387 -0.01520085 -0.07715839 0.006850898 -0.01504892 -0.06782293 -0.005122482 -0.01520085 -0.07715839 0.006850898 -0.01527684 -0.04195225 -6.98408e-4 -0.01527684 -0.04195225 -6.98408e-4 -0.01504892 -0.04706555 -0.006197929 -0.01504892 -0.06782293 -0.005122482 -0.01520085 -0.04300707 0.007317543 -0.01527684 -0.04195225 -6.98408e-4 -0.01520085 -0.07715839 0.006850898 -0.01527684 -0.09136939 -0.003823578 -0.01520085 -0.08308434 -0.01794791 -0.01527684 -0.09161251 -0.02726012 -0.01520085 -0.08308434 -0.01794791 -0.01527684 -0.0802434 -0.024513 -0.01527684 -0.09161251 -0.02726012 -0.01527684 -0.0802434 -0.024513 -0.01489692 -0.08137959 -0.04970699 -0.01527684 -0.09161251 -0.02726012 -0.01489692 -0.1428909 -0.0480228 -0.01527684 -0.09161251 -0.02726012 -0.01489692 -0.08137959 -0.04970699 -0.01527684 -0.0802434 -0.024513 -0.0146681 -0.06001347 -0.08244049 -0.01489692 -0.08137959 -0.04970699 -0.0146681 -0.06001347 -0.08244049 -0.01527684 -0.0802434 -0.024513 -0.01482093 -0.05011034 -0.06657123 -0.0146681 -0.06001347 -0.08244049 -0.01482093 -0.05011034 -0.06657123 -0.01482093 -0.04430598 -0.06900632 -0.0146681 -0.06001347 -0.08244049 -0.01482093 -0.04430598 -0.06900632 -0.0146681 -0.02719861 -0.08284634 -0.01474493 -0.03833979 -0.06886422 -0.0146681 -0.02719861 -0.08284634 -0.01482093 -0.04430598 -0.06900632 -0.01474493 -0.03833979 -0.06886422 -0.01482093 -0.04430598 -0.06900632 -0.01451164 -0.04016613 -0.06695652 -0.01527684 -0.09161251 -0.02726012 -0.01489692 -0.1428909 -0.0480228 -0.01527684 -0.1353657 -0.02710723 -0.01489692 -0.1428909 -0.0480228 -0.01527684 -0.1355275 -0.003823578 -0.01527684 -0.1353657 -0.02710723 -0.008178055 -0.01622009 -0.09327775 -0.01169037 -0.01818853 -0.09274947 -0.01138371 -0.01705145 -0.09197884 -0.01169037 -0.01818853 -0.09274947 -0.008178055 -0.01622009 -0.09327775 -0.008636653 -0.01735627 -0.09372383 -0.008178055 -0.01622009 -0.09327775 -0.006651222 -0.01713281 -0.09388655 -0.008636653 -0.01735627 -0.09372383 -0.006651222 -0.01713281 -0.09388655 -0.008178055 -0.01622009 -0.09327775 -0.00642234 -0.01613873 -0.09343957 -0.01169037 -0.01818853 -0.09274947 -0.0132932 -0.01751899 -0.09015256 -0.01138371 -0.01705145 -0.09197884 -0.0132932 -0.01751899 -0.09015256 -0.01169037 -0.01818853 -0.09274947 -0.01390194 -0.01934534 -0.0913701 -0.01390194 -0.01934534 -0.0913701 -0.01520085 -0.01926398 -0.08658033 -0.0132932 -0.01751899 -0.09015256 -0.01520085 -0.01926398 -0.08658033 -0.01390194 -0.01934534 -0.0913701 -0.01520085 -0.02125298 -0.08877229 -0.01520085 -0.02125298 -0.08877229 -0.01611447 -0.02330189 -0.08617448 -0.01520085 -0.01926398 -0.08658033 -0.01611447 -0.02330189 -0.08617448 -0.01611447 -0.01804643 -0.07627141 -0.01520085 -0.01926398 -0.08658033 -0.01611447 -0.01804643 -0.07627141 -0.01611447 -0.02330189 -0.08617448 -0.01611447 -0.02490562 -0.08398348 -0.01611447 -0.02490562 -0.08398348 -0.01588654 -0.03598606 -0.06892496 -0.01611447 -0.01804643 -0.07627141 -0.01588654 -0.03598606 -0.06892496 -0.01603847 -0.01124799 -0.0382511 -0.01611447 -0.01804643 -0.07627141 -0.01611447 -0.01804643 -0.07627141 -0.01603847 -0.01124799 -0.0382511 -0.01603847 -0.002090454 -0.04206645 -0.01596248 0.006074786 -0.04359871 -0.01611447 -0.01804643 -0.07627141 -0.01603847 -0.002090454 -0.04206645 -0.00466752 -0.01605737 -0.09360229 -0.006651222 -0.01713281 -0.09388655 -0.00642234 -0.01613873 -0.09343957 -0.006651222 -0.01713281 -0.09388655 -0.00466752 -0.01605737 -0.09360229 -0.00466752 -0.01697099 -0.09404838 -0.01611447 -0.02490562 -0.08398348 -0.01611447 -0.02330189 -0.08617448 -0.01169037 -0.02399206 -0.08580976 -0.01611447 -0.02490562 -0.08398348 -0.01169037 -0.02399206 -0.08580976 -0.0146681 -0.02719861 -0.08284634 -0.01611447 -0.02330189 -0.08617448 -0.01520085 -0.02125298 -0.08877229 -0.01169037 -0.02399206 -0.08580976 -0.01520085 -0.02125298 -0.08877229 -0.01390194 -0.01934534 -0.0913701 -0.01169037 -0.02399206 -0.08580976 -0.01390194 -0.01934534 -0.0913701 -0.01169037 -0.01818853 -0.09274947 -0.01169037 -0.02399206 -0.08580976 -0.01169037 -0.01818853 -0.09274947 -0.008636653 -0.01735627 -0.09372383 -0.01169037 -0.02399206 -0.08580976 -0.006651222 -0.01713281 -0.09388655 -0.01169037 -0.02399206 -0.08580976 -0.008636653 -0.01735627 -0.09372383 -0.01169037 -0.02399206 -0.08580976 -0.006651222 -0.01713281 -0.09388655 -0.008102059 -0.02399206 -0.08589023 -0.006651222 -0.01713281 -0.09388655 -0.00466752 -0.02376854 -0.08580976 -0.008102059 -0.02399206 -0.08589023 -0.00466752 -0.02376854 -0.08580976 -0.006651222 -0.01713281 -0.09388655 -0.00466752 -0.01697099 -0.09404838 -0.01237511 -0.007817924 -0.01283365 -0.01229912 -0.005221009 -0.01809984 -0.01267993 -0.01239401 -0.01695382 -0.01237511 -0.007817924 -0.01283365 -0.01267993 -0.01239401 -0.01695382 -0.01245111 -0.009797096 -0.0103172 -0.01245111 -0.009797096 -0.0103172 -0.01267993 -0.01239401 -0.01695382 -0.01275593 -0.01507318 -0.01298564 -0.01245111 -0.01209008 -0.007953643 -0.01245111 -0.009797096 -0.0103172 -0.01275593 -0.01507318 -0.01298564 -0.01245111 -0.01209008 -0.007953643 -0.01275593 -0.01507318 -0.01298564 -0.01245111 -0.01430171 -0.006421387 -0.01245111 -0.01430171 -0.006421387 -0.01275593 -0.01507318 -0.01298564 -0.01275593 -0.01865518 -0.009860396 -0.01245111 -0.01674753 -0.005284309 -0.01245111 -0.01430171 -0.006421387 -0.01275593 -0.01865518 -0.009860396 -0.01245111 -0.01674753 -0.005284309 -0.01275593 -0.01865518 -0.009860396 -0.01245111 -0.01964926 -0.00451374 -0.01275593 -0.01865518 -0.009860396 -0.0125271 -0.02232843 -0.008176207 -0.01245111 -0.01964926 -0.00451374 -0.0125271 -0.02232843 -0.008176207 -0.01237511 -0.022551 -0.004047095 -0.01245111 -0.01964926 -0.00451374 -0.01260393 -0.02811223 -0.007415473 -0.01237511 -0.022551 -0.004047095 -0.0125271 -0.02232843 -0.008176207 -0.01237511 -0.022551 -0.004047095 -0.01260393 -0.02811223 -0.007415473 -0.01199519 -0.02811223 -0.003986299 -0.01260393 -0.02811223 -0.007415473 -0.01344603 -0.04040926 -0.006654739 -0.01199519 -0.02811223 -0.003986299 -0.01344603 -0.04040926 -0.006654739 -0.01337009 -0.0394358 -0.003214836 -0.01199519 -0.02811223 -0.003986299 -0.01199519 -0.02811223 -0.003986299 -0.01337009 -0.0394358 -0.003214836 -0.01375001 -0.02811223 0.003725707 -0.01337009 -0.0394358 -0.003214836 -0.01520085 -0.04300707 0.007317543 -0.01375001 -0.02811223 0.003725707 -0.01504892 -0.03598606 0.008839905 -0.01375001 -0.02811223 0.003725707 -0.01520085 -0.04300707 0.007317543 -0.01527684 -0.02811223 0.008839905 -0.01375001 -0.02811223 0.003725707 -0.01504892 -0.03598606 0.008839905 -0.01344603 -0.04040926 -0.006654739 -0.01504892 -0.04706555 -0.006197929 -0.01337009 -0.0394358 -0.003214836 -0.01420682 0.01325136 -0.04046362 -0.01314121 0.015311 -0.03397452 -0.01123088 0.01866507 -0.04069697 -0.01123088 0.01836025 -0.02229779 -0.01123088 0.01866507 -0.04069697 -0.01314121 0.015311 -0.03397452 -0.01123088 0.01836025 -0.02229779 -0.01314121 0.015311 -0.03397452 -0.01314121 0.01546835 -0.01848071 -0.01229912 0.01675742 -0.01909482 -0.01123088 0.01836025 -0.02229779 -0.01314121 0.01546835 -0.01848071 -0.0116117 0.01783281 -0.02023547 -0.01123088 0.01836025 -0.02229779 -0.01229912 0.01675742 -0.01909482 -0.01397883 -0.001253724 -0.03420782 -0.0132932 -0.01262825 -0.03107815 -0.01344603 -5.63607e-4 -0.02756583 -0.01344603 -5.63607e-4 -0.02756583 -0.01428276 0.009738147 -0.0382511 -0.01397883 -0.001253724 -0.03420782 -0.01428276 0.009738147 -0.0382511 -0.01344603 -5.63607e-4 -0.02756583 -0.01314121 0.015311 -0.03397452 -0.01428276 0.009738147 -0.0382511 -0.01314121 0.015311 -0.03397452 -0.01420682 0.01325136 -0.04046362 -0.01344603 -5.63607e-4 -0.02756583 -0.01321721 0.0138601 -0.01817584 -0.01314121 0.015311 -0.03397452 -0.01321721 -7.96929e-4 -0.01809984 -0.01321721 0.0138601 -0.01817584 -0.01344603 -5.63607e-4 -0.02756583 -0.01229912 -0.005221009 -0.01809984 -0.01321721 -7.96929e-4 -0.01809984 -0.01344603 -5.63607e-4 -0.02756583 -0.01344603 -5.63607e-4 -0.02756583 -0.01291328 -0.01117646 -0.02642071 -0.01229912 -0.005221009 -0.01809984 -0.01344603 -5.63607e-4 -0.02756583 -0.0132932 -0.01262825 -0.03107815 -0.01291328 -0.01117646 -0.02642071 -0.01245111 -0.01079118 -0.02138245 -0.01229912 -0.005221009 -0.01809984 -0.01291328 -0.01117646 -0.02642071 -0.01229912 -0.005221009 -0.01809984 -0.01245111 -0.01079118 -0.02138245 -0.01267993 -0.01239401 -0.01695382 -0.01314121 0.01546835 -0.01848071 -0.01314121 0.015311 -0.03397452 -0.01321721 0.0138601 -0.01817584 -0.01603847 -0.01124799 -0.0382511 -0.01397883 -0.001253724 -0.03420782 -0.01603847 -0.002090454 -0.04206645 -0.0132932 -0.01262825 -0.03107815 -0.01397883 -0.001253724 -0.03420782 -0.01603847 -0.01124799 -0.0382511 -0.01596248 0.006074786 -0.04359871 -0.01603847 -0.002090454 -0.04206645 -0.01397883 -0.001253724 -0.03420782 -0.01428276 0.009738147 -0.0382511 -0.01596248 0.006074786 -0.04359871 -0.01397883 -0.001253724 -0.03420782 -0.01527684 0.01034963 -0.04252326 -0.01596248 0.006074786 -0.04359871 -0.01428276 0.009738147 -0.0382511 -0.01428276 0.009738147 -0.0382511 -0.01420682 0.01325136 -0.04046362 -0.01527684 0.01034963 -0.04252326 -0.001081943 -0.03927308 -0.05993551 -0.00466752 -0.03947603 -0.0593267 -0.00466752 -0.04203361 -0.06107169 -0.001157939 -0.04203361 -0.06176185 -0.001081943 -0.03927308 -0.05993551 -0.00466752 -0.04203361 -0.06107169 -0.001157939 -0.04203361 -0.06176185 -0.00466752 -0.04203361 -0.06107169 -0.00466752 -0.0444687 -0.06129521 -0.001081943 -0.03927308 -0.05993551 -0.001157939 -0.04203361 -0.06176185 0.00273782 -0.03886723 -0.06184315 0.002509891 -0.0416277 -0.06358814 0.00273782 -0.03886723 -0.06184315 -0.001157939 -0.04203361 -0.06176185 0.00273782 -0.03886723 -0.06184315 0.002509891 -0.0416277 -0.06358814 0.005183637 -0.03850251 -0.06579977 0.005183637 -0.03850251 -0.06579977 0.005559086 -0.01392626 -0.03588753 0.00273782 -0.03886723 -0.06184315 0.005559086 -0.01392626 -0.03588753 0.005183637 -0.03850251 -0.06579977 0.006706058 -0.01124799 -0.0382511 0.006634533 -0.03598606 -0.06892496 0.006706058 -0.01124799 -0.0382511 0.005183637 -0.03850251 -0.06579977 0.005254268 -0.04016613 -0.06695652 0.005183637 -0.03850251 -0.06579977 0.002509891 -0.0416277 -0.06358814 -0.001233875 -0.04430598 -0.06206578 -0.001157939 -0.04203361 -0.06176185 -0.00466752 -0.0444687 -0.06129521 -0.001157939 -0.04203361 -0.06176185 -0.001233875 -0.04430598 -0.06206578 0.002509891 -0.0416277 -0.06358814 0.0023579 -0.04422461 -0.06383126 0.002509891 -0.0416277 -0.06358814 -0.001233875 -0.04430598 -0.06206578 0.0023579 -0.04422461 -0.06383126 0.005559086 -0.04430598 -0.06900632 0.002509891 -0.0416277 -0.06358814 0.005254268 -0.04016613 -0.06695652 0.002509891 -0.0416277 -0.06358814 0.005559086 -0.04430598 -0.06900632 -0.01451164 -0.04016613 -0.06695652 -0.01443475 -0.03850251 -0.06579977 -0.01474493 -0.03833979 -0.06886422 -0.01588654 -0.03598606 -0.06892496 -0.01474493 -0.03833979 -0.06886422 -0.01443475 -0.03850251 -0.06579977 -0.01588654 -0.03598606 -0.06892496 -0.01611447 -0.02490562 -0.08398348 -0.01474493 -0.03833979 -0.06886422 -0.01474493 -0.03833979 -0.06886422 -0.01611447 -0.02490562 -0.08398348 -0.0146681 -0.02719861 -0.08284634 -0.01397883 -0.03598606 0.008920371 -0.01527684 -0.02811223 0.008839905 -0.01504892 -0.03598606 0.008839905 -0.01527684 -0.02811223 0.008839905 -0.01397883 -0.03598606 0.008920371 -0.01397883 -0.02811223 0.008839905 -0.01527684 -0.04195225 -6.98408e-4 -0.01337009 -0.0394358 -0.003214836 -0.01504892 -0.04706555 -0.006197929 -0.01337009 -0.0394358 -0.003214836 -0.01527684 -0.04195225 -6.98408e-4 -0.01520085 -0.04300707 0.007317543 -0.01527684 -0.1355275 -0.003823578 -0.01184231 -0.1017597 -0.005507767 -0.01184231 -0.1249754 -0.005507767 -0.01184231 -0.1017597 -0.005507767 -0.01527684 -0.1355275 -0.003823578 -0.01527684 -0.09136939 -0.003823578 -0.01184231 -0.1017597 -0.02497071 -0.01527684 -0.09136939 -0.003823578 -0.01527684 -0.09161251 -0.02726012 -0.01527684 -0.09136939 -0.003823578 -0.01184231 -0.1017597 -0.02497071 -0.01184231 -0.1017597 -0.005507767 -0.01184231 -0.1250568 -0.02497071 -0.01184231 -0.1017597 -0.005507767 -0.01184231 -0.1017597 -0.02497071 -0.01184231 -0.1017597 -0.005507767 -0.01184231 -0.1250568 -0.02497071 -0.01184231 -0.1249754 -0.005507767 -0.01184231 -0.1250568 -0.02497071 -0.01527684 -0.1355275 -0.003823578 -0.01184231 -0.1249754 -0.005507767 -0.01527684 -0.1355275 -0.003823578 -0.01184231 -0.1250568 -0.02497071 -0.01527684 -0.1353657 -0.02710723 -0.01184231 -0.1250568 -0.02497071 -0.01527684 -0.09161251 -0.02726012 -0.01527684 -0.1353657 -0.02710723 -0.01527684 -0.09161251 -0.02726012 -0.01184231 -0.1250568 -0.02497071 -0.01184231 -0.1017597 -0.02497071 -0.0115357 -0.03598606 0.007398903 -0.009552061 -0.02811223 0.007317543 -0.0115357 -0.02811223 0.007398903 -0.009552061 -0.02811223 0.007317543 -0.0115357 -0.03598606 0.007398903 -0.009552061 -0.03598606 0.007317543 -0.0115357 -0.02811223 0.007398903 -0.01291328 -0.03598606 0.007844984 -0.0115357 -0.03598606 0.007398903 -0.01291328 -0.03598606 0.007844984 -0.0115357 -0.02811223 0.007398903 -0.01291328 -0.02811223 0.007844984 -0.01291328 -0.02811223 0.007844984 -0.01397883 -0.03598606 0.008920371 -0.01291328 -0.03598606 0.007844984 -0.01397883 -0.03598606 0.008920371 -0.01291328 -0.02811223 0.007844984 -0.01397883 -0.02811223 0.008839905 -0.009552061 -0.03598606 0.007317543 -0.009552061 -0.02811223 0.003888368 -0.009552061 -0.02811223 0.007317543 -0.009552061 -0.04239833 0.004110991 -0.009552061 -0.02811223 0.003888368 -0.009552061 -0.03598606 0.007317543 -0.009552061 -0.04316979 0.007622361 -0.009552061 -0.04239833 0.004110991 -0.009552061 -0.03598606 0.007317543 -0.009552061 -0.04316979 0.007622361 -0.009552061 -0.03598606 0.007317543 -0.009552061 -0.03598606 0.00754106 -0.009552061 -0.1269233 0.007702827 -0.00466752 -0.04316979 0.00754106 -0.009552061 -0.04316979 0.007622361 -0.00466752 -0.04316979 0.00754106 -0.009552061 -0.1269233 0.007702827 -0.00466752 -0.1269233 0.00754106 -0.009552061 -0.04316979 0.007622361 -0.01161438 -0.03598606 0.009001731 -0.009552061 -0.1269233 0.007702827 -0.01260393 -0.1269233 0.009833991 -0.009552061 -0.1269233 0.007702827 -0.01161438 -0.03598606 0.009001731 -0.01161438 -0.03598606 0.009001731 -0.01359802 -0.03598606 0.01060545 -0.01260393 -0.1269233 0.009833991 -0.01359802 -0.03598606 0.01060545 -0.01520085 -0.1269233 0.01281708 -0.01260393 -0.1269233 0.009833991 -0.01520085 -0.1269233 0.01281708 -0.01359802 -0.03598606 0.01060545 -0.01520085 -0.03598606 0.01281708 -0.01520085 -0.03598606 0.01281708 -0.01634782 -0.1269233 0.01549625 -0.01520085 -0.1269233 0.01281708 -0.01634782 -0.1269233 0.01549625 -0.01520085 -0.03598606 0.01281708 -0.01603847 -0.03598606 0.01435911 -0.01634782 -0.1269233 0.01549625 -0.01603847 -0.03598606 0.01435911 -0.01672863 -0.03598606 0.01663243 -0.01672863 -0.03598606 0.01663243 -0.01680457 -0.1269233 0.0202037 -0.01634782 -0.1269233 0.01549625 -0.01680457 -0.1269233 0.0202037 -0.01672863 -0.03598606 0.01663243 -0.01695656 -0.03598606 0.01906752 -0.01680457 -0.1269233 0.0202037 -0.01695656 -0.03598606 0.01906752 -0.01672863 -0.03598606 0.02142131 -0.01672863 -0.03598606 0.02142131 -0.01542973 -0.1269233 0.02479058 -0.01680457 -0.1269233 0.0202037 -0.01542973 -0.1269233 0.02479058 -0.01672863 -0.03598606 0.02142131 -0.01603847 -0.03598606 0.0237348 -0.01542973 -0.1269233 0.02479058 -0.01603847 -0.03598606 0.0237348 -0.01489692 -0.03598606 0.02588653 -0.01489692 -0.03598606 0.02588653 -0.01237511 -0.1269233 0.02852457 -0.01542973 -0.1269233 0.02479058 -0.01237511 -0.1269233 0.02852457 -0.01489692 -0.03598606 0.02588653 -0.01337009 -0.03598606 0.02779418 -0.01237511 -0.1269233 0.02852457 -0.01337009 -0.03598606 0.02779418 -0.0114597 -0.03598606 0.02929514 -0.0114597 -0.03598606 0.02929514 -0.008178055 -0.1269233 0.03075671 -0.01237511 -0.1269233 0.02852457 -0.008178055 -0.1269233 0.03075671 -0.0114597 -0.03598606 0.02929514 -0.009324073 -0.03598606 0.03043222 -0.008178055 -0.1269233 0.03075671 -0.009324073 -0.03598606 0.03043222 -0.00703293 -0.03598606 0.03112232 -0.00703293 -0.03598606 0.03112232 -0.00466752 -0.1269233 0.03136551 -0.008178055 -0.1269233 0.03075671 -0.00466752 -0.1269233 0.03136551 -0.00703293 -0.03598606 0.03112232 -0.00466752 -0.03598606 0.03136551 -0.008102059 0.01240926 -0.03229749 -0.008102059 0.01538699 -0.01848071 -0.008102059 0.0138601 -0.01817584 -0.008102059 0.01240926 -0.03229749 -0.008102059 0.01675742 -0.01909482 -0.008102059 0.01538699 -0.01848071 -0.008025169 0.01790344 -0.02023547 -0.008102059 0.01675742 -0.01909482 -0.008102059 0.01240926 -0.03229749 -0.008102059 0.01844161 -0.02229779 -0.008025169 0.01790344 -0.02023547 -0.008102059 0.01240926 -0.03229749 -0.008102059 0.01866507 -0.03588753 -0.008102059 0.01844161 -0.02229779 -0.008102059 0.01240926 -0.03229749 -0.008025169 -0.004231452 -0.01817584 -0.008102059 0.01240926 -0.03229749 -0.008102059 0.0138601 -0.01817584 -0.008178055 -0.004079461 -0.0321455 -0.008102059 0.01240926 -0.03229749 -0.008025169 -0.004231452 -0.01817584 -0.009552061 -0.03598606 0.00754106 -0.01161438 -0.03598606 0.009001731 -0.009552061 -0.04316979 0.007622361 -0.01130777 -0.1273291 0.03030973 -0.01428276 -0.1273291 0.007154822 -0.01550573 -0.1273291 0.02608942 -0.01428276 -0.1273291 0.007154822 -0.01756536 -0.1273291 0.01906752 -0.01550573 -0.1273291 0.02608942 -0.00466752 -0.1273291 0.03181159 -0.01428276 -0.1273291 0.007154822 -0.01130777 -0.1273291 0.03030973 0.001972615 -0.1273291 0.03030973 -0.01428276 -0.1273291 0.007154822 -0.00466752 -0.1273291 0.03181159 0.006167888 -0.1273291 0.02608942 -0.01428276 -0.1273291 0.007154822 0.001972615 -0.1273291 0.03030973 0.006167888 -0.1273291 0.02608942 0.008308887 -0.1273291 0.01906752 -0.01428276 -0.1273291 0.007154822 -0.01428276 -0.1273291 0.007154822 0.008308887 -0.1273291 0.01906752 0.005031704 -0.1273291 0.007154822 0.005792438 -0.08227264 -0.01138275 0.00586307 -0.08308434 -0.01794791 0.00281471 -0.07658982 -0.01825183 -0.007643461 -0.05429041 -0.08666169 -0.007643461 -0.05286997 -0.09380519 -0.007643461 -0.05437177 -0.09327775 -0.007643461 -0.05286997 -0.09380519 -0.007643461 -0.05429041 -0.08666169 -0.007643461 -0.05011034 -0.09084266 -0.007643461 -0.05011034 -0.09084266 -0.007643461 -0.01721417 -0.09388655 -0.007643461 -0.05286997 -0.09380519 -0.007643461 -0.01721417 -0.09388655 -0.007643461 -0.05011034 -0.09084266 -0.007643461 -0.0251488 -0.09100449 -0.007643461 -0.0251488 -0.09100449 -0.007643461 -0.02346462 -0.0856471 -0.007643461 -0.01721417 -0.09388655 -0.007643461 -0.02346462 -0.0856471 -0.007643461 -0.0251488 -0.09100449 -0.007643461 -0.02841615 -0.08686465 -0.007643461 -0.05429041 -0.08666169 -0.007643461 -0.02346462 -0.0856471 -0.007643461 -0.02841615 -0.08686465 -0.007643461 -0.02346462 -0.0856471 -0.007643461 -0.05429041 -0.08666169 -0.007643461 -0.0628544 -0.08520102 -0.007643461 -0.0628544 -0.08520102 -0.007643461 -0.05429041 -0.08666169 -0.007643461 -0.05437177 -0.09327775 -0.001614749 -0.05429041 -0.08666169 -0.007643461 -0.05011034 -0.09084266 -0.007643461 -0.05429041 -0.08666169 -0.007643461 -0.05011034 -0.09084266 -0.001614749 -0.05429041 -0.08666169 -0.001614749 -0.05011034 -0.09084266 -0.001614749 -0.05437177 -0.09327775 -0.001614749 -0.0628544 -0.08520102 -0.00466752 -0.06338185 -0.08520102 -0.007643461 -0.05437177 -0.09327775 -0.001614749 -0.05437177 -0.09327775 -0.00466752 -0.06338185 -0.08520102 -0.007643461 -0.05437177 -0.09327775 -0.001614749 -0.05286997 -0.09380519 -0.001614749 -0.05437177 -0.09327775 -0.001614749 -0.05286997 -0.09380519 -0.007643461 -0.05437177 -0.09327775 -0.007643461 -0.05286997 -0.09380519 -0.007643461 -0.05286997 -0.09380519 -0.001614749 -0.01721417 -0.09388655 -0.001614749 -0.05286997 -0.09380519 -0.001614749 -0.01721417 -0.09388655 -0.007643461 -0.05286997 -0.09380519 -0.007643461 -0.01721417 -0.09388655 -0.007643461 -0.0628544 -0.08520102 -0.007643461 -0.05437177 -0.09327775 -0.00466752 -0.06338185 -0.08520102 -0.001614749 -0.05011034 -0.09084266 -0.007643461 -0.0251488 -0.09100449 -0.007643461 -0.05011034 -0.09084266 -0.007643461 -0.0251488 -0.09100449 -0.001614749 -0.05011034 -0.09084266 -0.001614749 -0.0251488 -0.09100449 -0.001614749 -0.0251488 -0.09100449 -0.007643461 -0.02841615 -0.08686465 -0.007643461 -0.0251488 -0.09100449 -0.007643461 -0.02841615 -0.08686465 -0.001614749 -0.0251488 -0.09100449 -0.001614749 -0.02841615 -0.08686465 -0.001614749 -0.05429041 -0.08666169 -0.001614749 -0.05286997 -0.09380519 -0.001614749 -0.05011034 -0.09084266 -0.001614749 -0.05286997 -0.09380519 -0.001614749 -0.05429041 -0.08666169 -0.001614749 -0.05437177 -0.09327775 -0.001614749 -0.01721417 -0.09388655 -0.001614749 -0.05011034 -0.09084266 -0.001614749 -0.05286997 -0.09380519 -0.001614749 -0.05011034 -0.09084266 -0.001614749 -0.01721417 -0.09388655 -0.001614749 -0.0251488 -0.09100449 -0.001614749 -0.02346462 -0.0856471 -0.001614749 -0.0251488 -0.09100449 -0.001614749 -0.01721417 -0.09388655 -0.001614749 -0.0251488 -0.09100449 -0.001614749 -0.02346462 -0.0856471 -0.001614749 -0.02841615 -0.08686465 -0.001614749 -0.02346462 -0.0856471 -0.001614749 -0.05429041 -0.08666169 -0.001614749 -0.02841615 -0.08686465 -0.001614749 -0.05429041 -0.08666169 -0.001614749 -0.02346462 -0.0856471 -0.001614749 -0.0628544 -0.08520102 -0.001614749 -0.05437177 -0.09327775 -0.001614749 -0.05429041 -0.08666169 -0.001614749 -0.0628544 -0.08520102 -0.001614749 -0.05429041 -0.08666169 -0.007643461 -0.02841615 -0.08686465 -0.001614749 -0.02841615 -0.08686465 -0.007643461 -0.02841615 -0.08686465 -0.001614749 -0.05429041 -0.08666169 -0.007643461 -0.05429041 -0.08666169 -0.01565766 -0.0529915 -0.004047095 -0.01474493 -0.05096226 -0.005426466 -0.01474493 -0.0529915 -0.004047095 -0.01474493 -0.05096226 -0.005426466 -0.01565766 -0.0529915 -0.004047095 -0.01565766 -0.05096226 -0.005426466 -0.01474493 -0.0529915 -0.004047095 -0.01565766 -0.05437177 -0.001997292 -0.01565766 -0.0529915 -0.004047095 -0.01565766 -0.05437177 -0.001997292 -0.01474493 -0.0529915 -0.004047095 -0.01474493 -0.05437177 -0.001997292 -0.01474493 -0.05437177 -0.001997292 -0.01565766 -0.05481785 4.37794e-4 -0.01565766 -0.05437177 -0.001997292 -0.01565766 -0.05481785 4.37794e-4 -0.01474493 -0.05437177 -0.001997292 -0.01474493 -0.05481785 4.37794e-4 -0.01474493 -0.05481785 4.37794e-4 -0.01565766 -0.05437177 0.002893447 -0.01565766 -0.05481785 4.37794e-4 -0.01565766 -0.05437177 0.002893447 -0.01474493 -0.05481785 4.37794e-4 -0.01474493 -0.05437177 0.002893447 -0.01474493 -0.05437177 0.002893447 -0.01565766 -0.0529915 0.004943251 -0.01565766 -0.05437177 0.002893447 -0.01565766 -0.0529915 0.004943251 -0.01474493 -0.05437177 0.002893447 -0.01474493 -0.0529915 0.004943251 -0.01474493 -0.0529915 0.004943251 -0.01565766 -0.05096226 0.006404817 -0.01565766 -0.0529915 0.004943251 -0.01565766 -0.05096226 0.006404817 -0.01474493 -0.0529915 0.004943251 -0.01474493 -0.05096226 0.006404817 -0.01474493 -0.05096226 0.006404817 -0.01565766 -0.04848694 0.006850898 -0.01565766 -0.05096226 0.006404817 -0.01565766 -0.04848694 0.006850898 -0.01474493 -0.05096226 0.006404817 -0.01474493 -0.04848694 0.006850898 -0.01474493 -0.04848694 0.006850898 -0.01565766 -0.04605096 0.006404817 -0.01565766 -0.04848694 0.006850898 -0.01565766 -0.04605096 0.006404817 -0.01474493 -0.04848694 0.006850898 -0.01474493 -0.04605096 0.006404817 -0.01474493 -0.04398149 0.004943251 -0.01565766 -0.04605096 0.006404817 -0.01474493 -0.04605096 0.006404817 -0.01565766 -0.04605096 0.006404817 -0.01474493 -0.04398149 0.004943251 -0.01565766 -0.04398149 0.004943251 -0.01474493 -0.04398149 0.004943251 -0.01565766 -0.04256099 0.002893447 -0.01565766 -0.04398149 0.004943251 -0.01565766 -0.04256099 0.002893447 -0.01474493 -0.04398149 0.004943251 -0.01474493 -0.04256099 0.002893447 -0.01474493 -0.04256099 0.002893447 -0.01565766 -0.04207378 4.37794e-4 -0.01565766 -0.04256099 0.002893447 -0.01565766 -0.04207378 4.37794e-4 -0.01474493 -0.04256099 0.002893447 -0.01474493 -0.04207378 4.37794e-4 -0.01474493 -0.04207378 4.37794e-4 -0.01565766 -0.04256099 -0.001997292 -0.01565766 -0.04207378 4.37794e-4 -0.01565766 -0.04256099 -0.001997292 -0.01474493 -0.04207378 4.37794e-4 -0.01474493 -0.04256099 -0.001997292 -0.01474493 -0.04256099 -0.001997292 -0.01565766 -0.04398149 -0.004047095 -0.01565766 -0.04256099 -0.001997292 -0.01565766 -0.04398149 -0.004047095 -0.01474493 -0.04256099 -0.001997292 -0.01474493 -0.04398149 -0.004047095 -0.01474493 -0.04398149 -0.004047095 -0.01565766 -0.04605096 -0.005426466 -0.01565766 -0.04398149 -0.004047095 -0.01565766 -0.04605096 -0.005426466 -0.01474493 -0.04398149 -0.004047095 -0.01474493 -0.04605096 -0.005426466 -0.01474493 -0.04605096 -0.005426466 -0.01565766 -0.04848694 -0.005893051 -0.01565766 -0.04605096 -0.005426466 -0.01565766 -0.04848694 -0.005893051 -0.01474493 -0.04605096 -0.005426466 -0.01474493 -0.04848694 -0.005893051 -0.01565766 -0.05096226 -0.005426466 -0.01474493 -0.04848694 -0.005893051 -0.01474493 -0.05096226 -0.005426466 -0.01474493 -0.04848694 -0.005893051 -0.01565766 -0.05096226 -0.005426466 -0.01565766 -0.04848694 -0.005893051 -0.01565766 -0.04605096 -0.005426466 -0.01565766 -0.05096226 -0.005426466 -0.01565766 -0.0529915 -0.004047095 -0.01565766 -0.05096226 -0.005426466 -0.01565766 -0.04605096 -0.005426466 -0.01565766 -0.04848694 -0.005893051 -0.01565766 -0.0529915 -0.004047095 -0.01565766 -0.04398149 -0.004047095 -0.01565766 -0.04605096 -0.005426466 -0.01565766 -0.04398149 -0.004047095 -0.01565766 -0.0529915 -0.004047095 -0.01565766 -0.05437177 -0.001997292 -0.01565766 -0.05437177 -0.001997292 -0.01565766 -0.04256099 -0.001997292 -0.01565766 -0.04398149 -0.004047095 -0.01565766 -0.04256099 -0.001997292 -0.01565766 -0.05437177 -0.001997292 -0.01565766 -0.05481785 4.37794e-4 -0.01565766 -0.05481785 4.37794e-4 -0.01565766 -0.04207378 4.37794e-4 -0.01565766 -0.04256099 -0.001997292 -0.01565766 -0.04207378 4.37794e-4 -0.01565766 -0.05481785 4.37794e-4 -0.01565766 -0.05437177 0.002893447 -0.01565766 -0.05437177 0.002893447 -0.01565766 -0.04256099 0.002893447 -0.01565766 -0.04207378 4.37794e-4 -0.01565766 -0.04256099 0.002893447 -0.01565766 -0.05437177 0.002893447 -0.01565766 -0.0529915 0.004943251 -0.01565766 -0.0529915 0.004943251 -0.01565766 -0.04398149 0.004943251 -0.01565766 -0.04256099 0.002893447 -0.01565766 -0.04398149 0.004943251 -0.01565766 -0.0529915 0.004943251 -0.01565766 -0.05096226 0.006404817 -0.01565766 -0.05096226 0.006404817 -0.01565766 -0.04605096 0.006404817 -0.01565766 -0.04398149 0.004943251 -0.01565766 -0.04605096 0.006404817 -0.01565766 -0.05096226 0.006404817 -0.01565766 -0.04848694 0.006850898 0.006401181 -0.04459023 0.005551993 0.005407154 -0.04682242 0.00662744 0.006401181 -0.04682242 0.00662744 0.005407154 -0.04682242 0.00662744 0.006401181 -0.04459023 0.005551993 0.005407154 -0.04459023 0.005551993 0.006401181 -0.04292571 0.003644347 0.005407154 -0.04459023 0.005551993 0.006401181 -0.04459023 0.005551993 0.005407154 -0.04459023 0.005551993 0.006401181 -0.04292571 0.003644347 0.005407154 -0.04292571 0.003644347 0.006401181 -0.04215514 0.00137192 0.005407154 -0.04292571 0.003644347 0.006401181 -0.04292571 0.003644347 0.005407154 -0.04292571 0.003644347 0.006401181 -0.04215514 0.00137192 0.005407154 -0.04215514 0.00137192 0.006401181 -0.04231697 -0.001165032 0.005407154 -0.04215514 0.00137192 0.006401181 -0.04215514 0.00137192 0.005407154 -0.04215514 0.00137192 0.006401181 -0.04231697 -0.001165032 0.005407154 -0.04231697 -0.001165032 0.006401181 -0.04337269 -0.003376603 0.005407154 -0.04231697 -0.001165032 0.006401181 -0.04231697 -0.001165032 0.005407154 -0.04231697 -0.001165032 0.006401181 -0.04337269 -0.003376603 0.005407154 -0.04337269 -0.003376603 0.006401181 -0.04519903 -0.005041122 0.005407154 -0.04337269 -0.003376603 0.006401181 -0.04337269 -0.003376603 0.005407154 -0.04337269 -0.003376603 0.006401181 -0.04519903 -0.005041122 0.005407154 -0.04519903 -0.005041122 0.006401181 -0.04759389 -0.005893051 0.005407154 -0.04519903 -0.005041122 0.006401181 -0.04519903 -0.005041122 0.005407154 -0.04519903 -0.005041122 0.006401181 -0.04759389 -0.005893051 0.005407154 -0.04759389 -0.005893051 0.006401181 -0.05011034 -0.005731284 0.005407154 -0.04759389 -0.005893051 0.006401181 -0.04759389 -0.005893051 0.005407154 -0.04759389 -0.005893051 0.006401181 -0.05011034 -0.005731284 0.005407154 -0.05011034 -0.005731284 0.006401181 -0.05011034 -0.005731284 0.005407154 -0.0523014 -0.0045951 0.005407154 -0.05011034 -0.005731284 0.005407154 -0.0523014 -0.0045951 0.006401181 -0.05011034 -0.005731284 0.006401181 -0.0523014 -0.0045951 0.006401181 -0.05400615 -0.002748191 0.005407154 -0.0523014 -0.0045951 0.006401181 -0.0523014 -0.0045951 0.005407154 -0.0523014 -0.0045951 0.006401181 -0.05400615 -0.002748191 0.005407154 -0.05400615 -0.002748191 0.006401181 -0.05481785 -3.93573e-4 0.005407154 -0.05400615 -0.002748191 0.006401181 -0.05400615 -0.002748191 0.005407154 -0.05400615 -0.002748191 0.006401181 -0.05481785 -3.93573e-4 0.005407154 -0.05481785 -3.93573e-4 0.006401181 -0.05469626 0.002122819 0.005407154 -0.05481785 -3.93573e-4 0.006401181 -0.05481785 -3.93573e-4 0.005407154 -0.05481785 -3.93573e-4 0.006401181 -0.05469626 0.002122819 0.005407154 -0.05469626 0.002122819 0.006401181 -0.05351895 0.004334449 0.005407154 -0.05469626 0.002122819 0.006401181 -0.05469626 0.002122819 0.005407154 -0.05469626 0.002122819 0.006401181 -0.05351895 0.004334449 0.005407154 -0.05351895 0.004334449 0.006401181 -0.05169266 0.006018638 0.005407154 -0.05351895 0.004334449 0.006401181 -0.05351895 0.004334449 0.005407154 -0.05351895 0.004334449 0.006401181 -0.05169266 0.006018638 0.005407154 -0.05169266 0.006018638 0.006401181 -0.04933887 0.006790101 0.005407154 -0.05169266 0.006018638 0.006401181 -0.05169266 0.006018638 0.005407154 -0.05169266 0.006018638 0.006401181 -0.04933887 0.006790101 0.005407154 -0.04933887 0.006790101 0.006401181 -0.04682242 0.00662744 0.005407154 -0.04933887 0.006790101 0.006401181 -0.04933887 0.006790101 0.005407154 -0.04933887 0.006790101 0.006401181 -0.04682242 0.00662744 0.005407154 -0.04682242 0.00662744 0.006401181 -0.05169266 0.006018638 0.006401181 -0.04682242 0.00662744 0.006401181 -0.04933887 0.006790101 0.006401181 -0.04682242 0.00662744 0.006401181 -0.05169266 0.006018638 0.006401181 -0.04459023 0.005551993 0.006401181 -0.05351895 0.004334449 0.006401181 -0.04459023 0.005551993 0.006401181 -0.05169266 0.006018638 0.006401181 -0.04459023 0.005551993 0.006401181 -0.05351895 0.004334449 0.006401181 -0.04292571 0.003644347 0.006401181 -0.05469626 0.002122819 0.006401181 -0.04292571 0.003644347 0.006401181 -0.05351895 0.004334449 0.006401181 -0.04292571 0.003644347 0.006401181 -0.05469626 0.002122819 0.006401181 -0.04215514 0.00137192 0.006401181 -0.05481785 -3.93573e-4 0.006401181 -0.04215514 0.00137192 0.006401181 -0.05469626 0.002122819 0.006401181 -0.04215514 0.00137192 0.006401181 -0.05481785 -3.93573e-4 0.006401181 -0.04231697 -0.001165032 0.006401181 -0.05400615 -0.002748191 0.006401181 -0.04231697 -0.001165032 0.006401181 -0.05481785 -3.93573e-4 0.006401181 -0.04231697 -0.001165032 0.006401181 -0.05400615 -0.002748191 0.006401181 -0.04337269 -0.003376603 0.006401181 -0.0523014 -0.0045951 0.006401181 -0.04337269 -0.003376603 0.006401181 -0.05400615 -0.002748191 0.006401181 -0.04337269 -0.003376603 0.006401181 -0.0523014 -0.0045951 0.006401181 -0.04519903 -0.005041122 0.006401181 -0.05011034 -0.005731284 0.006401181 -0.04519903 -0.005041122 0.006401181 -0.0523014 -0.0045951 0.006401181 -0.04519903 -0.005041122 0.006401181 -0.05011034 -0.005731284 0.006401181 -0.04759389 -0.005893051 0.0023579 -0.02399206 -0.08580976 0.006786465 -0.02330189 -0.08617448 0.006857991 -0.02490562 -0.08398348 0.005407154 -0.02719861 -0.08284634 0.0023579 -0.02399206 -0.08580976 0.006857991 -0.02490562 -0.08398348 0.0023579 -0.02399206 -0.08580976 0.00586307 -0.02125298 -0.08877229 0.006786465 -0.02330189 -0.08617448 0.0023579 -0.02399206 -0.08580976 0.00456506 -0.01934534 -0.0913701 0.00586307 -0.02125298 -0.08877229 0.0023579 -0.02399206 -0.08580976 0.002433896 -0.01818853 -0.09274947 0.00456506 -0.01934534 -0.0913701 0.0023579 -0.02399206 -0.08580976 -6.96672e-4 -0.01735627 -0.09372383 0.002433896 -0.01818853 -0.09274947 -6.96672e-4 -0.01735627 -0.09372383 0.0023579 -0.02399206 -0.08580976 -0.002682983 -0.01713281 -0.09388655 -0.001233875 -0.02399206 -0.08589023 -0.002682983 -0.01713281 -0.09388655 0.0023579 -0.02399206 -0.08580976 -0.001233875 -0.02399206 -0.08589023 -0.00466752 -0.02376854 -0.08580976 -0.002682983 -0.01713281 -0.09388655 -0.00466752 -0.01697099 -0.09404838 -0.002682983 -0.01713281 -0.09388655 -0.00466752 -0.02376854 -0.08580976 0.006706058 -0.002090454 -0.04206645 0.004716992 -0.001253724 -0.03420782 0.006706058 -0.01124799 -0.0382511 0.006706058 -0.01124799 -0.0382511 0.004716992 -0.001253724 -0.03420782 0.003956258 -0.01262825 -0.03107815 0.004716992 -0.001253724 -0.03420782 0.006706058 -0.002090454 -0.04206645 0.006706058 0.006074786 -0.04359871 0.004716992 -0.001253724 -0.03420782 0.006706058 0.006074786 -0.04359871 0.005031704 0.009738147 -0.0382511 0.005031704 0.009738147 -0.0382511 0.006706058 0.006074786 -0.04359871 0.005944371 0.01034963 -0.04252326 0.005944371 0.01034963 -0.04252326 0.004950344 0.01325136 -0.04046362 0.005031704 0.009738147 -0.0382511 0.005792438 -0.04706555 -0.006197929 0.00410825 -0.0394358 -0.003214836 0.005944371 -0.04195225 -6.98408e-4 0.005944371 -0.04300707 0.007317543 0.005944371 -0.04195225 -6.98408e-4 0.00410825 -0.0394358 -0.003214836 -0.001233875 0.0138601 -0.01817584 -0.001233875 0.01538699 -0.01848071 -0.001157939 0.01240926 -0.03229749 -0.001233875 0.01538699 -0.01848071 -0.001233875 0.01675742 -0.01909482 -0.001157939 0.01240926 -0.03229749 -0.001157939 0.01240926 -0.03229749 -0.001233875 0.01675742 -0.01909482 -0.001233875 0.01790344 -0.02023547 -0.001157939 0.01240926 -0.03229749 -0.001233875 0.01790344 -0.02023547 -0.001233875 0.01844161 -0.02229779 -0.001157939 0.01240926 -0.03229749 -0.001233875 0.01844161 -0.02229779 -0.001157939 0.01866507 -0.03588753 -0.001233875 0.0138601 -0.01817584 -0.001157939 0.01240926 -0.03229749 -0.001233875 -0.004231452 -0.01817584 -0.001233875 -0.004231452 -0.01817584 -0.001157939 0.01240926 -0.03229749 -0.001076579 -0.004079461 -0.0321455 0.00548762 -0.03833979 -0.06886422 0.005183637 -0.03850251 -0.06579977 0.005254268 -0.04016613 -0.06695652 0.005183637 -0.03850251 -0.06579977 0.00548762 -0.03833979 -0.06886422 0.006634533 -0.03598606 -0.06892496 0.00548762 -0.03833979 -0.06886422 0.006857991 -0.02490562 -0.08398348 0.006634533 -0.03598606 -0.06892496 0.005407154 -0.02719861 -0.08284634 0.006857991 -0.02490562 -0.08398348 0.00548762 -0.03833979 -0.06886422 -0.01657575 -0.1074416 -0.001611113 -0.01672863 -0.1109315 -0.002524673 -0.01596248 -0.1082533 0.003968834 -0.01596248 -0.1200238 0.003968834 -0.01596248 -0.1082533 0.003968834 -0.01672863 -0.1109315 -0.002524673 -0.01672863 -0.1173447 -0.002524673 -0.01596248 -0.1200238 0.003968834 -0.01672863 -0.1109315 -0.002524673 -0.01672863 -0.1173447 -0.002524673 -0.01672863 -0.1109315 -0.002524673 -0.0177173 -0.1173447 -0.009018301 -0.01672863 -0.1109315 -0.002524673 -0.0177173 -0.1109315 -0.009018301 -0.0177173 -0.1173447 -0.009018301 -0.01672863 -0.1173447 -0.002524673 -0.01657575 -0.1207542 -0.001611113 -0.01596248 -0.1200238 0.003968834 -0.0177173 -0.1109315 -0.009018301 -0.01810348 -0.1109315 -0.01588827 -0.0177173 -0.1173447 -0.009018301 -0.01810348 -0.1109315 -0.01588827 -0.01810348 -0.1173447 -0.01588827 -0.0177173 -0.1173447 -0.009018301 -0.0177173 -0.1173447 -0.02298527 -0.01810348 -0.1173447 -0.01588827 -0.01810348 -0.1109315 -0.01588827 -0.0177173 -0.1109315 -0.02298527 -0.0177173 -0.1173447 -0.02298527 -0.01810348 -0.1109315 -0.01588827 -0.0177173 -0.1173447 -0.02298527 -0.0177173 -0.1109315 -0.02298527 -0.01672863 -0.1173447 -0.02932155 -0.0177173 -0.1109315 -0.02298527 -0.01672863 -0.1109315 -0.02932155 -0.01672863 -0.1173447 -0.02932155 -0.01672863 -0.1173447 -0.02932155 -0.01672863 -0.1109315 -0.02932155 -0.01596248 -0.1200238 -0.03573465 -0.01672863 -0.1109315 -0.02932155 -0.01596248 -0.1082533 -0.03573465 -0.01596248 -0.1200238 -0.03573465 -0.01672863 -0.1109315 -0.02932155 -0.01657575 -0.1074416 -0.03023785 -0.01596248 -0.1082533 -0.03573465 -0.01657575 -0.1207542 -0.03023785 -0.01672863 -0.1173447 -0.02932155 -0.01596248 -0.1200238 -0.03573465 -0.01306521 -0.1173447 -0.01588827 -0.0177173 -0.1173447 -0.009018301 -0.01810348 -0.1173447 -0.01588827 -0.0177173 -0.1173447 -0.009018301 -0.01306521 -0.1173447 -0.01588827 -0.01306521 -0.1173447 -0.002524673 -0.01672863 -0.1173447 -0.002524673 -0.0177173 -0.1173447 -0.009018301 -0.01306521 -0.1173447 -0.002524673 -0.01672863 -0.1173447 -0.002524673 -0.01306521 -0.1173447 -0.002524673 -0.01657575 -0.1207542 -0.001611113 -0.01306521 -0.1173447 -0.002524673 -0.01306521 -0.1207542 -0.001530647 -0.01657575 -0.1207542 -0.001611113 -0.0177173 -0.1173447 -0.02298527 -0.01306521 -0.1173447 -0.01588827 -0.01810348 -0.1173447 -0.01588827 -0.01306521 -0.1173447 -0.02932155 -0.01306521 -0.1173447 -0.01588827 -0.0177173 -0.1173447 -0.02298527 -0.01672863 -0.1173447 -0.02932155 -0.01306521 -0.1173447 -0.02932155 -0.0177173 -0.1173447 -0.02298527 -0.01306521 -0.1173447 -0.02932155 -0.01672863 -0.1173447 -0.02932155 -0.01657575 -0.1207542 -0.03023785 -0.01306521 -0.1207542 -0.03023785 -0.01306521 -0.1173447 -0.02932155 -0.01657575 -0.1207542 -0.03023785 -0.01306521 -0.1207542 -0.001530647 -0.01306521 -0.1199425 0.003888368 -0.01596248 -0.1200238 0.003968834 -0.01657575 -0.1207542 -0.001611113 -0.01306521 -0.1207542 -0.001530647 -0.01596248 -0.1200238 0.003968834 -0.01306521 -0.1082533 0.003888368 -0.01596248 -0.1082533 0.003968834 -0.01596248 -0.1200238 0.003968834 -0.01306521 -0.1199425 0.003888368 -0.01306521 -0.1082533 0.003888368 -0.01596248 -0.1200238 0.003968834 -0.01596248 -0.1082533 0.003968834 -0.01306521 -0.1082533 0.003888368 -0.01306521 -0.1074416 -0.001530647 -0.01657575 -0.1074416 -0.001611113 -0.01596248 -0.1082533 0.003968834 -0.01306521 -0.1074416 -0.001530647 -0.01657575 -0.1074416 -0.001611113 -0.01306521 -0.1074416 -0.001530647 -0.01306521 -0.1110129 -0.002524673 -0.01672863 -0.1109315 -0.002524673 -0.01657575 -0.1074416 -0.001611113 -0.01306521 -0.1110129 -0.002524673 -0.01672863 -0.1109315 -0.002524673 -0.01306521 -0.1110129 -0.002524673 -0.0177173 -0.1109315 -0.009018301 -0.01306521 -0.1110129 -0.002524673 -0.01306521 -0.1109315 -0.01588827 -0.0177173 -0.1109315 -0.009018301 -0.01306521 -0.1109315 -0.01588827 -0.01810348 -0.1109315 -0.01588827 -0.0177173 -0.1109315 -0.009018301 -0.0177173 -0.1109315 -0.02298527 -0.01810348 -0.1109315 -0.01588827 -0.01306521 -0.1109315 -0.01588827 -0.0177173 -0.1109315 -0.02298527 -0.01306521 -0.1109315 -0.01588827 -0.01306521 -0.1110129 -0.02932155 -0.01672863 -0.1109315 -0.02932155 -0.0177173 -0.1109315 -0.02298527 -0.01306521 -0.1110129 -0.02932155 -0.01672863 -0.1109315 -0.02932155 -0.01306521 -0.1110129 -0.02932155 -0.01657575 -0.1074416 -0.03023785 -0.01306521 -0.1110129 -0.02932155 -0.01306521 -0.1074416 -0.03023785 -0.01657575 -0.1074416 -0.03023785 -0.01306521 -0.1207542 -0.03023785 -0.01657575 -0.1207542 -0.03023785 -0.01596248 -0.1200238 -0.03573465 -0.01306521 -0.1199425 -0.03573465 -0.01306521 -0.1207542 -0.03023785 -0.01596248 -0.1200238 -0.03573465 -0.01596248 -0.1082533 -0.03573465 -0.01306521 -0.1082533 -0.03573465 -0.01306521 -0.1199425 -0.03573465 -0.01596248 -0.1200238 -0.03573465 -0.01596248 -0.1082533 -0.03573465 -0.01306521 -0.1199425 -0.03573465 -0.01596248 -0.1082533 -0.03573465 -0.01657575 -0.1074416 -0.03023785 -0.01306521 -0.1074416 -0.03023785 -0.01306521 -0.1082533 -0.03573465 -0.01596248 -0.1082533 -0.03573465 -0.01306521 -0.1074416 -0.03023785 0.007314801 -0.1207542 -0.001611113 0.007466793 -0.1173447 -0.002524673 0.006634533 -0.1200238 0.003968834 0.006634533 -0.1082533 0.003968834 0.006634533 -0.1200238 0.003968834 0.007466793 -0.1173447 -0.002524673 0.006634533 -0.1082533 0.003968834 0.007466793 -0.1173447 -0.002524673 0.007466793 -0.1109315 -0.002524673 0.007466793 -0.1173447 -0.002524673 0.008460819 -0.1109315 -0.009018301 0.007466793 -0.1109315 -0.002524673 0.007466793 -0.1173447 -0.002524673 0.008460819 -0.1173447 -0.009018301 0.008460819 -0.1109315 -0.009018301 0.007466793 -0.1109315 -0.002524673 0.007314801 -0.1074416 -0.001611113 0.006634533 -0.1082533 0.003968834 0.008765697 -0.1173447 -0.01588827 0.008460819 -0.1109315 -0.009018301 0.008460819 -0.1173447 -0.009018301 0.008765697 -0.1173447 -0.01588827 0.008765697 -0.1109315 -0.01588827 0.008460819 -0.1109315 -0.009018301 0.008390247 -0.1109315 -0.02298527 0.008765697 -0.1109315 -0.01588827 0.008765697 -0.1173447 -0.01588827 0.008390247 -0.1109315 -0.02298527 0.008765697 -0.1173447 -0.01588827 0.008390247 -0.1173447 -0.02298527 0.008390247 -0.1173447 -0.02298527 0.007466793 -0.1109315 -0.02932155 0.008390247 -0.1109315 -0.02298527 0.008390247 -0.1173447 -0.02298527 0.007466793 -0.1173447 -0.02932155 0.007466793 -0.1109315 -0.02932155 0.007466793 -0.1173447 -0.02932155 0.006634533 -0.1082533 -0.03573465 0.007466793 -0.1109315 -0.02932155 0.007466793 -0.1173447 -0.02932155 0.006634533 -0.1200238 -0.03573465 0.006634533 -0.1082533 -0.03573465 0.007466793 -0.1173447 -0.02932155 0.007314801 -0.1207542 -0.03023785 0.006634533 -0.1200238 -0.03573465 0.007314801 -0.1074416 -0.03023785 0.007466793 -0.1109315 -0.02932155 0.006634533 -0.1082533 -0.03573465 0.003803431 -0.1109315 -0.01588827 0.008460819 -0.1109315 -0.009018301 0.008765697 -0.1109315 -0.01588827 0.008460819 -0.1109315 -0.009018301 0.003803431 -0.1109315 -0.01588827 0.003803431 -0.1110129 -0.002524673 0.008460819 -0.1109315 -0.009018301 0.003803431 -0.1110129 -0.002524673 0.007466793 -0.1109315 -0.002524673 0.007314801 -0.1074416 -0.001611113 0.007466793 -0.1109315 -0.002524673 0.003803431 -0.1110129 -0.002524673 0.007314801 -0.1074416 -0.001611113 0.003803431 -0.1110129 -0.002524673 0.003803431 -0.1074416 -0.001530647 0.008390247 -0.1109315 -0.02298527 0.003803431 -0.1109315 -0.01588827 0.008765697 -0.1109315 -0.01588827 0.008390247 -0.1109315 -0.02298527 0.003803431 -0.1110129 -0.02932155 0.003803431 -0.1109315 -0.01588827 0.008390247 -0.1109315 -0.02298527 0.007466793 -0.1109315 -0.02932155 0.003803431 -0.1110129 -0.02932155 0.007314801 -0.1074416 -0.03023785 0.003803431 -0.1110129 -0.02932155 0.007466793 -0.1109315 -0.02932155 0.007314801 -0.1074416 -0.03023785 0.003803431 -0.1074416 -0.03023785 0.003803431 -0.1110129 -0.02932155 0.006634533 -0.1082533 0.003968834 0.007314801 -0.1074416 -0.001611113 0.003803431 -0.1074416 -0.001530647 0.006634533 -0.1082533 0.003968834 0.003803431 -0.1074416 -0.001530647 0.003803431 -0.1082533 0.003888368 0.003803431 -0.1199425 0.003888368 0.006634533 -0.1200238 0.003968834 0.006634533 -0.1082533 0.003968834 0.003803431 -0.1199425 0.003888368 0.006634533 -0.1082533 0.003968834 0.003803431 -0.1082533 0.003888368 0.006634533 -0.1200238 0.003968834 0.003803431 -0.1199425 0.003888368 0.003803431 -0.1207542 -0.001530647 0.006634533 -0.1200238 0.003968834 0.003803431 -0.1207542 -0.001530647 0.007314801 -0.1207542 -0.001611113 0.007314801 -0.1207542 -0.001611113 0.003803431 -0.1207542 -0.001530647 0.003803431 -0.1173447 -0.002524673 0.007314801 -0.1207542 -0.001611113 0.003803431 -0.1173447 -0.002524673 0.007466793 -0.1173447 -0.002524673 0.008460819 -0.1173447 -0.009018301 0.007466793 -0.1173447 -0.002524673 0.003803431 -0.1173447 -0.002524673 0.008460819 -0.1173447 -0.009018301 0.003803431 -0.1173447 -0.002524673 0.003803431 -0.1173447 -0.01588827 0.003803431 -0.1173447 -0.01588827 0.008765697 -0.1173447 -0.01588827 0.008460819 -0.1173447 -0.009018301 0.008390247 -0.1173447 -0.02298527 0.008765697 -0.1173447 -0.01588827 0.003803431 -0.1173447 -0.01588827 0.008390247 -0.1173447 -0.02298527 0.003803431 -0.1173447 -0.01588827 0.003803431 -0.1173447 -0.02932155 0.008390247 -0.1173447 -0.02298527 0.003803431 -0.1173447 -0.02932155 0.007466793 -0.1173447 -0.02932155 0.003803431 -0.1173447 -0.02932155 0.007314801 -0.1207542 -0.03023785 0.007466793 -0.1173447 -0.02932155 0.003803431 -0.1173447 -0.02932155 0.003803431 -0.1207542 -0.03023785 0.007314801 -0.1207542 -0.03023785 0.003803431 -0.1074416 -0.03023785 0.007314801 -0.1074416 -0.03023785 0.006634533 -0.1082533 -0.03573465 0.003803431 -0.1074416 -0.03023785 0.006634533 -0.1082533 -0.03573465 0.003803431 -0.1082533 -0.03573465 0.006634533 -0.1200238 -0.03573465 0.003803431 -0.1199425 -0.03573465 0.003803431 -0.1082533 -0.03573465 0.006634533 -0.1200238 -0.03573465 0.003803431 -0.1082533 -0.03573465 0.006634533 -0.1082533 -0.03573465 0.003803431 -0.1207542 -0.03023785 0.003803431 -0.1199425 -0.03573465 0.006634533 -0.1200238 -0.03573465 0.003803431 -0.1207542 -0.03023785 0.006634533 -0.1200238 -0.03573465 0.007314801 -0.1207542 -0.03023785 0.00456506 0.01325136 -0.02062165 0.00456506 0.01034963 -0.02062165 0.00456506 0.01325136 -0.03099948 0.00456506 0.01325136 -0.03099948 0.00456506 0.01034963 -0.02062165 0.00456506 0.01034963 -0.03099948 0.00456506 0.01034963 -0.02062165 0.002966701 0.009814143 -0.01985555 0.00456506 0.01034963 -0.03099948 0.00456506 0.01034963 -0.03099948 0.002966701 0.009814143 -0.01985555 0.002966701 0.009814143 -0.03222149 0.00456506 0.01325136 -0.02062165 0.002966701 0.0138601 -0.01985555 0.00456506 0.01034963 -0.02062165 0.00456506 0.01034963 -0.02062165 0.002966701 0.0138601 -0.01985555 0.002966701 0.009814143 -0.01985555 0.00456506 0.01325136 -0.02062165 0.00456506 0.01325136 -0.03099948 0.002966701 0.0138601 -0.01985555 0.002966701 0.0138601 -0.01985555 0.00456506 0.01325136 -0.03099948 0.002966701 0.0138601 -0.03222149 0.00456506 0.01034963 -0.03099948 0.002966701 0.009814143 -0.03222149 0.00456506 0.01325136 -0.03099948 0.00456506 0.01325136 -0.03099948 0.002966701 0.009814143 -0.03222149 0.002966701 0.0138601 -0.03222149 0.005640447 -0.1492227 -0.04787087 0.005640447 -0.1474366 -0.04794144 0.006249248 -0.1500344 0.006850898 0.006249248 -0.1500344 0.006850898 0.005640447 -0.1474366 -0.04794144 0.006401181 -0.1427291 0.006850898 0.006401181 -0.1427291 0.006850898 0.005640447 -0.1474366 -0.04794144 0.005640447 -0.1428909 -0.0480228 -0.01565766 -0.1427291 0.006850898 -0.01550573 -0.1500344 0.006850898 -0.01741337 -0.1555545 0.0137307 -0.01550573 -0.1500344 0.006850898 -0.01542973 -0.1544173 0.006850898 -0.01741337 -0.1555545 0.0137307 0.003956258 -0.1503589 -0.05015397 0.005640447 -0.1474366 -0.04794144 0.005640447 -0.1492227 -0.04787087 0.005640447 -0.1505216 -0.04778951 0.003956258 -0.1503589 -0.05015397 0.005640447 -0.1492227 -0.04787087</float_array>
          <technique_common>
            <accessor source="#_018-mesh-positions-array" count="6981" stride="3">
              <param name="X" type="float"/>
              <param name="Y" type="float"/>
              <param name="Z" type="float"/>
            </accessor>
          </technique_common>
        </source>
        <source id="_018-mesh-normals">
          <float_array id="_018-mesh-normals-array" count="4434">-0.0654332 0 0.997857 -0.0654636 0 0.997855 -0.221749 0 0.9751039 -0.4069991 0 0.9134286 -0.4155492 -0.003692805 0.9095633 0.0654636 0 0.997855 0.0654332 0 0.997857 0.2303302 0 0.9731126 0.38637 0 0.9223439 0.3464266 0 0.9380772 0.4934052 0 0.8697996 0.5265133 0 0.850167 0.4934284 0 0.8697865 0.6456316 0 0.763649 0.7442979 0 0.6678478 0.8226611 0 0.5685322 0.8382357 0.005188226 0.5452835 0.850247 0 0.5263841 0.928769 0 0.3706591 0.9150033 0.01431357 0.4031924 0.9660741 0.01510679 0.2578232 0.8502978 -0.01870828 0.5259693 0.9751515 0 0.2215393 0.9935347 0 0.1135293 0.9971013 0 -0.07608503 0.9740289 0 -0.2264239 0.9328452 0 -0.3602774 0.8763938 0 -0.4815954 0.7359001 0 -0.6770903 0.6749407 0 -0.7378721 0.5104238 0 -0.859923 0.4102403 0 -0.9119775 0.2138498 0 -0.9768666 0.2540081 0 -0.9672022 0.2138199 0.01745718 -0.9767172 0.1671846 0 -0.9859256 0.1091666 0.01257383 -0.993944 0.05368322 0.001617491 -0.9985567 0.0421167 0 -0.9991127 -0.06586062 0 -0.9978289 -0.4933098 0 0.8698538 -0.6765493 0 0.7363975 -0.4145087 0 0.9100453 -0.4109127 8.24023e-4 0.9116744 -0.7442979 0 0.6678478 -0.857051 0 0.5152317 -0.8570376 0 0.5152541 -0.9295839 0 0.3686107 -0.9818643 0 0.1895853 -0.9975269 0 0.07028615 -0.9939124 0 -0.1101736 -0.9626207 0 -0.2708534 -0.9660986 -0.002929747 -0.2581573 -0.9950879 0.02761924 -0.09506529 -0.9559972 0 -0.2933759 -0.9176499 0 -0.3973899 -0.8316981 0 -0.5552284 -0.7456387 0 -0.6663505 -0.6246988 0 -0.7808659 -0.5417521 0 -0.8405383 -0.3735839 0 -0.9275964 -0.2218427 0 -0.9750825 0 1 0 0 -1 0 0.8715406 0 -0.4903236 0.7409116 0 -0.6716027 0.6377558 0 -0.7702387 0.931326 0 -0.3641864 0.9753462 0 -0.2206805 0.6705049 0.01263487 -0.7417976 0.4707953 0.02478188 -0.8818944 0.5266068 0 -0.8501091 0.4056004 0 -0.9140505 0.4145066 -0.003173947 -0.9100408 0.3888414 0 -0.9213048 0.2353624 0 -0.9719077 0.07681548 0 -0.9970454 0.9985167 0 -0.05444568 0.9988871 -0.002075254 -0.04712134 0.9962904 0.003784298 0.08597177 0.9970852 0 0.0762974 0.9644513 0 0.2642613 0.9626159 0.002319455 0.2708606 0.9677358 0 0.2519672 0.9123864 0 0.4093302 0.8242316 0 0.566253 0.7540363 0 0.6568328 0.6468871 0 0.7625858 0.5300867 0 0.8479434 0.3441067 0 0.9389306 0.3441336 0 0.9389207 0.2353624 0 0.9719077 0.0767548 0 0.99705 -0.07364124 0 0.9972848 -0.07849574 -5.79867e-4 0.9969143 -0.07681548 0 0.9970454 -0.0767548 0 -0.99705 -0.2573074 0 -0.9663297 -0.3097382 0 -0.950822 -0.5284921 0 -0.8489382 -0.6242744 0 -0.7812052 -0.7527128 0 -0.658349 -0.8716612 0 -0.4901092 -0.8285607 0.009979665 -0.5598104 -0.8449047 0 -0.5349171 -0.924752 0 -0.3805702 -0.9219542 0.002838253 -0.3872885 -0.9637151 -0.003082334 -0.2669153 -0.8200479 -0.02438473 -0.5717751 -0.9665009 0 -0.2566634 -0.9958391 0 -0.09113007 -0.9989767 0 0.04522907 -0.9753462 0 0.2206805 -0.9244865 0 0.3812149 -0.859391 0 0.5113192 -0.7735058 0 0.6337894 -0.635381 0 0.7721989 -0.5294475 0 0.8483428 -0.3853608 0 0.9227661 -0.3891548 0.001129209 0.9211717 -0.2458587 0.01095616 0.9692438 -0.2731487 0 0.9619718 0.8662567 0 0.4995992 -0.01550376 -0.9995667 0.02502578 -0.01501542 -0.9995364 0.02649068 -0.01260441 -0.9995374 0.02768099 -0.8763938 0 -0.4815954 -0.8938359 0.03482198 -0.44704 -0.4178366 0 0.9085223 0.02752804 -0.9995569 0.01132249 0.02783358 -0.9995374 0.01226872 0.02594131 -0.9995346 0.01605308 0.02487272 -0.9995493 0.01681578 0.478753 0.03125154 -0.8773934 0.461761 0.01370328 -0.8868985 0.1418229 0 -0.9898921 -0.03024464 -0.99954 -0.002288937 -0.03103828 -0.9995124 -0.003418147 -0.03018361 -0.9995084 -0.008484363 -0.1655375 0.04025512 0.9853816 -0.1216492 0 0.9925733 -0.9790872 0 -0.2034411 0.008179008 -0.9995515 -0.02880972 0.007721364 -0.9995365 -0.02945107 0.006744682 -0.9995021 -0.0308243 0.002563595 -0.9995421 -0.03015315 0.005249261 -0.9995045 -0.03103804 0.002349913 -0.9995444 -0.03009128 0.9792708 0 0.2025561 0.9849167 0.02993935 0.1704193 -0.9990015 0 -0.04467946 -0.9678235 0 -0.2516304 -0.9178997 0 -0.3968124 -0.8578616 0 -0.5138808 -0.7651708 0 -0.6438275 -0.6486197 0 -0.7611126 -0.9990015 0 0.04467946 -0.9678235 0 0.2516304 -0.9179919 0 0.3965991 -0.8578616 0 0.5138808 -0.7651708 0 0.6438275 -0.648602 0 0.7611277 -0.6486197 0 0.7611126 -0.5100367 0 0.8601527 -0.38869 0 0.9213687 -0.24971 0 0.9683207 -0.1021775 0 0.9947662 -0.07413119 0.6882696 0.7216576 -0.06231981 0.6766676 0.7336466 -0.1838768 0.6765444 0.7130757 -0.1663315 0.6541255 0.7378711 -0.2929519 0.6572268 0.6944295 -0.2901453 0.6525599 0.6999866 -0.3865516 0.6523706 0.6519129 -0.4904178 0.6544601 0.5754757 -0.3862197 0.6515531 0.6529265 -0.4888919 0.6463726 0.5858219 -0.08462899 0 0.9964126 -0.2198927 0 0.9755241 -0.3829223 0 0.9237806 -0.5091179 0 0.8606968 -0.6407216 0 0.7677733 -0.7753723 0 0.6315045 -0.5827383 0.6596473 0.4746384 -0.5829505 0.6477432 0.4905074 -0.6471412 0.6564498 0.3876621 -0.6490568 0.6468899 0.4003234 -0.6983186 0.6490905 0.3017166 -0.6904741 0.6683474 0.2766901 -0.7217213 0.6662676 0.1876329 -0.7132121 0.6798542 0.1706655 -0.7330582 0.6793759 0.03277701 -0.7614504 0.6442572 0.07159769 -0.7629697 0.6455333 -0.03411996 -0.7274269 0.6825636 -0.07040792 -0.7062718 0.6837182 -0.1836025 -0.727353 0.6650948 -0.1691348 -0.6830593 0.6680131 -0.2952772 -0.7064336 0.6486297 -0.2832509 -0.6538146 0.6474055 -0.3916539 -0.6419118 0.6568357 -0.3956213 -0.5753427 0.6592698 -0.4840911 -0.5908256 0.647317 -0.481566 -0.4946938 0.6467734 -0.5804846 -0.4431756 0.6842195 -0.5791711 -0.3721834 0.6837555 -0.6276609 -0.4174737 0.6503056 -0.6346797 -0.294942 0.6523579 -0.6981679 -0.389155 0 -0.9211723 -0.5100367 0 -0.8601527 -0.2885595 0.6573237 -0.6961746 -0.1882135 0.655497 -0.7313683 -0.1618427 0.6769744 -0.7179921 -0.03784394 0.6750872 -0.7367668 -0.06372392 0.6520411 -0.7555009 -0.7751526 0 -0.6317742 -0.8512976 0 -0.5246831 -0.9281734 0 -0.3721483 -0.9281629 0 -0.3721746 -0.9740154 0 -0.2264818 -0.9953506 0 -0.0963183 -0.995607 0 0.0936309 -0.9725401 0 0.2327358 -0.928245 0 0.3719694 -0.8511329 0 0.5249503 0.3155044 0 -0.9489241 0.8160942 0 -0.5779192 0.8348135 0.001739561 -0.5505301 0.9999979 0.002075314 0 0.8960328 2.13632e-4 0.4439879 0.8109861 0.003906428 0.5850526 0.7174972 0 0.6965614 0.3015871 0 0.9534386 -0.993545 0 -0.113439 -0.6123695 0 -0.7905716 0 0 -1 0.6116647 0 -0.7911172 -0.2488489 -0.002502501 -0.9685391 -0.2253498 0 -0.9742779 -0.07681524 -0.002563536 -0.9970421 -0.05127251 0 -0.9986848 -0.2396047 0 -0.9708706 -0.1728909 0.007385611 -0.9849133 -0.657103 0.01260429 -0.7536954 -0.752728 0 -0.6583318 -0.6626667 -3.66232e-4 -0.7489144 -0.7651707 -3.05189e-4 -0.6438274 -0.754321 0 -0.6565059 -0.9678309 0 -0.2516019 -0.9678309 0 0.2516019 -0.3892696 0 0.9211239 -0.2493371 0 0.9684168 -0.22584 -4.57784e-4 0.9741643 -0.05127251 -4.5779e-4 0.9986847 0.2492226 -0.9684463 0 0.7077779 -0.706435 0 0.9581215 -0.2863622 0 1 0 0 0.9828691 0.1843051 0 0.578527 0.8156633 0 0.2954517 0.9553578 0 0 -0.99567 -0.0929597 0 -0.9956728 -0.09292942 0.02288901 -0.9959179 -0.08731406 -0.02282804 -0.9959193 -0.08731418 0 -0.9972824 -0.07367378 0 -0.9972802 -0.07370418 0 -0.9906764 -0.1362367 0 -0.9906805 -0.1362067 0 -0.9982458 -0.05920684 0 -0.9982493 -0.05914598 0 -0.9983806 -0.0568881 0 -0.9948099 -0.1017516 0 -0.9947569 -0.1022681 0 -0.9986958 -0.05105787 0 -0.9935067 -0.1137738 0 -0.9935033 -0.1138039 0 -0.9931881 -0.1165225 0 -0.9931846 -0.1165526 0 -0.9977496 -0.06704968 0 -0.9977518 -0.06701928 0 -0.9950749 -0.09912598 0 -0.9950689 -0.09918642 0 -0.9912546 -0.1319638 0 -0.9912467 -0.1320238 0 -1 3.05185e-5 0.02438509 -0.948639 -0.3154194 -0.07278901 -0.9466237 0.3140152 0.9990015 0 -0.04467946 0.96795 0 -0.2511433 0.9167078 0 -0.3995584 0.8590267 0 -0.5119307 0.7651708 0 -0.6438275 0.6486197 0 -0.7611126 0.9990015 0 0.04467946 0.96795 0 0.2511433 0.9168006 0 0.3993454 0.8590267 0 0.5119307 0.7651708 0 0.6438275 0.648602 0 0.7611277 0.6486197 0 0.7611126 0.5100367 0 0.8601527 0.3889041 0 0.9212783 0.2495881 0 0.9683521 0.1021171 0 0.9947724 0.07407045 0.6882727 0.7216609 0.06225901 0.6766701 0.7336494 0.1837883 0.6765559 0.7130877 0.2930172 0.6575415 0.6941038 0.16636 0.6543005 0.7377095 0.3865516 0.6523706 0.6519129 0.2899932 0.652561 0.7000488 0.3861263 0.6513363 0.653198 0.4905702 0.6541852 0.5756586 0.4894089 0.6480792 0.5835002 0.08456838 0 0.9964177 0.2200089 0 0.9754979 0.3827076 0 0.9238696 0.5088702 0 0.8608433 0.6426487 0 0.766161 0.796703 0 0.6043711 0.5802989 0.6851947 0.4401836 0.581702 0.649669 0.4894415 0.6264957 0.6841768 0.3733704 0.6348093 0.6426834 0.4289236 0.6991928 0.646822 0.3045502 0.6895281 0.6705144 0.2737908 0.7198851 0.6684908 0.186777 0.7130522 0.6793895 0.1731663 0.7334102 0.6789943 0.03280824 0.7614864 0.6442619 0.07117092 0.7629697 0.6455333 -0.03411996 0.7278308 0.6821736 -0.07001191 0.7066829 0.6833659 -0.1833316 0.7246575 0.6675553 -0.1710013 0.6804595 0.6700829 -0.2965871 0.7092094 0.6462479 -0.2817549 0.656201 0.645336 -0.3910776 0.6037567 0.6850592 -0.4076418 0.5582285 0.6839375 -0.469692 0.6066342 0.6480185 -0.4605073 0.4937717 0.648413 -0.5794394 0.4447268 0.6839674 -0.5782791 0.3722732 0.6835691 -0.6278105 0.4172649 0.6503132 -0.6348092 0.2950881 0.6523739 -0.6980913 0.3893582 0 -0.9210864 0.2883146 0.6576271 -0.6959896 0.1880899 0.6556749 -0.7312405 0.2490934 0 -0.9684795 0.1619354 0.6769792 -0.7179666 0.03781342 0.675088 -0.7367675 0.06369352 0.6520425 -0.7555025 0.6096297 0 -0.7926865 0.5492796 0 -0.8356387 0.3827076 0 -0.9238696 0.2200089 0 -0.9754979 0.08398753 0 -0.9964669 0.3893338 0.01269596 -0.9210093 0.6573534 0.01367259 -0.7534584 0.5100367 0 -0.8601527 0.05124205 0 0.9986863 0.1021164 -0.003814816 0.9947652 0.9954067 0 -0.09573799 0.9732642 0 -0.2296891 0.9293414 0 -0.3692218 0.828768 0 -0.5595924 0.9956611 0 0.09305328 0.9717524 0 0.2360026 0.9294167 0 0.3690322 0.8285974 0 0.559845 0.7964926 0 -0.6046483 -1 0 0 -0.8160161 0 -0.5780292 -0.3154494 0 -0.9489425 -0.8159669 0 0.5780987 -0.8958694 0.008209705 0.4442418 -0.7174972 0 0.6965614 -0.3015316 0 0.9534562 0.993545 0 -0.113439 0.2490999 -0.00250256 -0.9684746 0.225566 0 -0.9742279 0.07675457 -0.002563536 -0.9970468 0.05124205 0 -0.9986863 0.1727371 0 -0.984968 0.2392373 0.008179008 -0.9709268 0.6573802 0.01257383 -0.7534542 0.752728 0 -0.6583318 0.6642199 0 -0.7475373 0.6486197 -3.96747e-4 -0.7611126 0.7526844 -3.66225e-4 -0.6583815 0.7636062 0 0.6456823 0.7651708 -3.05189e-5 0.6438275 0.6501503 -3.05192e-5 0.7598057 0.2260563 0 0.9741143 0.2495881 -4.57792e-4 0.968352 0.07678514 -4.57781e-4 0.9970477 0.02819919 0.9989368 -0.03646975 0.007263541 0.9991094 -0.0415672 0.008697867 0.999254 -0.03762996 0.003051817 0.9992093 -0.03964364 0 0.9991319 -0.04165846 -0.003051817 0.9992093 -0.03964364 -0.008697867 0.999254 -0.03762996 -0.02822971 0.998936 -0.03646975 -0.007294058 0.9991092 -0.0415672 -0.2490934 -0.9684795 0 -0.7077779 -0.706435 0 -0.9582762 -0.285844 0 -0.9828691 0.1843051 0 -0.5788308 0.8154478 0 -0.2953037 0.9554035 0 -0.607697 0 -0.794169 -0.5495554 0 -0.8354574 -0.3829223 0 -0.9237806 -0.2198927 0 -0.9755241 -0.08404809 0 -0.9964618 -0.5727248 0 0.8197478 0.6105629 0 0.7919678 -0.2492226 0 -0.9684463 -0.2488496 0 -0.9685421 -0.389155 3.05196e-5 -0.9211723 -0.2395737 0.0116887 -0.9708078 -0.5100095 0.0132454 -0.8600668 -0.6571423 0 -0.7537665 -0.3892696 3.0519e-5 0.9211239 -0.05127209 -0.003814876 0.9986776 0.2392382 0 -0.970961 0.1012608 -0.9947245 -0.01641899 0.1340102 -0.9825992 -0.1286083 0.6778872 -0.616239 -0.4008971 0.6806977 -0.5729348 -0.4565045 0.191326 -0.8053762 -0.561038 0.1529923 -0.8424495 -0.5165969 0.1232956 -0.9799862 -0.1562862 -0.04788494 -0.9780864 -0.2026184 0 -0.963591 -0.267381 0 -0.9999817 -0.006073236 0.02719295 -0.8436536 -0.536199 -0.03634893 -0.8915417 -0.451478 0.0466324 -0.9777861 -0.2043526 -0.10114 -0.9947368 -0.01641923 -0.1339465 -0.9825803 -0.1288194 -0.1257397 -0.980648 -0.1500636 -0.1570817 -0.8387561 -0.5213576 -0.1856791 -0.8112017 -0.5545043 -0.6561088 -0.6101464 -0.4441202 -0.6521092 -0.6500034 -0.3901913 0.03546357 -0.891564 -0.4515044 -0.02725368 -0.8430338 -0.5371697 -0.06604319 -0.8901799 -0.450797 0 -0.9331166 -0.3595741 0.06424403 -0.8902911 -0.4508375 0 -0.9866158 -0.1630626 0 -0.9926888 -0.1207023 0 -0.9927444 -0.1202439 0 -0.9927481 -0.1202138 0 -0.9922441 -0.1243051 0 -0.9922404 -0.1243352 0 -0.99765 -0.06851613 0 -0.997648 -0.06854653 0 -0.9969243 -0.07837206 0 -0.9969267 -0.07834172 0 -0.9953064 -0.09677475 0 -0.9953122 -0.09671431 0.3718109 0.4443236 -0.8150663 0.4377616 0.6013119 -0.6684227 0.1192083 0.3971168 -0.9099933 0.1023926 0.4209235 -0.9012987 0.6237206 0.5722042 -0.5324988 0.6436219 0.5446478 -0.5376893 0.8757748 0.4162799 -0.2443966 0.9249495 0.2814798 -0.2554163 0.9622186 0.2016423 -0.1829643 0.9704942 0.2100296 -0.118443 0.9996379 0.02011173 -0.01788389 0.9999255 -0.009125173 0.008118033 0.9999325 -0.01007133 0.005798637 0.999992 0.001525938 0.003692805 0.9999915 7.6298e-4 0.004059016 0.09872889 0.4205821 -0.9018666 0.1083734 0.4361487 -0.893325 0.8333677 -0.4410079 0.3331822 0.8353627 -0.3929 0.3844463 0.873278 -0.3689168 0.3182548 0.7824791 -0.5734233 0.2427183 0.9353023 -0.1012943 0.3390417 0.8116242 -0.574613 0.1052908 0.7040201 -0.6862884 0.1826582 0.3798102 -0.7959991 0.4713064 0.3246974 -0.8000395 0.5044882 0.1687082 -0.8402147 0.5153415 0.1601048 -0.7851119 0.5983026 0.1464605 -0.7858941 0.6007661 0.3757506 -0.7365774 0.5623747 0.361868 -0.7398198 0.5672022 0.121619 -0.833815 0.5384808 0.1414876 -0.9699349 0.1980094 0.3911363 -0.8969034 0.2063415 0.3827428 -0.9029446 0.1954457 0.1174064 -0.9686415 0.2189736 0.1711497 -0.9608255 -0.2179962 0.1370928 -0.9708202 -0.1967582 0.3968964 -0.893345 -0.210732 0.4365795 -0.8669942 -0.2402485 0.8534469 -0.494141 -0.1656903 0.7978372 -0.5525226 -0.2411945 -0.1174064 -0.9686415 0.2189736 -0.1449336 -0.970039 0.1949843 -0.1245478 -0.8335034 0.5382936 -0.1602573 -0.785081 0.5983023 -0.1687397 -0.8392124 0.5169619 -0.1464315 -0.7858716 0.6008027 -0.1709092 -0.9614863 -0.215254 -0.1403597 -0.9703714 -0.1966684 -0.3177972 -0.8003985 0.5082985 -0.3767266 -0.9071165 0.1876614 -0.3797521 -0.7960969 0.471188 -0.3756853 -0.7365691 0.5624293 -0.8728898 -0.3698055 0.3182884 -0.8422215 -0.3895839 0.372676 -0.8401867 -0.4338269 0.325393 -0.3682214 -0.7383351 0.5650436 -0.7494421 -0.5162715 0.4144882 -0.8082972 -0.3610099 0.4651104 -0.9463266 -0.2556254 0.1977922 -0.9340145 -0.1314468 0.3321727 -0.937521 -0.2730863 0.215588 -0.7977381 -0.3189549 0.5117439 -0.7820138 -0.5740587 0.242716 -0.8091237 -0.5756217 0.1182312 -0.7229331 -0.6670835 0.1799092 -0.8645194 -0.4800071 -0.1489951 -0.4286722 -0.5078694 0.7472007 -0.4333119 -0.5137301 0.7404879 -0.1644364 -0.5505324 0.8184587 -0.436539 -0.8687749 -0.2338035 -0.3961972 -0.8951212 -0.204416 -0.3911363 -0.8969034 0.2063415 -0.4538778 -0.1330016 0.8810821 -0.2277923 -0.1365411 0.9640888 -0.2277989 -0.1365451 0.9640867 -0.1962075 -0.08960419 0.9764599 -0.4337711 -0.0965631 0.8958337 -0.798404 -0.5518116 -0.2409464 -0.1695942 -0.5554159 0.8140952 -0.8528023 -0.07333797 0.5170589 -0.8006719 -0.216717 0.5585324 0 0.979766 -0.2001466 0 0.9959224 -0.09021377 0.5195946 0.8454208 -0.1236345 0.4768567 0.8664601 -0.1478332 0.8177914 0.5566389 -0.1461867 0.4951807 0.8413648 -0.2165672 0.5024116 0.7933233 -0.3438324 0.4078858 0.77216 -0.4872351 0.2944764 0.8510487 -0.434741 0.1785349 0.9836207 0.02481174 0.09378409 0.9849012 0.1455134 0.1377965 0.8590388 -0.4930157 0.03943061 0.9965095 0.07358151 0 0.9995087 0.03134334 0.08890086 0.8317251 -0.5480237 0.4729222 0.8646944 -0.1692582 0.7662733 0.5960684 -0.2398495 0.9288527 0.3466679 -0.1305918 0.937022 0.2793396 -0.2096648 0.9660517 0.2099714 -0.1505202 0.5985115 0.7642611 -0.2401859 0.2604198 0.9159098 -0.3054355 0.08560734 0.8316578 -0.54865 0 0.8714737 -0.4904423 0.2901732 0.7586987 -0.5832459 0.7462859 0.5356118 -0.395193 0.6306837 0.6183844 -0.4688698 0.746597 0.5357382 -0.3944332 0.1408442 0.7888501 -0.5982296 0 0.7958204 -0.6055328 -0.1408154 0.7890118 -0.5980229 -0.2904221 0.7589247 -0.582828 -0.2610929 0.9147864 -0.3082147 -0.6200574 0.7466508 -0.240918 -0.6506145 0.6060255 -0.4576397 -0.7522401 0.6134077 -0.2405532 -0.9283584 0.3505111 -0.1236631 -0.9375975 0.2771714 -0.2099691 -0.7345121 0.545444 -0.4037115 -0.9723203 0.1901059 -0.1358422 -0.8037831 0.5762932 -0.1477127 -0.7413007 0.5482085 -0.387222 -0.4765551 0.8665581 -0.148231 -0.4712852 0.8641347 -0.1765259 -0.5195323 0.8454188 -0.1239089 -0.4953917 0.8414213 -0.2158641 -0.501982 0.8038792 -0.3190491 -0.3981239 0.7794622 -0.4836694 -0.2944827 0.8507922 -0.4352386 -0.1783207 0.983648 0.02526944 -0.2690856 0.9566776 -0.1111805 -0.1376726 0.858905 -0.4932836 -0.05420148 0.9985164 -0.005218684 -0.08902496 0.831744 -0.547975 -0.0893284 0.8317585 -0.5479035 0.2128676 -0.01516777 -0.9769634 0.0223701 -0.03375357 -0.9991798 0.6832691 -0.02465969 -0.7297502 0.5769636 -0.01135307 -0.8166911 -0.02472013 -0.0202949 -0.9994885 0.07721358 -0.00927782 -0.9969714 -0.07867914 -0.00927788 -0.9968568 0.02472019 -0.02023392 -0.9994897 -0.2129308 -0.01559519 -0.9769428 -0.02240055 -0.03381454 -0.9991771 -0.6910732 -0.02578854 -0.7223247 -0.5665942 -0.01016294 -0.8239344 0.9979482 0.0639683 0.002746701 0.9984125 0.05481284 0.01297074 0.9986299 0.05020308 0.01477098 0.9985457 0.03869783 0.03753817 0.9983435 0.005371332 0.05728447 0.9975731 0.04577839 0.05246204 0.9976496 0.05182194 0.044833 0.9980815 0.01586967 0.05984699 0.9979925 -0.03943014 0.04956239 0.999156 -0.02041709 0.03564596 0.9993029 0.004852414 0.03701907 0.9860042 -0.06582921 0.1531743 0.984732 0.08304268 0.1529927 0.9927901 0.1194217 -0.01031547 0.9658184 0.1005921 -0.2389062 0.9832839 0.0589317 -0.1722784 0.9831748 0.05877989 -0.1729521 0.9538078 -0.02826046 -0.2990854 0.9719999 0.2311204 -0.0424214 0.8763317 0.4816253 -0.008942127 0.8580626 0.5134031 0.01208579 0.8274164 0.5615603 -0.005676627 0.844163 0.5349723 -0.0345478 0.8158367 0.578276 -0.002746701 0.9955494 -0.04358065 0.0835601 0.9968686 5.4934e-4 0.07907438 0.9842039 0.08218735 0.1568061 0.9998332 0.01803672 -0.002868771 0.9996967 1.22074e-4 0.02462846 0.9757171 -0.21824 0.01864695 0.9933357 -0.04605329 0.1056571 0.9942654 -0.04715263 0.09598392 0.9942659 -0.0471512 0.095981 0.9971269 -0.00375384 0.07565736 0.9978163 0.05868786 -0.03030526 0.9990177 0.04431396 -4.2727e-4 0.9861866 0.1040083 0.1289117 0.5770238 0.003326535 -0.8167206 0.7357 -0.0350362 -0.6764008 0.7454023 0.1346815 -0.6528679 0.7550681 0.01586979 -0.6554544 0.8245269 0.006256341 -0.5657883 0.8307378 -0.07257509 -0.5519127 0.7895261 -0.0561549 -0.6111426 0.7680439 -0.305832 -0.5626503 0.7494304 -0.2976541 -0.5914018 0.7205348 -0.4614548 -0.5175802 0.7315982 -0.4482 -0.5136935 0.7302344 -0.5596623 -0.3918368 0.8053487 -0.5137654 -0.295734 0.3396146 0.001953184 -0.9405627 0.3434616 0.002594113 -0.9391632 0.08468925 0.002777159 -0.9964036 0.1266852 0.008697926 -0.9919049 0.08456897 -0.05716264 -0.9947767 0.08011174 -0.05591034 -0.9952167 0.08819925 -0.10648 -0.9903954 0.04800599 -0.1322072 -0.990059 0.1061134 -0.4966307 -0.8614511 0.1668803 -0.437313 -0.8836902 0.1924232 -0.6429166 -0.7413714 0.1811941 -0.6521707 -0.7360993 0.1826586 -0.8280526 -0.5300611 0.1600129 -0.8400144 -0.518432 0.1600088 -0.8400234 -0.5184188 0.3392469 -0.04702943 -0.9395211 0.3529244 -0.04123145 -0.934743 0.3621041 -0.1149638 -0.9250211 0.3593908 -0.1172537 -0.9257915 0.399802 -0.4113078 -0.8191364 0.4188148 -0.3859457 -0.8219733 0.4396325 -0.5956174 -0.6722822 0.4373126 -0.5984551 -0.6712744 0.4402666 -0.7640729 -0.4715486 0.4098144 -0.7905438 -0.4550746 -0.18693 -0.8273751 -0.5296299 -0.1637968 -0.839493 -0.5180947 -0.1853159 -0.6487888 -0.7380591 -0.1924232 -0.6429166 -0.7413714 -0.1673356 -0.4405416 -0.8819988 -0.1087083 -0.4964817 -0.8612133 -0.04919672 -0.1321476 -0.9900085 -0.09027445 -0.1064494 -0.9902117 -0.08197361 -0.05587995 -0.9950668 -0.08636969 -0.05710166 -0.9946254 -0.08648967 0.002777159 -0.996249 -0.1293695 0.008667349 -0.9915586 -0.3437333 0.002594053 -0.9390637 -0.3398328 0.001953184 -0.9404839 -0.3394656 -0.04699963 -0.9394436 -0.5771138 0.003326535 -0.8166571 -0.7357 -0.0350362 -0.6764008 -0.7456098 0.1347414 -0.6526184 -0.7554393 0.01120048 -0.6551229 -0.8077381 0.003784298 -0.5895295 -0.3529235 -0.04129236 -0.9347407 -0.3621041 -0.1149638 -0.9250211 -0.8135156 -0.06518864 -0.5778781 -0.790103 -0.05603259 -0.6104079 -0.7686361 -0.3055622 -0.5619879 -0.750043 -0.2973803 -0.5907626 -0.7211769 -0.4609978 -0.5170928 -0.7322266 -0.4477533 -0.5131874 -0.7308483 -0.5591155 -0.3914725 -0.8058939 -0.5131218 -0.2953662 -0.3593908 -0.1172537 -0.9257915 -0.4264751 -0.3847554 -0.8185856 -0.4003528 -0.4190001 -0.8149581 -0.4373126 -0.5984551 -0.6712744 -0.4471667 -0.586212 -0.675572 -0.4098144 -0.7905438 -0.4550746 -0.4402666 -0.7640729 -0.4715486 0.9999226 0.01187181 0.003723263 0.9999013 -0.002349972 -0.01385569 0.9915174 0.008789598 0.1296773 0.9915179 0.0087893 0.1296734 0.9999271 -0.004669368 -0.01113945 0.999924 -0.003662228 -0.01178032 0.9999218 -0.003936886 -0.01187181 0.7545 0.130043 -0.6432874 0.7718862 0.0875895 -0.6296982 0.7938069 0.1086181 -0.5983918 0.8526155 0.4363638 -0.2874605 0.8820052 0.328112 -0.3382444 0.909242 0.35531 -0.2168728 0.8738173 0.4857084 0.02304172 0.4366337 0.8986287 0.04263484 0.4219584 0.9065117 0.0137031 0.1731019 0.9846547 0.02215653 0.1389846 0.9164012 0.3753561 0.09845352 0.935675 0.3388499 0.09845632 0.9356713 0.3388596 0.2380526 0.9695759 -0.05704104 0.2565435 0.910873 -0.3232583 0.1770998 0.8675237 -0.4647994 0.4979606 0.7742257 -0.3906531 0.4630365 0.7565392 -0.4617853 0.1901348 0.7741815 -0.6037315 0.5086983 0.7189773 -0.4736009 0.4684679 0.6913182 -0.5501065 0.2518755 0.712045 -0.6554012 0.2206857 0.4272409 -0.8767915 0.1578136 0.3625655 -0.9184994 0.1450877 0.1915988 -0.9706903 0.1370316 0.2020071 -0.9697502 0.3491427 0.8687978 0.3511265 0.349691 0.8683678 0.3516442 0.8778588 0.4439041 0.179759 0.884419 0.4242184 0.19453 0.5009818 0.3270192 -0.8012962 0.3641213 0.1854634 -0.9126988 0.3632422 0.1804308 -0.9140568 0.3668745 0.184307 -0.9118301 -0.2617338 0.9095677 -0.3227725 -0.2253803 0.426773 -0.8758246 -0.1610799 0.3622009 -0.9180762 -0.2429314 0.9683686 -0.056979 -0.1729804 0.9845666 0.02658182 -0.1390742 0.9163273 0.3755034 -0.0984233 0.9356778 0.3388509 -0.3494113 0.8685689 0.3514255 -0.3496282 0.8683939 0.3516424 -0.4203427 0.9070344 0.02450698 -0.8778588 0.4439041 0.179759 -0.4341316 0.8993313 0.05227887 -0.8679562 0.4948022 0.04269587 -0.9090713 0.3429121 -0.2366448 -0.8869801 0.3215505 -0.3314692 -0.851022 0.4496667 -0.2712222 -0.506994 0.7265836 -0.463717 -0.5006697 0.3262518 -0.8018041 -0.7938069 0.1086181 -0.5983918 -0.3644021 0.1854361 -0.9125923 -0.7718862 0.0875895 -0.6296982 -0.7545 0.130043 -0.6432874 -0.9050722 0.4240924 -0.03146511 -0.8842286 0.4248253 0.1940706 -0.4571795 0.7529423 -0.4733548 -0.4978896 0.7738745 -0.3914388 -0.1807646 0.8668948 -0.4645616 -0.1940137 0.7737353 -0.6030692 -0.4617245 0.6947994 -0.5514203 -0.2571589 0.7110174 -0.6544644 -0.3671794 0.1843069 -0.9117074 -0.3635395 0.1803964 -0.9139454 -0.1481418 0.19151 -0.9702463 -0.1399312 0.2019159 -0.9693551 0.7009041 0.5828253 0.4111548 0.8565793 0.4345918 0.278212 0.8222275 0.3378515 0.4580376 0.8733304 0.4274179 0.2336836 0.8077861 0.2280405 0.5435801 0.3842936 0.4853415 0.785342 0.3820046 0.4875388 0.7850977 0.1561964 0.517084 0.8415623 0.1983758 0.1736246 0.9646251 0.2088413 0.160957 0.964613 0.05606323 0.4332159 0.8995449 0.03158771 0.8613542 0.5070219 0.1315366 0.8494333 0.5110395 0.2446739 0.8307073 0.5000602 0.4167402 0.7689017 0.4848896 0.1306538 0.7984502 0.5877133 0.3404145 0.7926831 0.5057387 0.4010909 0.7399824 0.5399558 0.07483243 0.781346 0.6195955 0.4319043 0.1666335 0.8863927 0.4166467 0.1884249 0.8893265 0.8429139 0.1411825 0.5191952 -0.203532 0.1611409 0.9657165 -0.2122312 0.1735022 0.9616937 -0.03225851 0.8613358 0.5070111 -0.1595223 0.5168683 0.8410707 -0.05725347 0.4331857 0.8994845 -0.134375 0.8490986 0.510857 -0.1334913 0.7992391 0.5860009 -0.0748021 0.7813478 0.619597 -0.4178059 0.1673665 0.8929876 -0.3823132 0.4874821 0.7849827 -0.4239463 0.1775318 0.8881173 -0.8504483 0.1182314 0.5126006 -0.8072841 0.2283114 0.5442118 -0.8217642 0.3381544 0.4586449 -0.3845702 0.4853135 0.7852239 -0.2448847 0.830667 0.5000239 -0.6994413 0.5845361 0.411217 -0.8514709 0.4417126 0.2826435 -0.4170787 0.7687544 0.4848319 -0.4028892 0.7425723 0.5350391 -0.8747455 0.4317572 0.2200139 -0.3411093 0.795352 0.5010586 0.02511709 0.9672991 0.2523919 0.01950156 0.9694949 0.2443345 0.01416081 0.705386 0.7086821 0 0.7276147 0.6859861 0 0.4089569 0.9125537 -0.006775259 0.426478 0.9044727 0.02597153 0.9995239 0.01666331 0.02545309 0.9995387 0.01657199 -0.002929806 0.1861042 0.9825257 0 0.1957815 0.9806475 0 0.005157709 0.9999868 -0.01461857 0 0.9998932 -0.02481156 0.01538133 0.9995738 -0.03894269 -0.01950186 0.9990512 0 0 1 -0.02523887 0.9995467 0.01641899 -0.02597159 0.9995259 0.01654124 -0.02511739 0.9670669 0.2532801 -0.0190742 0.9694884 0.244394 -0.01388621 0.7058474 0.7082279 0.006866812 0.4264159 0.9045011 0.002990841 0.1860747 0.9825311 0.01464909 6.10379e-5 0.9998927 0.02484279 0.01541227 0.9995726 0.03976625 -0.02142435 0.9989794 0.05792587 -0.03119087 0.9978336 0 -0.03317457 0.9994496 -0.03241115 0.06207567 0.997545 0.1065116 0.05337786 0.9928777 0 0.01019322 0.9999482 0.06180053 -0.001831114 0.9980869 0 0.2566634 0.9665009 -0.8190991 0.1472235 0.5544384 0 0.4215668 0.9067974 -0.8215754 0.2403382 0.5169638 0 0.5694862 0.822001 -0.831199 0.2970464 0.46997 -0.8456785 0.26173 0.4651079 0 0.4904423 0.8714737 0 0.2056674 0.9786219 0 0.7177529 0.6962979 -0.8310109 0.3992539 0.3873208 0 0.7860229 0.6181976 -0.05447655 0.8045142 0.5914298 -0.05221831 0.8950669 0.442864 0 0.8895158 0.4569046 0 0.8895034 0.4569287 -0.7988117 0.4952058 0.3415718 -0.8488337 0.3967511 0.3493851 -0.5337494 0.7490009 0.3925678 -0.7973217 0.4689625 0.3799371 0.8373557 0.1124328 0.5349714 0.819446 0.1471035 0.5539577 0.8219209 0.2401275 0.5165122 0.8315542 0.2967373 0.4695365 0 0.7505028 0.6608673 0.831354 0.3988912 0.386958 0.8491696 0.3963544 0.3490189 0.7992073 0.4947779 0.3412661 0.05447655 0.8045142 0.5914298 0.05221742 0.8953573 0.4422768 0 0.1587594 0.9873173 0.8459874 0.261487 0.4646827 0 0.8396152 0.5431817 0.01028501 0.8305856 0.556796 0.2441539 0.773785 0.5845046 0.554771 0.7367546 0.3865513 0.5547835 0.7367407 0.38656 0.7982357 0.4750349 0.3703533 -0.2809033 0.7630534 0.5821022 0 0.01092559 0.9999404 0.8027014 -0.004425168 0.5963648 0.8266139 0.01638883 0.5625309 0 0.02911472 0.9995761 -0.8401592 0.0157783 0.5421102 -0.8168424 -0.004852473 0.5768406 -0.8259153 0.0895133 0.5566429 -0.8370279 0.1125254 0.5354647 0.8164918 0.07050031 0.5730366 0.1053223 0.9943202 0.01532065 0 0.9504146 0.3109859 0 0.997727 0.06738591 -0.1053525 0.9943175 0.01529014 -0.03988778 0.01718193 -0.9990565 -0.4775604 0.04309272 -0.8775416 -0.1565936 0.09048914 -0.9835092 -0.8059512 0.325762 -0.4942891 -0.873594 0.4758011 -0.1022102 0 -0.03158724 -0.999501 0.0393393 0.01715183 -0.9990788 0.4787225 0.043154 -0.8769051 0.1565923 0.09057998 -0.983501 0.8058865 0.3261573 -0.4941342 0.8734298 0.4759779 -0.1027888 0.9999337 -0.002685666 0.01120054 0.9999216 0.002929806 -0.01217699 0.9999061 -3.66232e-4 -0.01370316 0.999895 -3.0519e-5 -0.0144965 0.9992163 -0.03958284 -2.74669e-4 0.9989934 0.04263567 -0.01394736 0.9990869 0 -0.04272598 0.9999535 0.009643971 -9.15569e-5 0.9999331 0.006958365 -0.009247303 0.9998978 0.008575856 -0.01144462 0.999917 0.008972465 -0.009247183 0.9996994 0.02322465 0.007873773 0.9999334 0.001586973 -0.01144468 0.9998788 -0.00326544 -0.01522874 0.9996523 -0.001342833 -0.02633792 0.9995705 -0.00613439 -0.02865767 0.4482631 0 -0.8939017 0.8837147 -0.008362233 -0.4679513 0.8890287 -3.96752e-4 -0.4578514 0.8837387 -0.005554437 -0.4679479 0.3228627 -0.0335406 -0.9458513 0.3229262 -0.02795577 -0.9460112 0.3078117 -0.01995921 -0.9512379 0.1006207 -0.02621567 -0.9945794 0.09457892 -0.02957308 -0.995078 0.2941149 -0.2956409 -0.9088965 0.09024429 -0.3003057 -0.9495643 0.1310791 -0.2404286 -0.9617757 0.1303487 -0.5459325 -0.8276273 0.04516834 -0.453179 -0.8902745 0.199626 -0.4445121 -0.8732459 0.2873043 -0.341872 -0.8947513 0.9001074 -0.2470542 -0.3588466 0.2893204 -0.287886 -0.9129158 0.7919705 -0.1976111 -0.577696 0.815023 -0.2661605 -0.5146808 0.02069181 -0.02871829 -0.9993734 0.02801674 -0.0249648 -0.9992957 0.02719277 -0.2424459 -0.9697838 0.0346083 -0.232828 -0.971902 0.01043748 -0.5475435 -0.8367122 0.05401813 -0.5085335 -0.8593462 -0.02124106 -0.0249949 -0.9994619 -0.02801674 -0.02844399 -0.9992027 -0.09830039 -0.02832126 -0.9947538 -0.09692758 -0.02749735 -0.9949116 -0.09247213 -0.3003056 -0.94935 -0.2936278 -0.2955505 -0.9090834 -0.2816904 -0.2762886 -0.9188663 -0.9030312 -0.2132373 -0.3729135 -0.8910588 -0.008117973 -0.4538153 -0.8937354 -0.01120066 -0.4484547 -0.307262 -0.02377402 -0.951328 -0.3231664 -0.03244173 -0.9457859 -0.2793985 -0.3433961 -0.8966692 -0.1943162 -0.4450014 -0.8741939 -0.8061259 -0.1914144 -0.55993 -0.8223825 -0.2382059 -0.5166672 -0.8259665 -0.03521889 -0.562618 -0.8233175 -0.02240109 -0.567139 -0.1312334 -0.2448877 -0.9606289 -0.1303765 -0.5459518 -0.8276103 -0.04516834 -0.453179 -0.8902745 -0.02719235 -0.2433578 -0.9695553 -0.03555452 -0.2327983 -0.971875 -0.01074266 -0.5475417 -0.8367095 -0.0555455 -0.5084857 -0.859277 -0.893786 -0.0035097 -0.44848 -0.8310658 -0.01519846 -0.5559666 -0.3231686 -0.03311342 -0.945762 -0.2676562 -0.03201496 -0.9629825 -0.09827208 -0.03940039 -0.9943794 -0.07507663 -0.03903371 -0.9964135 -0.02124089 -0.0417189 -0.9989036 0.02069181 -0.04171937 -0.9989151 0.07504653 -0.03894239 -0.9964194 0.1005901 -0.03930824 -0.9941512 0.2627429 -0.03225916 -0.9643265 0.8310658 -0.01519846 -0.5559666 0.951525 -0.3075717 0 0.9495657 -0.3135514 0.003234982 0.9529624 0.3030863 -0.00125128 0.9509482 0.3093428 0.00213629 0.5632421 0 0.8262919 0.5431224 0.002929806 0.8396485 -0.03946095 0 0.9992212 -0.3086092 0 0.951189 -0.7103345 0 0.7038644 -0.6824396 0.007446646 0.7309041 0 0.01556444 0.9998789 0 0.9756281 0.2194308 0.003570675 0.9767001 0.2145792 -0.003570675 0.9767001 0.2145792 -0.03308212 0 0.9994527 -0.01663279 9.46087e-4 0.9998612 -0.55835 7.93501e-4 0.8296052 -0.5722939 0.001220762 0.8200478 -0.6133678 5.1882e-4 0.7897973 -0.7446548 0.003082334 0.6674427 -0.8097116 0 0.586828 -0.9193044 0 0.3935472 -0.8966004 0.001709043 0.4428372 -0.9483134 -3.05189e-5 0.3173354 -0.9953227 0.002899289 0.09656274 -0.9954377 0.002838253 0.09537178 -0.9951235 4.27262e-4 -0.09863644 -0.9575874 0.002990782 -0.2881277 -0.9499615 0.001983702 -0.3123608 -0.8824712 -2.13636e-4 -0.4703665 -0.7745476 0.002411007 -0.632511 -0.7816214 0.002868771 -0.6237467 -0.6328821 1.52597e-4 -0.7742483 -0.4692316 0.002716183 -0.883071 -0.469967 0.002777218 -0.8826797 -0.2887111 2.13634e-4 -0.9574162 -0.1673673 0.001861631 -0.9858928 -0.0989719 0 -0.9950903 0 0.4977387 0.867327 0 0.009186208 0.9999578 0 0.999941 0.01086461 0.7261093 -0.5686309 -0.3865543 0.7735571 -0.5273629 -0.3514226 0.2423853 -0.8129767 -0.5294511 0.1786324 -0.8281246 -0.5313194 0.04065114 -0.8406429 -0.5400623 0.05783313 -0.8410069 -0.5379245 -0.058932 -0.8409489 -0.537896 -0.04068237 -0.8405961 -0.5401326 -0.1821992 -0.8273741 -0.5312773 -0.2423853 -0.8129767 -0.5294511 -0.7173606 -0.5764216 -0.3913209 -0.7729579 -0.5288049 -0.3505732 0.9387754 0.006317496 0.3444719 0.958604 -1.52595e-4 0.2847429 0.877081 0.002502501 0.480336 0.8643326 0.005157709 0.5028944 0.7755768 7.93491e-4 0.6312529 0.7497084 0.004730463 0.6617516 0.6147558 -3.35715e-4 0.7887174 0.6051682 8.24022e-4 0.7960973 0.4807668 -0.003021359 0.8768433 0.4214152 0.00363183 0.9068606 0.2848353 -1.52596e-4 0.9585765 0.2569987 0.002746641 0.9664079 0.9903471 0.003814876 0.138557 0.9965869 -0.002166807 0.08252245 0.9900985 0.003692746 -0.1403265 0.9856368 -0.002471983 -0.1688608 0.9900826 -0.00125128 -0.1404812 0.9776146 0.003906428 -0.2103673 0.977622 0 -0.2103689 0.9965664 0 0.08279794 0.9965636 7.32453e-4 0.08282822 0.9585956 0 0.284771 0.877162 0 0.4801945 0.775619 0 0.6312014 0.6147411 0 0.788729 0.480769 0 0.8768473 0.2848353 0 0.9585765 0.2848073 0 0.9585848 0.1205483 0 0.9927075 0.1205519 0 0.992707 -0.120582 0 0.9927035 -0.120582 9.15581e-5 0.9927034 -0.2569063 -0.001312255 0.9664354 -0.2845579 -3.05189e-4 0.9586589 -0.4218018 -0.001861631 0.9066862 -0.4814758 4.57793e-4 0.8764593 -0.6051681 -0.001068174 0.7960971 -0.6285545 -3.05198e-5 0.7777656 -0.7356072 -0.00149542 0.6774068 -0.7764395 7.32461e-4 0.6301914 -0.8755369 -8.5454e-4 0.4831506 -0.874916 -9.15567e-4 0.484274 -0.9394322 -0.002319395 0.342727 -0.9595854 0 0.2814177 -0.1171918 0 0.9931093 0.1130104 0 0.9935939 -0.990311 -0.001312315 0.1388614 -0.9965636 7.32453e-4 0.08282822 -0.9900826 -0.00125128 -0.1404812 -0.9808086 0.002777159 -0.1949532 -0.6285545 0 0.7777656 -0.481463 0 0.8764665 -0.4814758 0 0.8764594 -0.2845579 0 0.9586589 -0.8749163 0 0.4842742 -0.7764397 0 0.6301916 -0.9808125 0 -0.1949539 -0.9965664 0 0.08279794 -0.9716116 0.005218744 -0.2365244 -0.9613217 0.005462884 -0.275374 -0.9287601 0.09763085 -0.3575934 -0.9591833 0.003845393 -0.282759 -0.9591585 0.006653189 -0.2827912 -0.9697115 0.00213629 -0.2442438 -0.9697664 0.001831114 -0.2440286 -0.9900625 -0.004058957 -0.1405699 -0.9832457 0.0087893 -0.1820735 -0.9903292 3.66223e-4 0.1387376 -0.9935557 0.004486322 0.1132571 -0.9394332 -0.001800596 0.3427274 -0.9592732 0.008179068 0.2823618 -0.8755342 0.00262463 0.4831491 -0.8748406 0.00238049 0.4844051 -0.7356029 -0.003692805 0.6774029 -0.776195 0.005859673 0.6304658 -0.6051683 -6.71426e-4 0.7960973 -0.6283645 0.003845393 0.7779096 -0.4218003 -0.003234982 0.906683 -0.4814402 0.007110953 0.8764501 -0.2569066 0 0.9664363 -0.2845551 0.004486203 0.9586493 -0.1171617 -4.27263e-4 0.9931129 0.1130103 -9.46076e-4 0.9935934 0.2569996 -9.76604e-4 0.9664111 0.2848353 3.05192e-5 0.9585765 0.4214311 -0.001312255 0.9068595 0.4807687 0.001098632 0.8768467 0.6051684 -3.05194e-4 0.7960975 0.6147411 1.22075e-4 0.788729 0.7497005 -0.001709043 0.6617751 0.775619 -2.74674e-4 0.6312014 0.8643426 -0.001831114 0.5029002 0.8771618 -8.85066e-4 0.4801943 0.9387856 -0.002227842 0.344495 0.9585956 6.10376e-5 0.284771 0.990311 -0.001312315 0.1388614 0.1205483 2.74667e-4 0.9927075 0.9458705 0.08819943 -0.3123298 0.9716798 0.005218625 -0.236244 0.9621003 -0.002563536 -0.272684 0.9676102 0.005310297 -0.2523935 0.9620271 0.006683707 -0.2728724 0.969438 0.003448605 -0.2453122 0.9697664 0.001831114 -0.2440286 0.9592173 -0.01992899 -0.2819666 0.959717 -0.01779228 -0.2804045 -0.5784618 0.009216785 0.8156574 0.9414129 -0.2116783 -0.2625531 0.9996146 -0.001709043 -0.02771109 0.9999076 0.01052916 -0.008606433 0.9997631 -0.01855534 -0.01138347 -0.9995537 -0.001861631 -0.02981692 -0.9627394 -0.1659653 -0.2135148 -0.9998937 0.01178032 -0.008606314 -0.9997859 -0.01730448 -0.01135319 -0.9999383 -4.27272e-4 -0.01110905 -0.999711 -0.02078342 -0.01208549 -0.999904 -2.44154e-4 -0.01385575 -0.9993852 0.03216731 -0.0139473 -0.9993645 0 -0.03564578 -0.9999735 0.006958246 -0.00213629 -0.9998378 0.01391673 -0.01144462 -0.9998126 0.01348948 -0.01388627 -0.9990307 0.04010158 0.01815861 -0.9999334 0.001586973 -0.01144468 -0.9998344 -0.005829095 -0.0172432 -0.9992179 -0.002044737 -0.03949135 -0.9999553 -1.22076e-4 0.009460866 -0.9999595 0.009003102 -9.15574e-5 -0.9999422 -0.002502501 0.01046788 -0.9998773 0.003662288 -0.01522916 -0.9998534 -4.5778e-4 -0.01712095 -0.9998276 -0.01156663 -0.01452696 -0.9999477 8.85044e-4 -0.01019322 -0.9999659 -0.003174006 -0.007629811 -0.9999373 -1.22078e-4 -0.0112006 -0.9999102 0.01260411 0.004547238 -0.9914229 0.009491503 0.1303483 -0.9998357 -6.10382e-5 -0.01812833 -0.998777 -0.04944133 -3.35713e-4 -0.4304131 0.5830399 -0.6890639 -0.381798 0.4671913 -0.7974726 -0.119818 0.4043478 -0.906723 -0.1025755 0.4274845 -0.8981845 -0.6472201 0.5394874 -0.5385718 -0.6286987 0.5654626 -0.5338445 -0.8610407 0.4477484 -0.2411023 -0.9248526 0.2816613 -0.2555674 -0.9629732 0.1996568 -0.1811621 -0.9716847 0.2087173 -0.1107523 -0.9999225 -0.009308218 0.008270621 -0.9999311 -0.01104789 0.003967463 -0.9999981 7.62985e-4 0.001831114 -0.9999585 0.00891155 -0.001922667 -0.1030644 0.4275481 -0.8980982 -0.1084337 0.4361458 -0.8933191 -0.1084367 0.4361577 -0.8933129 -0.07693958 -0.8045548 -0.5888735 -0.222518 -0.5421798 -0.8102635 -0.0682097 -0.771548 -0.632504 -0.08820062 -0.7813236 -0.6178625 0.001098692 -0.7671065 -0.641519 0.004364192 -0.7670997 -0.6415132 0.03494453 -0.772412 -0.6341598 -0.01461881 -0.7576158 -0.6525372 0.0647009 -0.7631961 -0.6429196 0.01098698 -0.7712878 -0.6363918 -0.9984038 0.05502599 0.01272648 -0.9984125 0.05481284 0.01297074 -0.9986299 0.05020308 0.01477098 -0.9985457 0.03869783 0.03753817 -0.9986389 0.02969485 0.04287898 -0.9984429 0.03668433 0.0420252 -0.9981141 0.02587985 0.05566608 -0.9980815 0.01586967 0.05984699 -0.9979925 -0.03943014 0.04956239 -0.999156 -0.02041709 0.03564596 -0.9991211 0.01821964 0.03775161 -0.9825114 -0.06518942 0.1744184 -0.9816071 0.07797557 0.1742624 -0.9927387 0.1196975 -0.01193308 -0.9699211 0.1027266 -0.2206821 -0.9866917 0.05960434 -0.1512845 -0.9850084 0.05664366 -0.1629422 -0.9578399 -0.02771127 -0.2859634 -0.9719573 0.231026 -0.04388576 -0.8764508 0.4814101 -0.008850514 -0.8615766 0.5075584 0.008392632 -0.8377169 0.546077 -0.00552392 -0.8387554 0.5444601 -0.007263481 -0.8540406 0.5196146 -0.0248118 -0.9958032 -0.03698897 0.08371347 -0.9968137 0.001770079 0.0797463 -0.9843554 0.08188205 0.1560124 -0.9862654 0.1027588 0.1293107 -0.9998347 0.01791465 -0.003143429 -0.9997078 1.22076e-4 0.02417093 -0.9789727 -0.2031375 0.01864737 -0.9940961 -0.03897279 0.1012621 -0.9948159 -0.03982681 0.09357011 -0.995236 -0.02789467 0.09341973 -0.9982805 0.04748773 -0.03436452 -0.9988906 0.04709094 -4.57787e-4 -0.9649844 0.1008657 0.2421388 -0.9301574 0.04422199 0.3644881 -0.9672737 0.05545324 0.2476018 -0.9641786 0.06766003 0.2564795 -0.9664893 0.09500694 0.2384788 -0.9528988 0.1760953 0.2469303 0.1696281 -0.5554268 0.8140807 0.1614487 -0.5476133 0.821008 0.1921499 -0.08966588 0.9772607 0.4276394 -0.5069292 0.74843 0.4283363 -0.5078387 0.7474141 0.8076926 -0.3612566 0.4659683 0.7487016 -0.5167849 0.4151858 0.9519387 -0.2424176 0.1872075 0.9377248 -0.2714659 0.2167454 0.7976493 -0.3211228 0.5105249 0.2230633 -0.136542 0.9651938 0.4535119 -0.1330322 0.8812658 0.4404818 -0.1091972 0.8910959 0.8456037 -0.09857797 0.5246301 0.8007953 -0.2173582 0.5581061 -0.9947718 -0.02316403 0.09946191 -0.8983731 -0.4339572 0.06787544 -0.8558124 -0.4227485 -0.2981091 -0.5973149 -0.6256363 -0.5017909 -0.07495516 -0.002166807 0.9971846 -0.8814183 0.3271328 -0.3407137 -0.7461184 0.6591709 0.09381413 -0.4402663 0 -0.8978673 -0.9474349 -0.3199317 0.003296017 -0.9494799 -0.3138279 0 -0.9509615 0.3093066 -0.001281738 -0.9488701 0.3156593 0.002166807 -0.5345785 0.002929866 0.8451138 -0.5546579 0 0.8320785 0.04095643 0 0.999161 0.3080584 0 0.9513676 0.7103345 0 0.7038644 0.6824396 0.007446646 0.7309041 0.01663279 9.46087e-4 0.9998612 0.03308212 0 0.9994527 0.5578583 7.93496e-4 0.8299359 0.5725091 0.00125128 0.8198975 0.6286915 2.74671e-4 0.7776548 0.7542467 0.002655148 0.6565859 0.8097116 0 0.586828 0.9193044 0 0.3935472 0.8787279 0.002960264 0.4773141 0.9568821 3.66224e-4 0.2904766 0.9953225 0.002960324 0.09656268 0.9956431 0.002807676 0.0932042 0.9953447 4.57784e-4 -0.0963788 0.95789 0.003021299 -0.2871198 0.9582718 0.003082394 -0.2858426 0.8833814 4.5779e-4 -0.4686545 0.7739971 0.003082394 -0.6331816 0.7807121 0.0035097 -0.624881 0.617804 4.27271e-4 -0.7863321 0.4695692 0.002746701 -0.8828914 0.469967 0.002746701 -0.8826798 0.2884061 2.13634e-4 -0.9575083 0.1708437 0.001800596 -0.9852965 0.1022379 0 -0.99476 0.9985887 -0.05044823 0.01660245 0.9987348 0.04306232 -0.02597165 0.9999909 0.004242122 -4.27268e-4 0.9999286 -0.004699945 -0.01098686 0.577964 0.009216606 0.8160102 0.9051912 0.4228702 -0.04254335 0 0.7071831 0.7070305 0.1182932 -0.6847337 -0.7191291 0 -0.6674932 -0.744616 0 -0.3313494 -0.9435082 0 -0.002258419 -0.9999975 -0.1213123 -0.6844763 -0.7188711 0 0.006469964 0.9999791 0 -0.7849727 -0.6195306 0 -0.007812976 -0.9999695 0 -0.5621573 -0.8270304 0 -0.8294826 -0.5585327 0 -0.9836328 -0.1801851 0 -0.9839002 0.1787189 0 -0.8294826 0.5585327 0 -0.5844382 0.8114383 0 -0.1773463 0.9841486 0 0.1801207 0.9836446 0 0.5768821 0.8168275 0 0.8219383 0.5695766 0 0.9808847 0.1945899 0 0.980569 -0.1961748 0 0.8219383 -0.5695766 0 0.5546227 -0.832102 0 0.1881217 -0.9821458 0 -0.1852521 -0.982691 0 0.4340175 0.9009045 0 0.7534967 0.6574518 0 0.9470379 0.3211219 0 0.9979735 -0.06363224 0 0.9024569 -0.4307805 0 0.6736172 -0.7390806 0 0.3351626 -0.9421604 0 -0.06415086 -0.9979402 0 -0.4603493 -0.8877379 0 -0.7348175 -0.6782649 0 -0.9454113 -0.3258797 0 -0.9988352 0.04825097 0 -0.8827219 0.4698959 0 -0.6779163 0.7351392 0 -0.3114445 0.9502644 0 0.06451755 0.9979166 0.07654219 -0.8033878 -0.5905163 0.219464 -0.5413812 -0.8116293 0.06808805 -0.7714306 -0.6326603 0.08829361 -0.7813054 -0.6178722 -0.001159727 -0.7671064 -0.6415188 -0.004242181 -0.7670724 -0.6415465 -0.03494453 -0.772412 -0.6341598 0.01458829 -0.7576161 -0.6525374 -0.06473129 -0.7631946 -0.6429182 -0.01098698 -0.7712878 -0.6363918 0.9672247 0.09766244 0.2343899 0.9306154 0.03790456 0.3640305 0.9695795 0.04513716 0.240579 0.9643052 0.06665325 0.2562671 0.9677816 0.1162155 0.223367 0.959195 0.1662393 0.2287126 0.8886854 0.3232887 -0.3251504 0.7628948 0.641 0.08432519 -0.9999857 -0.001037597 -0.005249261 -0.9999851 -0.002227842 -0.005005061 -0.9999814 -0.004303157 -0.004333674 -0.9999588 -0.008789479 -0.002288877 -0.999979 -0.003234982 -0.005615413 -0.9999856 0 -0.005371332 -0.9999236 -0.005035579 -0.01129198 0.9949278 -0.02542251 0.09732592 0.8976652 -0.4357245 0.0658912 0.8546379 -0.4241907 -0.2994269 0.5960087 -0.6263142 -0.502498 -0.9936863 0.01437425 0.1112709 -0.9931129 0 0.1171617 -0.9886069 0 0.1505205 -0.9936977 -0.01474064 0.1111196 -0.9984239 0 0.05612415 -0.9985234 0 -0.05432397 -0.9880474 0 -0.1541506 -0.9929424 0 -0.1185976 -0.993511 0.01385551 -0.1128892 -0.9935265 -0.01422196 -0.1127079 0 -0.2588307 -0.9659227 0.02197378 -0.2798305 -0.959798 0 -0.2595313 0.9657347 0.0318309 -0.9884681 0.1480458 -0.002960324 -0.9914962 0.1301018 0.02774161 0 0.9996152 0.004089474 0.9889628 0.1481078 -0.003296077 0.9895293 0.1442955 0.0220651 0.2680776 -0.9631447 0.005615472 0.2530018 -0.9674496 0.02218747 0.9997482 -0.003357112 0.008972406 0.9999414 0.006073176 0.009216547 0.9999393 -0.006042659 0.02218741 0.9997479 0.003448665 0.005615472 0.2537035 0.9672657 0 0.24852 0.9686268 0 -0.991291 -0.1316899 0.02774143 -0.9888955 -0.1460012 0 0.9892752 -0.1460642 0.9924068 -0.01138347 0.1224715 0.9918886 0 0.1271104 0.9884858 0 0.1513141 0.9923945 0.01110899 0.1225958 0.9990178 0 0.04431396 0.9986037 0 -0.05282789 0.9895483 0 -0.1442023 0.9916877 0 -0.1286685 0.9921967 -0.01083415 -0.1242115 0.9921844 0.01052916 -0.1243358 -0.008972406 0.9999414 0.006073176 -0.02218741 0.9997481 -0.003387629 -0.005615472 0.2530018 -0.9674496 -0.0220651 0.2680776 -0.9631447 -0.009338915 0.9999381 -0.006042838 -0.02218747 0.9997486 0.003234982 -0.005615472 0.2537035 0.9672657 0.003296017 0.9895249 0.1443254 -0.004181027 0.9889624 0.1481078 -0.02838289 0 0.9995972 -0.03259408 -0.9884431 0.1480467 0.002960264 -0.9914923 0.1301318 -0.02197378 -0.2798305 -0.959798 -0.02838265 -0.988877 -0.1460029 0.3176466 -0.9482093 0 0.4322091 0 0.9017734 0.3559116 0.9345196 0 0.6073674 0 -0.7944211 0.9999383 -4.27272e-4 -0.01110905 0.999711 -0.02078342 -0.01208549 0.999904 -2.44154e-4 -0.01385575 -0.9592173 -0.01992899 -0.2819666 -0.9599933 -0.01663315 -0.2795288 0.8100052 -0.02316391 -0.5859651 0.8127875 -0.03640937 -0.5814214</float_array>
          <technique_common>
            <accessor source="#_018-mesh-normals-array" count="1478" stride="3">
              <param name="X" type="float"/>
              <param name="Y" type="float"/>
              <param name="Z" type="float"/>
            </accessor>
          </technique_common>
        </source>
        <source id="_018-mesh-map-0">
          <float_array id="_018-mesh-map-0-array" count="13962">0.718262 0.121094 0.733398 0.06787103 0.733398 0.121094 0.733398 0.06787103 0.718262 0.121094 0.718262 0.06787103 0.748047 0.06787103 0.733398 0.121094 0.733398 0.06787103 0.733398 0.121094 0.748047 0.06787103 0.748047 0.121094 0.754395 0.104004 0.748047 0.121094 0.748047 0.06787103 0.748047 0.121094 0.754395 0.104004 0.755371 0.121094 0.718262 0.121094 0.703613 0.06787103 0.718262 0.06787103 0.703613 0.06787103 0.718262 0.121094 0.703613 0.121094 0.703613 0.121094 0.689941 0.06787103 0.703613 0.06787103 0.689941 0.06787103 0.703613 0.121094 0.689941 0.121094 0.67627 0.121094 0.689941 0.06787103 0.689941 0.121094 0.67627 0.121094 0.689941 0.06787103 0.689941 0.121094 0.689941 0.06787103 0.67627 0.121094 0.67627 0.06787103 0.689941 0.06787103 0.67627 0.121094 0.67627 0.06787103 0.661133 0.121094 0.67627 0.06787103 0.67627 0.121094 0.661133 0.121094 0.67627 0.06787103 0.67627 0.121094 0.67627 0.06787103 0.661133 0.121094 0.661133 0.06787103 0.67627 0.06787103 0.661133 0.121094 0.661133 0.06787103 0.661133 0.121094 0.646484 0.06787103 0.661133 0.06787103 0.646484 0.06787103 0.661133 0.121094 0.646484 0.121094 0.646484 0.121094 0.631836 0.06787103 0.646484 0.06787103 0.631836 0.06787103 0.646484 0.121094 0.631836 0.121094 0.631836 0.121094 0.625 0.104004 0.631836 0.06787103 0.625 0.104004 0.617188 0.06787103 0.631836 0.06787103 0.617188 0.06787103 0.625 0.104004 0.617188 0.104004 0.617188 0.104004 0.602539 0.06787103 0.617188 0.06787103 0.602539 0.06787103 0.617188 0.104004 0.602051 0.104004 0.587891 0.06787103 0.602539 0.06787103 0.602051 0.104004 0.625 0.104004 0.631836 0.121094 0.624512 0.121094 0.602051 0.104004 0.587891 0.121094 0.587891 0.06787103 0.587891 0.121094 0.573242 0.06787103 0.587891 0.06787103 0.573242 0.06787103 0.587891 0.121094 0.573242 0.121094 0.573242 0.121094 0.558594 0.06787103 0.573242 0.06787103 0.558594 0.06787103 0.573242 0.121094 0.558594 0.121094 0.558594 0.121094 0.543945 0.06787103 0.558594 0.06787103 0.543945 0.06787103 0.558594 0.121094 0.543945 0.121094 0.543945 0.121094 0.528809 0.06787103 0.543945 0.06787103 0.528809 0.06787103 0.543945 0.121094 0.528809 0.121094 0.513672 0.121094 0.528809 0.06787103 0.528809 0.121094 0.528809 0.06787103 0.513672 0.121094 0.513184 0.06787103 0.498779 0.121094 0.513184 0.06787103 0.513672 0.121094 0.513184 0.06787103 0.498779 0.121094 0.498779 0.06787103 0.484131 0.121094 0.498779 0.06787103 0.498779 0.121094 0.498779 0.06787103 0.484131 0.121094 0.484131 0.06787103 0.469482 0.121094 0.484131 0.06787103 0.484131 0.121094 0.484131 0.06787103 0.469482 0.121094 0.469482 0.06787103 0.455078 0.104004 0.469482 0.06787103 0.469482 0.121094 0.455078 0.104004 0.454834 0.06787103 0.469482 0.06787103 0.440186 0.104004 0.454834 0.06787103 0.455078 0.104004 0.440186 0.104004 0.454834 0.06787103 0.455078 0.104004 0.454834 0.06787103 0.440186 0.104004 0.440186 0.06787103 0.454834 0.06787103 0.440186 0.104004 0.440186 0.06787103 0.432129 0.104004 0.440186 0.06787103 0.440186 0.104004 0.440186 0.06787103 0.432129 0.104004 0.425293 0.06787103 0.432861 0.121094 0.425293 0.06787103 0.432129 0.104004 0.425293 0.121094 0.425293 0.06787103 0.432861 0.121094 0.410645 0.121094 0.425293 0.06787103 0.425293 0.121094 0.425293 0.06787103 0.410645 0.121094 0.410645 0.06787103 0.455078 0.104004 0.469482 0.121094 0.455078 0.121094 0.762695 0.104004 0.777344 0.06787103 0.777344 0.104004 0.777344 0.06787103 0.762695 0.104004 0.762695 0.06787103 0.777344 0.104004 0.777344 0.06787103 0.791992 0.06787103 0.754395 0.104004 0.762695 0.06787103 0.762695 0.104004 0.762695 0.06787103 0.754395 0.104004 0.748047 0.06787103 0.777344 0.104004 0.791992 0.06787103 0.777344 0.121094 0.777344 0.121094 0.791992 0.06787103 0.791992 0.121094 0.806641 0.06787103 0.791992 0.121094 0.791992 0.06787103 0.791992 0.121094 0.806641 0.06787103 0.806641 0.121094 0.822266 0.06787103 0.806641 0.121094 0.806641 0.06787103 0.806641 0.121094 0.822266 0.06787103 0.822266 0.121094 0.822266 0.06787103 0.837891 0.121094 0.822266 0.121094 0.837891 0.121094 0.822266 0.06787103 0.837891 0.06787103 0.837891 0.06787103 0.852539 0.121094 0.837891 0.121094 0.852539 0.121094 0.837891 0.06787103 0.852539 0.06787103 0.852539 0.06787103 0.867188 0.121094 0.852539 0.121094 0.852539 0.06787103 0.867188 0.103516 0.867188 0.121094 0.867188 0.103516 0.852539 0.06787103 0.867188 0.06787103 0.867188 0.06787103 0.881836 0.103516 0.867188 0.103516 0.881836 0.103516 0.867188 0.06787103 0.881836 0.06787103 0.881836 0.06787103 0.890137 0.103516 0.881836 0.103516 0.890137 0.103516 0.881836 0.06787103 0.896484 0.06787103 0.890137 0.103516 0.896484 0.06787103 0.88916 0.121094 0.88916 0.121094 0.896484 0.06787103 0.896484 0.121094 0.896484 0.06787103 0.911133 0.121094 0.896484 0.121094 0.911133 0.121094 0.896484 0.06787103 0.911133 0.06787103 0.911133 0.06787103 0.92627 0.121094 0.911133 0.121094 0.92627 0.121094 0.911133 0.06787103 0.92627 0.06787103 0.940918 0.06787103 0.92627 0.121094 0.92627 0.06787103 0.92627 0.121094 0.940918 0.06787103 0.940918 0.121094 0.95459 0.06787103 0.940918 0.121094 0.940918 0.06787103 0.940918 0.121094 0.95459 0.06787103 0.95459 0.121094 0.95459 0.06787103 0.968262 0.121094 0.95459 0.121094 0.968262 0.121094 0.95459 0.06787103 0.968262 0.06787103 0.968262 0.06787103 0.983398 0.121094 0.968262 0.121094 0.983398 0.121094 0.968262 0.06787103 0.98291 0.06787103 0.998047 0.06787103 0.983398 0.121094 0.98291 0.06787103 0.983398 0.121094 0.998047 0.06787103 0.998047 0.121094 0.193237 0.522949 0.211304 0.519043 0.2042239 0.530762 0.211304 0.519043 0.193237 0.522949 0.1990969 0.513184 0.2042239 0.530762 0.186401 0.530762 0.193237 0.522949 0.186401 0.530762 0.2042239 0.530762 0.195923 0.540527 0.195923 0.540527 0.178345 0.537598 0.186401 0.530762 0.178345 0.537598 0.195923 0.540527 0.1862789 0.548828 0.1862789 0.548828 0.169312 0.543457 0.178345 0.537598 0.169312 0.543457 0.1862789 0.548828 0.1754149 0.555176 0.1754149 0.555176 0.159546 0.5473631 0.169312 0.543457 0.159546 0.5473631 0.1754149 0.555176 0.1636959 0.560059 0.1636959 0.560059 0.1491699 0.5498051 0.159546 0.5473631 0.1491699 0.5498051 0.1636959 0.560059 0.151367 0.5629881 0.151367 0.5629881 0.1386719 0.550781 0.1491699 0.5498051 0.1386719 0.550781 0.151367 0.5629881 0.1386719 0.563965 0.1259769 0.5629881 0.1386719 0.550781 0.1386719 0.563965 0.1386719 0.550781 0.1259769 0.5629881 0.1280519 0.5498051 0.11438 0.560547 0.1280519 0.5498051 0.1259769 0.5629881 0.1280519 0.5498051 0.11438 0.560547 0.118408 0.5473631 0.11438 0.560547 0.10907 0.543945 0.118408 0.5473631 0.10907 0.543945 0.11438 0.560547 0.10321 0.556152 0.10321 0.556152 0.099976 0.538574 0.10907 0.543945 0.099976 0.538574 0.10321 0.556152 0.09228497 0.5493161 0.099976 0.538574 0.10321 0.556152 0.09228497 0.5493161 0.08252 0.541504 0.099976 0.538574 0.09228497 0.5493161 0.099976 0.538574 0.08252 0.541504 0.091919 0.5317381 0.07397496 0.5317381 0.091919 0.5317381 0.08252 0.541504 0.091919 0.5317381 0.07397496 0.5317381 0.08477801 0.523926 0.0672 0.520996 0.08477801 0.523926 0.07397496 0.5317381 0.08477801 0.523926 0.0672 0.520996 0.07910197 0.514648 0.06210297 0.509766 0.07910197 0.514648 0.0672 0.520996 0.07910197 0.514648 0.06210297 0.509766 0.07489001 0.505371 0.05899 0.49707 0.07489001 0.505371 0.06210297 0.509766 0.07489001 0.505371 0.05899 0.49707 0.072205 0.495117 0.05770897 0.484375 0.072205 0.495117 0.05899 0.49707 0.072205 0.495117 0.05770897 0.484375 0.07122796 0.484375 0.05850195 0.4716801 0.07122796 0.484375 0.05770897 0.484375 0.07122796 0.484375 0.05850195 0.4716801 0.07177698 0.474121 0.06118798 0.459473 0.07177698 0.474121 0.05850195 0.4716801 0.07177698 0.474121 0.06118798 0.459473 0.07421898 0.463379 0.06610101 0.4472661 0.07421898 0.463379 0.06118798 0.459473 0.07421898 0.463379 0.06610101 0.4472661 0.07818597 0.4536131 0.06610101 0.4472661 0.08380097 0.444336 0.07818597 0.4536131 0.08380097 0.444336 0.06610101 0.4472661 0.072815 0.436035 0.072815 0.436035 0.09057599 0.436035 0.08380097 0.444336 0.09057599 0.436035 0.072815 0.436035 0.080994 0.42627 0.080994 0.42627 0.09857201 0.429199 0.09057599 0.436035 0.09857201 0.429199 0.080994 0.42627 0.09057599 0.4179691 0.09057599 0.4179691 0.1077269 0.42334 0.09857201 0.429199 0.1077269 0.42334 0.09057599 0.4179691 0.101379 0.411621 0.101379 0.411621 0.117371 0.419434 0.1077269 0.42334 0.117371 0.419434 0.101379 0.411621 0.11322 0.4067381 0.11322 0.4067381 0.127686 0.416504 0.117371 0.419434 0.127686 0.416504 0.11322 0.4067381 0.1254879 0.40332 0.1254879 0.40332 0.138184 0.4160161 0.127686 0.416504 0.138184 0.4160161 0.1254879 0.40332 0.138062 0.4023441 0.138062 0.4023441 0.148804 0.416504 0.138184 0.4160161 0.148804 0.416504 0.138062 0.4023441 0.150757 0.40332 0.150757 0.40332 0.159058 0.418945 0.148804 0.416504 0.159058 0.418945 0.150757 0.40332 0.163208 0.405762 0.1749269 0.4111331 0.159058 0.418945 0.163208 0.405762 0.159058 0.418945 0.1749269 0.4111331 0.168945 0.422852 0.185181 0.416992 0.168945 0.422852 0.1749269 0.4111331 0.168945 0.422852 0.185181 0.416992 0.1774899 0.428223 0.185181 0.416992 0.185181 0.434082 0.1774899 0.428223 0.185181 0.434082 0.185181 0.416992 0.194458 0.4248051 0.194458 0.4248051 0.1922609 0.441895 0.185181 0.434082 0.1922609 0.441895 0.194458 0.4248051 0.2030029 0.434082 0.2098389 0.444824 0.1922609 0.441895 0.2030029 0.434082 0.1922609 0.441895 0.2098389 0.444824 0.1979979 0.451172 0.215088 0.456543 0.1979979 0.451172 0.2098389 0.444824 0.1979979 0.451172 0.215088 0.456543 0.2022709 0.460938 0.218384 0.468262 0.2022709 0.460938 0.215088 0.456543 0.2022709 0.460938 0.218384 0.468262 0.205078 0.470703 0.219604 0.480957 0.205078 0.470703 0.218384 0.468262 0.205078 0.470703 0.219604 0.480957 0.2061769 0.481934 0.218994 0.4941411 0.2061769 0.481934 0.219604 0.480957 0.2061769 0.481934 0.218994 0.4941411 0.2055659 0.492188 0.216309 0.506348 0.2055659 0.492188 0.218994 0.4941411 0.2055659 0.492188 0.216309 0.506348 0.203369 0.5024411 0.211304 0.519043 0.203369 0.5024411 0.216309 0.506348 0.203369 0.5024411 0.211304 0.519043 0.1990969 0.513184 0.126465 0.5673831 0.1398929 0.585449 0.1237789 0.584473 0.1398929 0.585449 0.126465 0.5673831 0.1398929 0.568359 0.1237789 0.584473 0.113403 0.564453 0.126465 0.5673831 0.113403 0.564453 0.1237789 0.584473 0.108093 0.5805661 0.1005859 0.577637 0.113403 0.564453 0.108093 0.5805661 0.113403 0.564453 0.1005859 0.577637 0.1088259 0.5625 0.15332 0.5673831 0.1398929 0.585449 0.1398929 0.568359 0.1398929 0.585449 0.15332 0.5673831 0.1560059 0.584473 0.15332 0.5673831 0.170776 0.5810551 0.1560059 0.584473 0.170776 0.5810551 0.15332 0.5673831 0.1656489 0.564453 0.1773679 0.560059 0.170776 0.5810551 0.1656489 0.564453 0.170776 0.5810551 0.1773679 0.560059 0.184937 0.575195 0.1773679 0.560059 0.198853 0.566895 0.184937 0.575195 0.198853 0.566895 0.1773679 0.560059 0.188965 0.553223 0.1993409 0.544434 0.198853 0.566895 0.188965 0.553223 0.198853 0.566895 0.1993409 0.544434 0.211304 0.556641 0.208252 0.5341801 0.211304 0.556641 0.1993409 0.544434 0.211304 0.556641 0.208252 0.5341801 0.222046 0.544922 0.208252 0.5341801 0.226318 0.5380861 0.222046 0.544922 0.226318 0.5380861 0.208252 0.5341801 0.2110599 0.530273 0.07928496 0.543457 0.07922399 0.565918 0.06707799 0.5556641 0.07922399 0.565918 0.07928496 0.543457 0.08801299 0.550781 0.06707799 0.5556641 0.07061797 0.533203 0.07928496 0.543457 0.07061797 0.533203 0.06707799 0.5556641 0.05670195 0.543457 0.05670195 0.543457 0.06310999 0.5205081 0.07061797 0.533203 0.06310999 0.5205081 0.05670195 0.543457 0.04769897 0.52832 0.04128998 0.512207 0.06310999 0.5205081 0.04769897 0.52832 0.06310999 0.5205081 0.04128998 0.512207 0.05779999 0.507324 0.03799396 0.496582 0.05779999 0.507324 0.04128998 0.512207 0.05779999 0.507324 0.03799396 0.496582 0.05499297 0.4941411 0.03710895 0.4804691 0.05499297 0.4941411 0.03799396 0.496582 0.05499297 0.4941411 0.03710895 0.4804691 0.05441296 0.48291 0.88916 0.486328 0.879395 0.445801 0.88916 0.445801 0.879395 0.445801 0.88916 0.486328 0.879395 0.486328 0.898438 0.445801 0.88916 0.486328 0.88916 0.445801 0.88916 0.486328 0.898438 0.445801 0.898438 0.486328 0.898438 0.486328 0.898438 0.445801 0.90625 0.486328 0.869629 0.486328 0.879395 0.445801 0.879395 0.486328 0.879395 0.445801 0.869629 0.486328 0.869629 0.445801 0.869629 0.486328 0.860352 0.445801 0.869629 0.445801 0.860352 0.445801 0.869629 0.486328 0.860352 0.486328 0.90625 0.486328 0.898438 0.445801 0.90625 0.473145 0.90625 0.473145 0.898438 0.445801 0.907715 0.445801 0.916992 0.445801 0.90625 0.473145 0.907715 0.445801 0.90625 0.473145 0.916992 0.445801 0.916992 0.473145 0.92627 0.445801 0.916992 0.473145 0.916992 0.445801 0.916992 0.473145 0.92627 0.445801 0.92334 0.473145 0.92627 0.486328 0.92334 0.473145 0.92627 0.445801 0.935547 0.445801 0.92627 0.486328 0.92627 0.445801 0.92627 0.486328 0.935547 0.445801 0.935547 0.486328 0.944824 0.445801 0.935547 0.486328 0.935547 0.445801 0.935547 0.486328 0.944824 0.445801 0.944824 0.486328 0.92334 0.473145 0.92627 0.486328 0.922852 0.486328 0.852051 0.486328 0.860352 0.445801 0.860352 0.486328 0.852051 0.473145 0.860352 0.445801 0.852051 0.486328 0.851074 0.445801 0.860352 0.445801 0.852051 0.473145 0.852051 0.473145 0.841797 0.445801 0.851074 0.445801 0.841797 0.445801 0.852051 0.473145 0.841797 0.473145 0.841797 0.473145 0.83252 0.445801 0.841797 0.445801 0.83252 0.445801 0.841797 0.473145 0.835449 0.473145 0.83252 0.445801 0.835449 0.473145 0.835938 0.486328 0.83252 0.445801 0.835938 0.486328 0.83252 0.486328 0.83252 0.486328 0.823242 0.445801 0.83252 0.445801 0.823242 0.445801 0.83252 0.486328 0.823242 0.486328 0.823242 0.486328 0.813965 0.445801 0.823242 0.445801 0.813965 0.445801 0.823242 0.486328 0.813965 0.486328 0.804688 0.486328 0.813965 0.445801 0.813965 0.486328 0.813965 0.445801 0.804688 0.486328 0.804688 0.445801 0.795898 0.486328 0.804688 0.445801 0.804688 0.486328 0.804688 0.445801 0.795898 0.486328 0.795898 0.445801 0.795898 0.486328 0.787109 0.445801 0.795898 0.445801 0.787109 0.445801 0.795898 0.486328 0.787109 0.486328 0.787109 0.486328 0.777832 0.445801 0.787109 0.445801 0.777832 0.445801 0.787109 0.486328 0.777832 0.486328 0.768555 0.486328 0.777832 0.445801 0.777832 0.486328 0.777832 0.445801 0.768555 0.486328 0.768555 0.445801 0.759277 0.486328 0.768555 0.445801 0.768555 0.486328 0.768555 0.445801 0.759277 0.486328 0.759277 0.445801 0.759277 0.486328 0.755859 0.4736331 0.759277 0.445801 0.75 0.4736331 0.759277 0.445801 0.755859 0.4736331 0.759277 0.445801 0.75 0.4736331 0.75 0.445801 0.755859 0.4736331 0.759277 0.486328 0.755859 0.486328 0.352783 0.54541 0.345947 0.574707 0.352783 0.574707 0.345947 0.574707 0.352783 0.54541 0.345947 0.54541 0.345947 0.54541 0.3396 0.574707 0.345947 0.574707 0.3396 0.574707 0.345947 0.54541 0.3396 0.54541 0.333252 0.54541 0.3396 0.574707 0.3396 0.54541 0.3396 0.574707 0.333252 0.54541 0.333252 0.574707 0.326416 0.54541 0.333252 0.574707 0.333252 0.54541 0.333252 0.574707 0.326416 0.54541 0.326416 0.574707 0.326416 0.54541 0.319824 0.574707 0.326416 0.574707 0.319824 0.574707 0.326416 0.54541 0.319824 0.54541 0.319824 0.54541 0.312988 0.574707 0.319824 0.574707 0.312988 0.574707 0.319824 0.54541 0.312988 0.54541 0.310547 0.5654301 0.312988 0.574707 0.312988 0.54541 0.312988 0.54541 0.306396 0.5654301 0.310547 0.5654301 0.306396 0.5654301 0.312988 0.54541 0.306396 0.54541 0.306396 0.54541 0.298584 0.5654301 0.306396 0.5654301 0.298584 0.5654301 0.306396 0.54541 0.299561 0.54541 0.299561 0.54541 0.292725 0.54541 0.298584 0.5654301 0.312988 0.574707 0.310547 0.5654301 0.310547 0.574707 0.298584 0.5654301 0.292725 0.54541 0.298584 0.574707 0.298584 0.574707 0.292725 0.54541 0.292725 0.575195 0.292725 0.54541 0.286133 0.575195 0.292725 0.575195 0.286133 0.575195 0.292725 0.54541 0.286133 0.54541 0.286133 0.54541 0.279297 0.575195 0.286133 0.575195 0.279297 0.575195 0.286133 0.54541 0.279297 0.54541 0.279297 0.54541 0.272461 0.575195 0.279297 0.575195 0.272461 0.575195 0.279297 0.54541 0.272461 0.54541 0.272461 0.54541 0.265625 0.575195 0.272461 0.575195 0.265625 0.575195 0.272461 0.54541 0.265625 0.54541 0.258545 0.54541 0.265625 0.575195 0.265625 0.54541 0.265625 0.575195 0.258545 0.54541 0.258545 0.575195 0.251953 0.54541 0.258545 0.575195 0.258545 0.54541 0.258545 0.575195 0.251953 0.54541 0.251953 0.575195 0.245117 0.54541 0.251953 0.575195 0.251953 0.54541 0.251953 0.575195 0.245117 0.54541 0.245239 0.575195 0.238403 0.545898 0.245239 0.575195 0.245117 0.54541 0.245239 0.575195 0.238403 0.545898 0.238403 0.575195 0.238403 0.575195 0.238403 0.545898 0.232666 0.575195 0.232666 0.575195 0.238403 0.545898 0.232666 0.5654301 0.232666 0.5654301 0.238403 0.545898 0.231689 0.545898 0.2248539 0.545898 0.232666 0.5654301 0.231689 0.545898 0.232666 0.5654301 0.2248539 0.545898 0.224976 0.5654301 0.303955 0.03759801 0.327393 0.01611304 0.303955 0.01611304 0.327393 0.01611304 0.303955 0.03759801 0.327393 0.03759801 0.28418 0.01611304 0.303955 0.03759801 0.303955 0.01611304 0.303955 0.03759801 0.28418 0.01611304 0.28418 0.03759801 0.28418 0.01611304 0.271973 0.03759801 0.28418 0.03759801 0.271973 0.03759801 0.28418 0.01611304 0.271973 0.01611304 0.248535 0.03759801 0.271973 0.01611304 0.248535 0.01611304 0.271973 0.01611304 0.248535 0.03759801 0.271973 0.03759801 0.2242429 0.497559 0.237183 0.5161131 0.221436 0.5087891 0.237183 0.5161131 0.2242429 0.497559 0.2412109 0.5004881 0.2255859 0.484375 0.2412109 0.5004881 0.2242429 0.497559 0.2412109 0.5004881 0.2255859 0.484375 0.242676 0.4848631 0.224731 0.470703 0.242676 0.4848631 0.2255859 0.484375 0.242676 0.4848631 0.224731 0.470703 0.2416989 0.46875 0.2218019 0.4580081 0.2416989 0.46875 0.224731 0.470703 0.2416989 0.46875 0.2218019 0.4580081 0.238281 0.453125 0.2166749 0.445312 0.238281 0.453125 0.2218019 0.4580081 0.238281 0.453125 0.2166749 0.445312 0.232056 0.4375 0.2166749 0.445312 0.2235109 0.42334 0.232056 0.4375 0.2235109 0.42334 0.2166749 0.445312 0.209595 0.4331051 0.209595 0.4331051 0.213135 0.410645 0.2235109 0.42334 0.213135 0.410645 0.209595 0.4331051 0.200928 0.422852 0.200928 0.422852 0.200928 0.3999021 0.213135 0.410645 0.200928 0.3999021 0.200928 0.422852 0.190674 0.413574 0.190674 0.413574 0.1872559 0.391602 0.200928 0.3999021 0.1872559 0.391602 0.190674 0.413574 0.1793209 0.4067381 0.1793209 0.4067381 0.172729 0.385742 0.1872559 0.391602 0.172729 0.385742 0.1793209 0.4067381 0.168823 0.4023441 0.137817 0.20166 0.159668 0.182129 0.159668 0.20166 0.159668 0.182129 0.137817 0.20166 0.137817 0.182129 0.137817 0.20166 0.119629 0.182129 0.137817 0.182129 0.119629 0.182129 0.137817 0.20166 0.119629 0.20166 0.108887 0.20166 0.119629 0.182129 0.119629 0.20166 0.119629 0.182129 0.108887 0.20166 0.108887 0.182129 0.08709698 0.20166 0.108887 0.182129 0.108887 0.20166 0.108887 0.182129 0.08709698 0.20166 0.08709698 0.182129 0.06451398 0.441895 0.05819696 0.42041 0.07177698 0.430664 0.05819696 0.42041 0.06451398 0.441895 0.04940795 0.434082 0.05911296 0.454102 0.04940795 0.434082 0.06451398 0.441895 0.04940795 0.434082 0.05911296 0.454102 0.04290801 0.4487301 0.05911296 0.454102 0.040802 0.456543 0.04290801 0.4487301 0.040802 0.456543 0.05911296 0.454102 0.05779999 0.458984 0.05819696 0.42041 0.08081096 0.420898 0.07177698 0.430664 0.08081096 0.420898 0.05819696 0.42041 0.06896996 0.408203 0.08081096 0.398926 0.08081096 0.420898 0.06896996 0.408203 0.08081096 0.420898 0.08081096 0.398926 0.09057599 0.412598 0.08081096 0.398926 0.1015009 0.40625 0.09057599 0.412598 0.1015009 0.40625 0.08081096 0.398926 0.09381097 0.3911131 0.1088259 0.3847661 0.1015009 0.40625 0.09381097 0.3911131 0.1015009 0.40625 0.1088259 0.3847661 0.114014 0.400879 0.1088259 0.3847661 0.127075 0.398438 0.114014 0.400879 0.127075 0.398438 0.1088259 0.3847661 0.124512 0.381348 0.124512 0.381348 0.1405029 0.396973 0.127075 0.398438 0.1405029 0.396973 0.124512 0.381348 0.140625 0.3798831 0.1486819 0.380859 0.1405029 0.396973 0.140625 0.3798831 0.1405029 0.396973 0.1486819 0.380859 0.1455079 0.397461 0.193726 0.017578 0.217285 0.03857403 0.217285 0.017578 0.217285 0.03857403 0.193726 0.017578 0.193726 0.03857403 0.193726 0.017578 0.174072 0.03857403 0.193726 0.03857403 0.174072 0.03857403 0.193726 0.017578 0.174072 0.017578 0.162109 0.017578 0.174072 0.03857403 0.174072 0.017578 0.174072 0.03857403 0.162109 0.017578 0.162109 0.03857403 0.1385499 0.017578 0.162109 0.03857403 0.162109 0.017578 0.162109 0.03857403 0.1385499 0.017578 0.1385499 0.03857403 0.36792 0.06884801 0.389648 0.08837902 0.36792 0.08837902 0.389648 0.08837902 0.36792 0.06884801 0.389648 0.06884801 0.349609 0.08837902 0.36792 0.06884801 0.36792 0.08837902 0.36792 0.06884801 0.349609 0.08837902 0.349609 0.06884801 0.36792 0.06884801 0.349609 0.08837902 0.349609 0.06884801 0.349609 0.08837902 0.338867 0.06884801 0.349609 0.06884801 0.349609 0.08837902 0.338867 0.06884801 0.349609 0.06884801 0.338867 0.06884801 0.349609 0.08837902 0.338867 0.08837902 0.316895 0.06884801 0.338867 0.08837902 0.316895 0.08837902 0.338867 0.08837902 0.316895 0.06884801 0.338867 0.06884801 0.587891 0.121094 0.602051 0.104004 0.602051 0.121094 0.830078 0.244629 0.82666 0.2324219 0.830078 0.2324219 0.82666 0.2324219 0.830078 0.244629 0.82666 0.244629 0.82666 0.220215 0.830078 0.2324219 0.82666 0.2324219 0.830078 0.2324219 0.82666 0.220215 0.830078 0.220215 0.82666 0.208008 0.830078 0.220215 0.82666 0.220215 0.830078 0.220215 0.82666 0.208008 0.830078 0.208008 0.82666 0.195801 0.830078 0.208008 0.82666 0.208008 0.830078 0.208008 0.82666 0.195801 0.830078 0.195801 0.82666 0.183105 0.830078 0.195801 0.82666 0.195801 0.830078 0.195801 0.82666 0.183105 0.830078 0.183105 0.82666 0.17041 0.830078 0.183105 0.82666 0.183105 0.830078 0.183105 0.82666 0.17041 0.830078 0.17041 0.830078 0.256836 0.82666 0.244629 0.830078 0.244629 0.82666 0.244629 0.830078 0.256836 0.82666 0.256836 0.830078 0.269043 0.82666 0.256836 0.830078 0.256836 0.82666 0.256836 0.830078 0.269043 0.82666 0.269043 0.830078 0.2817381 0.82666 0.269043 0.830078 0.269043 0.82666 0.269043 0.830078 0.2817381 0.82666 0.2817381 0.830078 0.293457 0.82666 0.2817381 0.830078 0.2817381 0.82666 0.2817381 0.830078 0.293457 0.82666 0.293457 0.830078 0.305664 0.82666 0.293457 0.830078 0.293457 0.82666 0.293457 0.830078 0.305664 0.82666 0.305664 0.830078 0.317871 0.82666 0.305664 0.830078 0.305664 0.82666 0.305664 0.830078 0.317871 0.82666 0.317871 0.830078 0.330078 0.82666 0.317871 0.830078 0.317871 0.82666 0.317871 0.830078 0.330078 0.82666 0.330078 0.830078 0.342285 0.82666 0.330078 0.830078 0.330078 0.82666 0.330078 0.830078 0.342285 0.82666 0.342285 0.830078 0.3549801 0.82666 0.342285 0.830078 0.342285 0.82666 0.342285 0.830078 0.3549801 0.82666 0.3549801 0.830078 0.367188 0.82666 0.3549801 0.830078 0.3549801 0.82666 0.3549801 0.830078 0.367188 0.82666 0.367188 0.817383 0.367188 0.82666 0.3549801 0.82666 0.367188 0.82666 0.3549801 0.817383 0.367188 0.817383 0.3549801 0.817383 0.3549801 0.82666 0.342285 0.82666 0.3549801 0.82666 0.342285 0.817383 0.3549801 0.817383 0.342285 0.817383 0.342285 0.82666 0.330078 0.82666 0.342285 0.82666 0.330078 0.817383 0.342285 0.817383 0.330078 0.817383 0.330078 0.82666 0.317871 0.82666 0.330078 0.817383 0.317871 0.82666 0.305664 0.82666 0.317871 0.82666 0.317871 0.817383 0.330078 0.817383 0.317871 0.82666 0.305664 0.817383 0.317871 0.817383 0.305664 0.808105 0.367188 0.817383 0.3549801 0.817383 0.367188 0.817383 0.3549801 0.808105 0.367188 0.808105 0.3549801 0.808105 0.3549801 0.817383 0.342285 0.817383 0.3549801 0.817383 0.342285 0.808105 0.3549801 0.808105 0.342285 0.808105 0.342285 0.817383 0.330078 0.817383 0.342285 0.808105 0.330078 0.817383 0.317871 0.817383 0.330078 0.817383 0.330078 0.808105 0.342285 0.808105 0.330078 0.808105 0.317871 0.817383 0.305664 0.817383 0.317871 0.817383 0.317871 0.808105 0.330078 0.808105 0.317871 0.817383 0.305664 0.808105 0.317871 0.808105 0.305664 0.808105 0.305664 0.817383 0.293457 0.817383 0.305664 0.82666 0.293457 0.817383 0.305664 0.817383 0.293457 0.817383 0.305664 0.82666 0.293457 0.82666 0.305664 0.817383 0.293457 0.82666 0.2817381 0.82666 0.293457 0.82666 0.2817381 0.817383 0.293457 0.817383 0.2817381 0.817383 0.2817381 0.82666 0.269043 0.82666 0.2817381 0.82666 0.269043 0.817383 0.2817381 0.817383 0.269043 0.817383 0.269043 0.82666 0.256836 0.82666 0.269043 0.82666 0.256836 0.817383 0.269043 0.817383 0.256836 0.817383 0.256836 0.82666 0.244629 0.82666 0.256836 0.82666 0.244629 0.817383 0.256836 0.817383 0.244629 0.817383 0.244629 0.82666 0.2324219 0.82666 0.244629 0.82666 0.2324219 0.817383 0.244629 0.817383 0.2324219 0.817383 0.2324219 0.82666 0.220215 0.82666 0.2324219 0.82666 0.220215 0.817383 0.2324219 0.817383 0.220215 0.817383 0.220215 0.82666 0.208008 0.82666 0.220215 0.82666 0.208008 0.817383 0.220215 0.817383 0.208008 0.817383 0.208008 0.82666 0.195801 0.82666 0.208008 0.82666 0.195801 0.817383 0.208008 0.817383 0.195801 0.817383 0.195801 0.82666 0.183105 0.82666 0.195801 0.82666 0.183105 0.817383 0.195801 0.817383 0.183105 0.817383 0.183105 0.82666 0.17041 0.82666 0.183105 0.82666 0.17041 0.817383 0.183105 0.817383 0.17041 0.817383 0.17041 0.82666 0.158203 0.82666 0.17041 0.82666 0.158203 0.817383 0.17041 0.817383 0.158203 0.817383 0.158203 0.82666 0.146973 0.82666 0.158203 0.82666 0.146973 0.830078 0.158203 0.82666 0.158203 0.830078 0.158203 0.82666 0.17041 0.82666 0.158203 0.830078 0.158203 0.82666 0.146973 0.830078 0.146973 0.82666 0.146973 0.817383 0.158203 0.817383 0.146973 0.817383 0.146973 0.82666 0.135254 0.82666 0.146973 0.82666 0.135254 0.817383 0.146973 0.817383 0.135254 0.817383 0.135254 0.82666 0.1230469 0.82666 0.135254 0.82666 0.1230469 0.817383 0.135254 0.817383 0.1230469 0.808105 0.195801 0.817383 0.183105 0.817383 0.195801 0.817383 0.195801 0.808105 0.208008 0.808105 0.195801 0.808105 0.208008 0.817383 0.195801 0.817383 0.208008 0.817383 0.208008 0.808105 0.220215 0.808105 0.208008 0.808105 0.220215 0.817383 0.208008 0.817383 0.220215 0.817383 0.220215 0.808105 0.2324219 0.808105 0.220215 0.808105 0.2324219 0.817383 0.220215 0.817383 0.2324219 0.817383 0.2324219 0.808105 0.244629 0.808105 0.2324219 0.808105 0.244629 0.817383 0.2324219 0.817383 0.244629 0.817383 0.244629 0.808105 0.256836 0.808105 0.244629 0.808105 0.256836 0.817383 0.244629 0.817383 0.256836 0.817383 0.256836 0.808105 0.269043 0.808105 0.256836 0.808105 0.269043 0.817383 0.256836 0.817383 0.269043 0.817383 0.269043 0.808105 0.2817381 0.808105 0.269043 0.808105 0.2817381 0.817383 0.269043 0.817383 0.2817381 0.817383 0.2817381 0.808105 0.293457 0.808105 0.2817381 0.808105 0.293457 0.817383 0.2817381 0.817383 0.293457 0.817383 0.293457 0.808105 0.305664 0.808105 0.293457 0.79248 0.158203 0.796387 0.156738 0.797852 0.1630859 0.79248 0.158203 0.793945 0.150879 0.796387 0.156738 0.787598 0.1474609 0.793945 0.150879 0.79248 0.158203 0.787598 0.1474609 0.790527 0.14502 0.793945 0.150879 0.79248 0.158203 0.797852 0.1630859 0.79834 0.1699219 0.79248 0.158203 0.79834 0.1699219 0.791992 0.181152 0.791992 0.181152 0.79834 0.1699219 0.797363 0.17627 0.791992 0.181152 0.797363 0.17627 0.795898 0.182617 0.791992 0.181152 0.795898 0.182617 0.793457 0.188477 0.791992 0.181152 0.793457 0.188477 0.790039 0.1943359 0.791992 0.181152 0.790039 0.1943359 0.77832 0.200195 0.77832 0.200195 0.790039 0.1943359 0.785645 0.199219 0.77832 0.200195 0.785645 0.199219 0.780762 0.203613 0.77832 0.200195 0.780762 0.203613 0.775391 0.207031 0.77832 0.200195 0.775391 0.207031 0.769043 0.208984 0.77832 0.200195 0.769043 0.208984 0.756348 0.20752 0.756348 0.20752 0.769043 0.208984 0.762695 0.210938 0.756348 0.20752 0.762695 0.210938 0.756348 0.211426 0.756348 0.211426 0.749512 0.210938 0.756348 0.20752 0.743164 0.208984 0.756348 0.20752 0.749512 0.210938 0.743164 0.208984 0.733887 0.200195 0.756348 0.20752 0.743164 0.208984 0.737305 0.207031 0.733887 0.200195 0.737305 0.207031 0.731934 0.203613 0.733887 0.200195 0.731934 0.203613 0.726562 0.199219 0.733887 0.200195 0.722656 0.1943359 0.733887 0.200195 0.726562 0.199219 0.722656 0.1943359 0.720215 0.181641 0.733887 0.200195 0.722656 0.1943359 0.719238 0.188477 0.720215 0.181641 0.719238 0.188477 0.716797 0.182617 0.720215 0.181641 0.716797 0.182617 0.714844 0.17627 0.720215 0.181641 0.713867 0.1699219 0.720215 0.181641 0.714844 0.17627 0.713867 0.1699219 0.71875 0.158203 0.720215 0.181641 0.713867 0.1699219 0.713867 0.163574 0.71875 0.158203 0.713867 0.163574 0.714844 0.157227 0.71875 0.158203 0.714844 0.157227 0.717285 0.150879 0.71875 0.158203 0.717285 0.150879 0.720215 0.14502 0.71875 0.158203 0.71875 0.158203 0.720215 0.14502 0.723633 0.1474609 0.777344 0.136719 0.779785 0.133301 0.784668 0.137695 0.777344 0.136719 0.784668 0.137695 0.785645 0.14502 0.785645 0.14502 0.784668 0.137695 0.789062 0.142578 0.777344 0.136719 0.774414 0.129883 0.779785 0.133301 0.777344 0.136719 0.768066 0.127441 0.774414 0.129883 0.755371 0.129395 0.768066 0.127441 0.777344 0.136719 0.755371 0.129395 0.761719 0.125977 0.768066 0.127441 0.755371 0.129395 0.755371 0.125488 0.761719 0.125977 0.749023 0.125977 0.755371 0.125488 0.755371 0.129395 0.742676 0.127441 0.749023 0.125977 0.755371 0.129395 0.742676 0.127441 0.755371 0.129395 0.733398 0.136719 0.742676 0.127441 0.733398 0.136719 0.736328 0.129883 0.730957 0.133301 0.736328 0.129883 0.733398 0.136719 0.726074 0.137695 0.730957 0.133301 0.733398 0.136719 0.725098 0.14502 0.726074 0.137695 0.733398 0.136719 0.72168 0.142578 0.726074 0.137695 0.725098 0.14502 0.997559 0.441895 0.648438 0.427734 0.648438 0.441895 0.648438 0.427734 0.997559 0.441895 0.997559 0.427734 0.997559 0.427734 0.648438 0.413086 0.648438 0.427734 0.648438 0.413086 0.997559 0.427734 0.997559 0.413574 0.997559 0.413574 0.648438 0.399414 0.648438 0.413086 0.648438 0.399414 0.997559 0.413574 0.997559 0.398926 0.997559 0.398926 0.648438 0.391602 0.648438 0.399414 0.648438 0.391602 0.997559 0.398926 0.997559 0.3847661 0.646973 0.3847661 0.648438 0.391602 0.997559 0.3847661 0.646973 0.391602 0.648438 0.391602 0.646973 0.3847661 0.997559 0.3706051 0.646973 0.3847661 0.997559 0.3847661 0.646973 0.3847661 0.997559 0.3706051 0.646973 0.3706051 0.04971301 0.375977 0.07049596 0.357422 0.375488 0.375977 0.375488 0.375977 0.07049596 0.357422 0.374023 0.357422 0.07049596 0.357422 0.374023 0.3535161 0.374023 0.357422 0.374023 0.3535161 0.07049596 0.357422 0.07049596 0.3535161 0.118713 0.351562 0.374023 0.3535161 0.07049596 0.3535161 0.07049596 0.3535161 0.113892 0.350098 0.118713 0.351562 0.07049596 0.3535161 0.1107789 0.347168 0.113892 0.350098 0.374023 0.3535161 0.118713 0.351562 0.342773 0.351074 0.347656 0.350098 0.374023 0.3535161 0.342773 0.351074 0.350098 0.3466801 0.374023 0.3535161 0.347656 0.350098 0.07049596 0.3535161 0.109375 0.341797 0.1107789 0.347168 0.351807 0.341797 0.374023 0.3535161 0.350098 0.3466801 0.07049596 0.32959 0.109375 0.341797 0.07049596 0.3535161 0.109375 0.341797 0.07049596 0.32959 0.1107789 0.336426 0.113892 0.333496 0.1107789 0.336426 0.07049596 0.32959 0.118713 0.332031 0.113892 0.333496 0.07049596 0.32959 0.374023 0.32959 0.118713 0.332031 0.07049596 0.32959 0.07049596 0.325684 0.374023 0.32959 0.07049596 0.32959 0.374023 0.32959 0.07049596 0.325684 0.374023 0.325684 0.118713 0.332031 0.374023 0.32959 0.342773 0.332031 0.342773 0.332031 0.374023 0.32959 0.347656 0.3330081 0.347656 0.3330081 0.374023 0.32959 0.350098 0.336426 0.374023 0.32959 0.351807 0.341797 0.350098 0.336426 0.374023 0.32959 0.374023 0.3535161 0.351807 0.341797 0.757324 0.279297 0.804199 0.2836911 0.804199 0.279297 0.804199 0.2836911 0.757324 0.279297 0.757324 0.2836911 0.804199 0.279297 0.757812 0.2749021 0.757324 0.279297 0.757812 0.2749021 0.804199 0.279297 0.804199 0.2749021 0.757324 0.2836911 0.804199 0.288086 0.804199 0.2836911 0.804199 0.288086 0.757324 0.2836911 0.757324 0.288086 0.757324 0.288086 0.804199 0.2924801 0.804199 0.288086 0.757324 0.288086 0.470947 0.2924801 0.804199 0.2924801 0.470947 0.2924801 0.757324 0.288086 0.471191 0.288086 0.470947 0.2924801 0.804199 0.2973631 0.804199 0.2924801 0.804199 0.2973631 0.470947 0.2924801 0.470703 0.2973631 0.470703 0.2973631 0.804199 0.302246 0.804199 0.2973631 0.804199 0.302246 0.470703 0.2973631 0.470459 0.302246 0.470459 0.302246 0.804199 0.3066411 0.804199 0.302246 0.804199 0.3066411 0.470459 0.302246 0.469971 0.3066411 0.469971 0.3066411 0.804199 0.311523 0.804199 0.3066411 0.804199 0.311523 0.469971 0.3066411 0.469727 0.311523 0.469727 0.311523 0.804199 0.315918 0.804199 0.311523 0.804199 0.315918 0.469727 0.311523 0.469238 0.315918 0.469238 0.315918 0.804199 0.320801 0.804199 0.315918 0.804199 0.320801 0.469238 0.315918 0.468994 0.320801 0.468994 0.320801 0.804199 0.325195 0.804199 0.320801 0.804199 0.325195 0.468994 0.320801 0.468506 0.325195 0.468506 0.325195 0.804199 0.32959 0.804199 0.325195 0.804199 0.32959 0.468506 0.325195 0.468262 0.32959 0.468262 0.32959 0.804199 0.334473 0.804199 0.32959 0.804199 0.334473 0.468262 0.32959 0.467773 0.333984 0.467773 0.333984 0.804199 0.338867 0.804199 0.334473 0.804199 0.338867 0.467773 0.333984 0.467529 0.338867 0.467529 0.338867 0.804199 0.343262 0.804199 0.338867 0.804199 0.343262 0.467529 0.338867 0.467285 0.343262 0.467285 0.343262 0.804199 0.348145 0.804199 0.343262 0.804199 0.348145 0.467285 0.343262 0.467041 0.348145 0.467041 0.348145 0.804199 0.3530271 0.804199 0.348145 0.804199 0.3530271 0.467041 0.348145 0.466797 0.3530271 0.466797 0.3530271 0.804199 0.357422 0.804199 0.3530271 0.804199 0.357422 0.466797 0.3530271 0.466553 0.357422 0.466553 0.357422 0.804199 0.3623051 0.804199 0.357422 0.804199 0.3623051 0.466553 0.357422 0.466553 0.3623051 0.466553 0.3623051 0.804199 0.366699 0.804199 0.3623051 0.804199 0.366699 0.466553 0.3623051 0.466553 0.366699 0.340088 0.3466801 0.345215 0.3374021 0.345215 0.3466801 0.345215 0.3374021 0.340088 0.3466801 0.340088 0.3374021 0.340088 0.3466801 0.336182 0.3374021 0.340088 0.3374021 0.336182 0.3374021 0.340088 0.3466801 0.336182 0.3466801 0.336182 0.3466801 0.331787 0.3374021 0.336182 0.3374021 0.331787 0.3374021 0.336182 0.3466801 0.331787 0.3466801 0.331787 0.3466801 0.129395 0.3374021 0.331787 0.3374021 0.129395 0.3374021 0.331787 0.3466801 0.129395 0.3466801 0.129395 0.3466801 0.124817 0.3374021 0.129395 0.3374021 0.124817 0.3374021 0.129395 0.3466801 0.124817 0.3466801 0.124817 0.3466801 0.1210939 0.3374021 0.124817 0.3374021 0.1210939 0.3374021 0.124817 0.3466801 0.1210939 0.3466801 0.116028 0.3466801 0.1210939 0.3374021 0.1210939 0.3466801 0.1210939 0.3374021 0.116028 0.3466801 0.116028 0.3374021 0.1104739 0.459961 0.155762 0.455078 0.160034 0.459961 0.155762 0.455078 0.1104739 0.459961 0.1146849 0.455078 0.155762 0.455078 0.1146849 0.455078 0.149658 0.429688 0.149658 0.429688 0.1146849 0.455078 0.120911 0.429688 0.120911 0.429688 0.1146849 0.455078 0.117188 0.4331051 0.155762 0.455078 0.149658 0.429688 0.15332 0.4331051 0.165039 0.4643551 0.1104739 0.459961 0.160034 0.459961 0.1104739 0.459961 0.165039 0.4643551 0.10553 0.4643551 0.169312 0.4692381 0.10553 0.4643551 0.165039 0.4643551 0.10553 0.4643551 0.169312 0.4692381 0.101318 0.4692381 0.172729 0.475098 0.101318 0.4692381 0.169312 0.4692381 0.101318 0.4692381 0.172729 0.475098 0.09777796 0.475098 0.175293 0.480957 0.09777796 0.475098 0.172729 0.475098 0.09777796 0.475098 0.175293 0.480957 0.09527599 0.480957 0.1767579 0.4873051 0.09527599 0.480957 0.175293 0.480957 0.09527599 0.480957 0.1767579 0.4873051 0.09368896 0.4873051 0.1773679 0.4941411 0.09368896 0.4873051 0.1767579 0.4873051 0.09368896 0.4873051 0.1773679 0.4941411 0.09320098 0.4941411 0.1767579 0.5004881 0.09320098 0.4941411 0.1773679 0.4941411 0.09320098 0.4941411 0.1767579 0.5004881 0.09368896 0.5004881 0.175293 0.5068361 0.09368896 0.5004881 0.1767579 0.5004881 0.09368896 0.5004881 0.175293 0.5068361 0.09527599 0.5068361 0.172729 0.513184 0.09527599 0.5068361 0.175293 0.5068361 0.09527599 0.5068361 0.172729 0.513184 0.09777796 0.513184 0.169312 0.5185551 0.09777796 0.513184 0.172729 0.513184 0.09777796 0.513184 0.169312 0.5185551 0.101318 0.5185551 0.165039 0.523438 0.101318 0.5185551 0.169312 0.5185551 0.101318 0.5185551 0.165039 0.523438 0.10553 0.523438 0.160034 0.527832 0.10553 0.523438 0.165039 0.523438 0.10553 0.523438 0.160034 0.527832 0.1104739 0.527832 0.1542969 0.53125 0.1104739 0.527832 0.160034 0.527832 0.1104739 0.527832 0.1542969 0.53125 0.1160889 0.53125 0.148193 0.5336911 0.1160889 0.53125 0.1542969 0.53125 0.1160889 0.53125 0.148193 0.5336911 0.122314 0.5336911 0.122314 0.5336911 0.148193 0.5336911 0.141846 0.535645 0.122314 0.5336911 0.141846 0.535645 0.135254 0.5361331 0.122314 0.5336911 0.135254 0.5361331 0.1286619 0.535645 0.82666 0.2324219 0.830078 0.244629 0.830078 0.2324219 0.830078 0.244629 0.82666 0.2324219 0.82666 0.244629 0.830078 0.2324219 0.82666 0.220215 0.82666 0.2324219 0.82666 0.220215 0.830078 0.2324219 0.830078 0.220215 0.830078 0.220215 0.82666 0.208008 0.82666 0.220215 0.82666 0.208008 0.830078 0.220215 0.830078 0.208008 0.830078 0.208008 0.82666 0.195801 0.82666 0.208008 0.82666 0.195801 0.830078 0.208008 0.830078 0.195801 0.830078 0.195801 0.82666 0.183105 0.82666 0.195801 0.82666 0.183105 0.830078 0.195801 0.830078 0.183105 0.830078 0.183105 0.82666 0.17041 0.82666 0.183105 0.82666 0.17041 0.830078 0.183105 0.830078 0.17041 0.82666 0.244629 0.830078 0.256836 0.830078 0.244629 0.830078 0.256836 0.82666 0.244629 0.82666 0.256836 0.82666 0.256836 0.830078 0.269043 0.830078 0.256836 0.830078 0.269043 0.82666 0.256836 0.82666 0.269043 0.82666 0.269043 0.830078 0.2817381 0.830078 0.269043 0.830078 0.2817381 0.82666 0.269043 0.82666 0.2817381 0.82666 0.2817381 0.830078 0.293457 0.830078 0.2817381 0.830078 0.293457 0.82666 0.2817381 0.82666 0.293457 0.82666 0.293457 0.830078 0.305664 0.830078 0.293457 0.830078 0.305664 0.82666 0.293457 0.82666 0.305664 0.82666 0.305664 0.830078 0.317871 0.830078 0.305664 0.830078 0.317871 0.82666 0.305664 0.82666 0.317871 0.82666 0.317871 0.830078 0.330078 0.830078 0.317871 0.830078 0.330078 0.82666 0.317871 0.82666 0.330078 0.82666 0.330078 0.830078 0.342285 0.830078 0.330078 0.830078 0.342285 0.82666 0.330078 0.82666 0.342285 0.82666 0.342285 0.830078 0.3549801 0.830078 0.342285 0.830078 0.3549801 0.82666 0.342285 0.82666 0.3549801 0.82666 0.3549801 0.830078 0.367188 0.830078 0.3549801 0.830078 0.367188 0.82666 0.3549801 0.82666 0.367188 0.82666 0.3549801 0.817383 0.367188 0.82666 0.367188 0.817383 0.367188 0.82666 0.3549801 0.817383 0.3549801 0.82666 0.342285 0.817383 0.3549801 0.82666 0.3549801 0.82666 0.330078 0.817383 0.342285 0.82666 0.342285 0.817383 0.3549801 0.82666 0.342285 0.817383 0.342285 0.82666 0.317871 0.817383 0.330078 0.82666 0.330078 0.817383 0.342285 0.82666 0.330078 0.817383 0.330078 0.817383 0.330078 0.82666 0.317871 0.817383 0.317871 0.82666 0.305664 0.817383 0.317871 0.82666 0.317871 0.817383 0.317871 0.82666 0.305664 0.817383 0.305664 0.817383 0.3549801 0.808105 0.367188 0.817383 0.367188 0.808105 0.367188 0.817383 0.3549801 0.808105 0.3549801 0.817383 0.342285 0.808105 0.3549801 0.817383 0.3549801 0.808105 0.3549801 0.817383 0.342285 0.808105 0.342285 0.817383 0.330078 0.808105 0.342285 0.817383 0.342285 0.808105 0.342285 0.817383 0.330078 0.808105 0.330078 0.817383 0.317871 0.808105 0.330078 0.817383 0.330078 0.808105 0.330078 0.817383 0.317871 0.808105 0.317871 0.817383 0.305664 0.808105 0.317871 0.817383 0.317871 0.808105 0.317871 0.817383 0.305664 0.808105 0.305664 0.817383 0.293457 0.808105 0.305664 0.817383 0.305664 0.817383 0.305664 0.82666 0.293457 0.817383 0.293457 0.82666 0.293457 0.817383 0.305664 0.82666 0.305664 0.82666 0.2817381 0.817383 0.293457 0.82666 0.293457 0.817383 0.293457 0.82666 0.2817381 0.817383 0.2817381 0.82666 0.269043 0.817383 0.2817381 0.82666 0.2817381 0.817383 0.2817381 0.82666 0.269043 0.817383 0.269043 0.82666 0.256836 0.817383 0.269043 0.82666 0.269043 0.817383 0.269043 0.82666 0.256836 0.817383 0.256836 0.82666 0.244629 0.817383 0.256836 0.82666 0.256836 0.817383 0.256836 0.82666 0.244629 0.817383 0.244629 0.82666 0.2324219 0.817383 0.244629 0.82666 0.244629 0.817383 0.244629 0.82666 0.2324219 0.817383 0.2324219 0.82666 0.220215 0.817383 0.2324219 0.82666 0.2324219 0.817383 0.2324219 0.82666 0.220215 0.817383 0.220215 0.82666 0.208008 0.817383 0.220215 0.82666 0.220215 0.817383 0.220215 0.82666 0.208008 0.817383 0.208008 0.82666 0.195801 0.817383 0.208008 0.82666 0.208008 0.817383 0.208008 0.82666 0.195801 0.817383 0.195801 0.82666 0.183105 0.817383 0.195801 0.82666 0.195801 0.817383 0.195801 0.82666 0.183105 0.817383 0.183105 0.82666 0.17041 0.817383 0.183105 0.82666 0.183105 0.817383 0.183105 0.82666 0.17041 0.817383 0.17041 0.82666 0.158203 0.817383 0.17041 0.82666 0.17041 0.817383 0.17041 0.82666 0.158203 0.817383 0.158203 0.82666 0.146973 0.817383 0.158203 0.82666 0.158203 0.830078 0.158203 0.82666 0.146973 0.82666 0.158203 0.82666 0.146973 0.830078 0.158203 0.830078 0.146973 0.817383 0.158203 0.82666 0.146973 0.817383 0.146973 0.82666 0.135254 0.817383 0.146973 0.82666 0.146973 0.830078 0.146973 0.82666 0.135254 0.82666 0.146973 0.817383 0.146973 0.82666 0.135254 0.817383 0.135254 0.82666 0.1230469 0.817383 0.135254 0.82666 0.135254 0.817383 0.135254 0.82666 0.1230469 0.817383 0.1230469 0.817383 0.17041 0.802246 0.183105 0.817383 0.183105 0.817383 0.158203 0.802246 0.17041 0.817383 0.17041 0.802246 0.183105 0.817383 0.17041 0.802246 0.17041 0.802246 0.17041 0.817383 0.158203 0.802246 0.158203 0.817383 0.146973 0.802246 0.158203 0.817383 0.158203 0.802246 0.158203 0.817383 0.146973 0.802246 0.146973 0.817383 0.135254 0.802246 0.146973 0.817383 0.146973 0.802246 0.146973 0.817383 0.135254 0.802246 0.135254 0.817383 0.1230469 0.802246 0.135254 0.817383 0.135254 0.802246 0.135254 0.817383 0.1230469 0.802246 0.1230469 0.998047 0.158203 0.830078 0.146973 0.830078 0.158203 0.830078 0.158203 0.998047 0.17041 0.998047 0.158203 0.998047 0.17041 0.830078 0.158203 0.830078 0.17041 0.830078 0.17041 0.998047 0.183105 0.998047 0.17041 0.998047 0.183105 0.830078 0.17041 0.830078 0.183105 0.830078 0.183105 0.998047 0.195801 0.998047 0.183105 0.998047 0.195801 0.830078 0.183105 0.830078 0.195801 0.830078 0.195801 0.998047 0.208008 0.998047 0.195801 0.998047 0.208008 0.830078 0.195801 0.830078 0.208008 0.830078 0.208008 0.998047 0.220215 0.998047 0.208008 0.998047 0.220215 0.830078 0.208008 0.830078 0.220215 0.830078 0.220215 0.998047 0.2324219 0.998047 0.220215 0.998047 0.2324219 0.830078 0.220215 0.830078 0.2324219 0.830078 0.2324219 0.998047 0.244629 0.998047 0.2324219 0.998047 0.244629 0.830078 0.2324219 0.830078 0.244629 0.830078 0.244629 0.998047 0.256836 0.998047 0.244629 0.998047 0.256836 0.830078 0.244629 0.830078 0.256836 0.830078 0.256836 0.998047 0.269043 0.998047 0.256836 0.998047 0.269043 0.830078 0.256836 0.830078 0.269043 0.830078 0.269043 0.998047 0.2817381 0.998047 0.269043 0.998047 0.2817381 0.830078 0.269043 0.830078 0.2817381 0.830078 0.2817381 0.998047 0.293457 0.998047 0.2817381 0.998047 0.293457 0.830078 0.2817381 0.830078 0.293457 0.830078 0.293457 0.998047 0.305664 0.998047 0.293457 0.998047 0.305664 0.830078 0.293457 0.830078 0.305664 0.830078 0.305664 0.998047 0.317871 0.998047 0.305664 0.998047 0.317871 0.830078 0.305664 0.830078 0.317871 0.830078 0.317871 0.998047 0.330078 0.998047 0.317871 0.998047 0.330078 0.830078 0.317871 0.830078 0.330078 0.830078 0.330078 0.998047 0.342285 0.998047 0.330078 0.998047 0.342285 0.830078 0.330078 0.830078 0.342285 0.830078 0.342285 0.998047 0.3549801 0.998047 0.342285 0.998047 0.3549801 0.830078 0.342285 0.830078 0.3549801 0.830078 0.3549801 0.998047 0.367188 0.998047 0.3549801 0.998047 0.367188 0.830078 0.3549801 0.830078 0.367188 0.808105 0.244629 0.817383 0.2324219 0.808105 0.2324219 0.817383 0.2324219 0.808105 0.244629 0.817383 0.244629 0.817383 0.220215 0.808105 0.2324219 0.817383 0.2324219 0.808105 0.2324219 0.817383 0.220215 0.808105 0.220215 0.817383 0.208008 0.808105 0.220215 0.817383 0.220215 0.808105 0.220215 0.817383 0.208008 0.808105 0.208008 0.817383 0.195801 0.808105 0.208008 0.817383 0.208008 0.808105 0.208008 0.817383 0.195801 0.808105 0.195801 0.808105 0.256836 0.817383 0.244629 0.808105 0.244629 0.817383 0.244629 0.808105 0.256836 0.817383 0.256836 0.808105 0.269043 0.817383 0.256836 0.808105 0.256836 0.817383 0.256836 0.808105 0.269043 0.817383 0.269043 0.808105 0.2817381 0.817383 0.269043 0.808105 0.269043 0.817383 0.269043 0.808105 0.2817381 0.817383 0.2817381 0.808105 0.293457 0.817383 0.2817381 0.808105 0.2817381 0.817383 0.2817381 0.808105 0.293457 0.817383 0.293457 0.808105 0.305664 0.817383 0.293457 0.808105 0.293457 0.817383 0.183105 0.808105 0.195801 0.817383 0.195801 0.808105 0.195801 0.817383 0.183105 0.802246 0.183105 0.802246 0.195801 0.808105 0.195801 0.802246 0.183105 0.648438 0.413086 0.997559 0.398926 0.997559 0.413574 0.997559 0.398926 0.648438 0.413086 0.648438 0.399414 0.997559 0.413574 0.648438 0.427734 0.648438 0.413086 0.648438 0.427734 0.997559 0.413574 0.997559 0.427734 0.997559 0.427734 0.648438 0.441895 0.648438 0.427734 0.648438 0.441895 0.997559 0.427734 0.997559 0.441895 0.648438 0.399414 0.997559 0.3847661 0.997559 0.398926 0.997559 0.3847661 0.648438 0.399414 0.648438 0.391602 0.646973 0.3847661 0.997559 0.3847661 0.648438 0.391602 0.646973 0.3847661 0.997559 0.3706051 0.997559 0.3847661 0.997559 0.3706051 0.646973 0.3847661 0.646973 0.3706051 0.646973 0.3847661 0.648438 0.391602 0.646973 0.391602 0.374023 0.357422 0.07049596 0.357422 0.375488 0.375977 0.375488 0.375977 0.07049596 0.357422 0.04971301 0.375977 0.804199 0.2836911 0.757324 0.279297 0.804199 0.279297 0.757324 0.279297 0.804199 0.2836911 0.757324 0.2836911 0.757812 0.2749021 0.804199 0.279297 0.757324 0.279297 0.804199 0.279297 0.757812 0.2749021 0.804199 0.2749021 0.804199 0.2836911 0.757324 0.288086 0.757324 0.2836911 0.757324 0.288086 0.804199 0.2836911 0.804199 0.288086 0.804199 0.2924801 0.757324 0.288086 0.804199 0.288086 0.804199 0.2924801 0.471191 0.288086 0.757324 0.288086 0.471191 0.288086 0.804199 0.2924801 0.470947 0.2924801 0.804199 0.2924801 0.470703 0.2973631 0.470947 0.2924801 0.470703 0.2973631 0.804199 0.2924801 0.804199 0.2973631 0.804199 0.2973631 0.470459 0.302246 0.470703 0.2973631 0.470459 0.302246 0.804199 0.2973631 0.804199 0.302246 0.804199 0.302246 0.469971 0.3066411 0.470459 0.302246 0.469971 0.3066411 0.804199 0.302246 0.804199 0.3066411 0.804199 0.3066411 0.469727 0.311523 0.469971 0.3066411 0.469727 0.311523 0.804199 0.3066411 0.804199 0.311523 0.804199 0.311523 0.469238 0.315918 0.469727 0.311523 0.469238 0.315918 0.804199 0.311523 0.804199 0.316406 0.804199 0.316406 0.468994 0.320801 0.469238 0.315918 0.468994 0.320801 0.804199 0.316406 0.804199 0.320801 0.804199 0.320801 0.468506 0.325195 0.468994 0.320801 0.468506 0.325195 0.804199 0.320801 0.804199 0.325195 0.804199 0.325195 0.468018 0.32959 0.468506 0.325195 0.468018 0.32959 0.804199 0.325195 0.804199 0.32959 0.804199 0.32959 0.467773 0.334473 0.468018 0.32959 0.467773 0.334473 0.804199 0.32959 0.804199 0.334473 0.804199 0.334473 0.467529 0.338867 0.467773 0.334473 0.467529 0.338867 0.804199 0.334473 0.804199 0.338867 0.804199 0.338867 0.467041 0.343262 0.467529 0.338867 0.467041 0.343262 0.804199 0.338867 0.804199 0.343262 0.804199 0.343262 0.466797 0.348145 0.467041 0.343262 0.466797 0.348145 0.804199 0.343262 0.804199 0.348145 0.804199 0.348145 0.466797 0.3530271 0.466797 0.348145 0.466797 0.3530271 0.804199 0.348145 0.804199 0.3530271 0.804199 0.3530271 0.466553 0.357422 0.466797 0.3530271 0.466553 0.357422 0.804199 0.3530271 0.804199 0.357422 0.804199 0.357422 0.466553 0.3623051 0.466553 0.357422 0.466553 0.3623051 0.804199 0.357422 0.804199 0.3623051 0.804199 0.3623051 0.466553 0.366699 0.466553 0.3623051 0.466553 0.366699 0.804199 0.3623051 0.804199 0.366699 0.038208 0.330078 0.07049596 0.325684 0.07049596 0.32959 0.07049596 0.325684 0.038208 0.330078 0.03741496 0.3237301 0.038208 0.330078 0.07049596 0.32959 0.03909295 0.335938 0.03909295 0.335938 0.07049596 0.32959 0.03930699 0.341309 0.03930699 0.341309 0.07049596 0.32959 0.07049596 0.3535161 0.03930699 0.341309 0.07049596 0.3535161 0.03900098 0.347168 0.03900098 0.347168 0.07049596 0.3535161 0.03808599 0.3530271 0.07049596 0.357422 0.03808599 0.3530271 0.07049596 0.3535161 0.03808599 0.3530271 0.07049596 0.357422 0.037292 0.359375 0.340088 0.3466801 0.345215 0.3374021 0.340088 0.3374021 0.345215 0.3374021 0.340088 0.3466801 0.345215 0.3466801 0.336182 0.3374021 0.340088 0.3466801 0.340088 0.3374021 0.340088 0.3466801 0.336182 0.3374021 0.336182 0.3466801 0.331787 0.3374021 0.336182 0.3466801 0.336182 0.3374021 0.336182 0.3466801 0.331787 0.3374021 0.331787 0.3466801 0.129395 0.3374021 0.331787 0.3466801 0.331787 0.3374021 0.331787 0.3466801 0.129395 0.3374021 0.129395 0.3466801 0.124817 0.3374021 0.129395 0.3466801 0.129395 0.3374021 0.129395 0.3466801 0.124817 0.3374021 0.124817 0.3466801 0.1210939 0.3374021 0.124817 0.3466801 0.124817 0.3374021 0.124817 0.3466801 0.1210939 0.3374021 0.1210939 0.3466801 0.1210939 0.3374021 0.116028 0.3466801 0.1210939 0.3466801 0.116028 0.3466801 0.1210939 0.3374021 0.116028 0.3374021 0.623047 0.242676 0.624023 0.246094 0.623047 0.25 0.621582 0.2524411 0.623047 0.242676 0.623047 0.25 0.623047 0.242676 0.621582 0.2524411 0.621582 0.240234 0.618164 0.2529301 0.621582 0.240234 0.621582 0.2524411 0.621582 0.240234 0.618164 0.2529301 0.618164 0.239746 0.4646 0.253418 0.618164 0.239746 0.618164 0.2529301 0.618164 0.239746 0.4646 0.253418 0.4646 0.239746 0.461182 0.2524411 0.4646 0.239746 0.4646 0.253418 0.4646 0.239746 0.461182 0.2524411 0.461182 0.240723 0.459229 0.25 0.461182 0.240723 0.461182 0.2524411 0.461182 0.240723 0.459229 0.25 0.459229 0.242676 0.459229 0.242676 0.459229 0.25 0.458252 0.246094 0.776855 0.140137 0.788574 0.179199 0.776855 0.196777 0.788574 0.179199 0.776855 0.140137 0.788574 0.15625 0.756348 0.203613 0.776855 0.140137 0.776855 0.196777 0.776855 0.140137 0.756348 0.203613 0.756348 0.133301 0.73584 0.196777 0.756348 0.133301 0.756348 0.203613 0.756348 0.133301 0.73584 0.196777 0.73584 0.140137 0.722656 0.179199 0.73584 0.140137 0.73584 0.196777 0.73584 0.140137 0.722656 0.179199 0.722656 0.157715 0.817383 0.183105 0.808105 0.195801 0.802246 0.183105 0.802246 0.183105 0.817383 0.17041 0.817383 0.183105 0.817383 0.17041 0.802246 0.183105 0.802246 0.17041 0.802246 0.17041 0.817383 0.158203 0.817383 0.17041 0.817383 0.158203 0.802246 0.17041 0.802246 0.158203 0.802246 0.158203 0.817383 0.146973 0.817383 0.158203 0.817383 0.146973 0.802246 0.158203 0.802246 0.146973 0.802246 0.146973 0.817383 0.135254 0.817383 0.146973 0.817383 0.135254 0.802246 0.146973 0.802246 0.135254 0.802246 0.135254 0.817383 0.1230469 0.817383 0.135254 0.817383 0.1230469 0.802246 0.135254 0.802246 0.1230469 0.802246 0.183105 0.808105 0.195801 0.802246 0.195801 0.785645 0.14502 0.790527 0.14502 0.787598 0.1474609 0.790527 0.14502 0.785645 0.14502 0.789062 0.142578 0.72168 0.142578 0.723633 0.1474609 0.720215 0.14502 0.723633 0.1474609 0.72168 0.142578 0.725098 0.14502 0.998047 0.135254 0.830078 0.146973 0.830078 0.135254 0.830078 0.146973 0.998047 0.135254 0.998047 0.146973 0.830078 0.135254 0.997559 0.1230469 0.998047 0.135254 0.997559 0.1230469 0.830078 0.135254 0.830078 0.1230469 0.998047 0.146973 0.830078 0.158203 0.830078 0.146973 0.830078 0.158203 0.998047 0.146973 0.998047 0.158203 0.998047 0.158203 0.830078 0.17041 0.830078 0.158203 0.830078 0.17041 0.998047 0.158203 0.998047 0.17041 0.998047 0.17041 0.830078 0.183105 0.830078 0.17041 0.830078 0.183105 0.998047 0.17041 0.998047 0.183105 0.998047 0.183105 0.830078 0.195801 0.830078 0.183105 0.830078 0.195801 0.998047 0.183105 0.998047 0.195801 0.998047 0.195801 0.830078 0.208008 0.830078 0.195801 0.830078 0.208008 0.998047 0.195801 0.998047 0.208008 0.998047 0.208008 0.830078 0.220215 0.830078 0.208008 0.830078 0.220215 0.998047 0.208008 0.998047 0.220215 0.998047 0.220215 0.830078 0.2324219 0.830078 0.220215 0.830078 0.2324219 0.998047 0.220215 0.998047 0.2324219 0.998047 0.2324219 0.830078 0.244629 0.830078 0.2324219 0.830078 0.244629 0.998047 0.2324219 0.998047 0.244629 0.998047 0.244629 0.830078 0.256836 0.830078 0.244629 0.830078 0.256836 0.998047 0.244629 0.998047 0.256836 0.998047 0.256836 0.830078 0.269043 0.830078 0.256836 0.830078 0.269043 0.998047 0.256836 0.998047 0.269043 0.998047 0.269043 0.830078 0.2817381 0.830078 0.269043 0.830078 0.2817381 0.998047 0.269043 0.998047 0.28125 0.998047 0.28125 0.830078 0.293457 0.830078 0.2817381 0.830078 0.293457 0.998047 0.28125 0.998047 0.293457 0.998047 0.293457 0.830078 0.305664 0.830078 0.293457 0.830078 0.305664 0.998047 0.293457 0.998047 0.305664 0.998047 0.305664 0.830078 0.317871 0.830078 0.305664 0.830078 0.317871 0.998047 0.305664 0.998047 0.317871 0.998047 0.317871 0.830078 0.330078 0.830078 0.317871 0.830078 0.330078 0.998047 0.317871 0.998047 0.330078 0.998047 0.330078 0.830078 0.342285 0.830078 0.330078 0.830078 0.342285 0.998047 0.330078 0.998047 0.342285 0.998047 0.342285 0.830078 0.3549801 0.830078 0.342285 0.830078 0.3549801 0.998047 0.342285 0.998047 0.3549801 0.998047 0.3549801 0.830078 0.367188 0.830078 0.3549801 0.830078 0.367188 0.998047 0.3549801 0.998047 0.367188 0.998047 0.146973 0.830078 0.135254 0.830078 0.146973 0.830078 0.135254 0.998047 0.146973 0.998047 0.135254 0.998047 0.135254 0.830078 0.1230469 0.830078 0.135254 0.830078 0.1230469 0.998047 0.135254 0.997559 0.1230469 0.830078 0.146973 0.998047 0.158203 0.998047 0.146973 0.82666 0.135254 0.830078 0.146973 0.830078 0.135254 0.830078 0.135254 0.82666 0.1230469 0.82666 0.135254 0.82666 0.1230469 0.830078 0.135254 0.830078 0.1230469 0.830078 0.135254 0.82666 0.146973 0.82666 0.135254 0.82666 0.146973 0.830078 0.135254 0.830078 0.146973 0.82666 0.135254 0.830078 0.1230469 0.830078 0.135254 0.830078 0.1230469 0.82666 0.135254 0.82666 0.1230469 0.82666 0.17041 0.830078 0.158203 0.830078 0.17041 0.830078 0.17041 0.82666 0.158203 0.82666 0.17041 0.82666 0.158203 0.830078 0.17041 0.830078 0.158203 0.869141 0.105957 0.605469 0.132324 0.612793 0.10791 0.598633 0.115234 0.612793 0.10791 0.605469 0.132324 0.598633 0.115234 0.600586 0.10791 0.612793 0.10791 0.598633 0.115234 0.588867 0.114746 0.600586 0.10791 0.598633 0.115234 0.588867 0.128418 0.588867 0.114746 0.588867 0.128418 0.598633 0.115234 0.597168 0.129395 0.597168 0.129395 0.598633 0.115234 0.605469 0.132324 0.605469 0.132324 0.597168 0.144531 0.597168 0.129395 0.597168 0.144531 0.605469 0.132324 0.605957 0.158203 0.605469 0.132324 0.869141 0.105957 0.605957 0.158203 0.597168 0.129395 0.588867 0.144531 0.588867 0.128418 0.588867 0.144531 0.597168 0.129395 0.597168 0.144531 0.597168 0.144531 0.605957 0.158203 0.597656 0.171875 0.605957 0.158203 0.605957 0.183594 0.597656 0.171875 0.597656 0.186523 0.597656 0.171875 0.605957 0.183594 0.605957 0.183594 0.605957 0.158203 0.869141 0.208984 0.605957 0.158203 0.869141 0.105957 0.869141 0.208984 0.613281 0.208496 0.605957 0.183594 0.869141 0.208984 0.605957 0.183594 0.613281 0.208496 0.598633 0.200684 0.605957 0.183594 0.598633 0.200684 0.597656 0.186523 0.598633 0.200684 0.588867 0.1875 0.597656 0.186523 0.588867 0.1875 0.598633 0.200684 0.588867 0.2011719 0.601074 0.208496 0.588867 0.2011719 0.598633 0.200684 0.613281 0.208496 0.601074 0.208496 0.598633 0.200684 0.597656 0.186523 0.588867 0.171875 0.597656 0.171875 0.588867 0.171875 0.597656 0.186523 0.588867 0.1875 0.588867 0.171875 0.588867 0.158203 0.597656 0.171875 0.588867 0.158203 0.597168 0.144531 0.597656 0.171875 0.588867 0.144531 0.597168 0.144531 0.588867 0.158203 0.869141 0.208984 0.902832 0.09521502 0.902832 0.220215 0.902832 0.09521502 0.869141 0.208984 0.869141 0.105957 0.928711 0.09130901 0.902832 0.220215 0.902832 0.09521502 0.902832 0.220215 0.928711 0.09130901 0.928711 0.224609 0.941895 0.09228503 0.928711 0.224609 0.928711 0.09130901 0.928711 0.224609 0.941895 0.09228503 0.941895 0.223145 0.954102 0.09619104 0.941895 0.223145 0.941895 0.09228503 0.941895 0.223145 0.954102 0.09619104 0.954102 0.219238 0.96582 0.102539 0.954102 0.219238 0.954102 0.09619104 0.954102 0.219238 0.96582 0.102539 0.96582 0.212891 0.975586 0.11084 0.96582 0.212891 0.96582 0.102539 0.96582 0.212891 0.975586 0.11084 0.975586 0.20459 0.983887 0.121094 0.975586 0.20459 0.975586 0.11084 0.975586 0.20459 0.983887 0.121094 0.983887 0.1943359 0.989746 0.132324 0.983887 0.1943359 0.983887 0.121094 0.983887 0.1943359 0.989746 0.132324 0.989746 0.183105 0.989746 0.132324 0.995117 0.157715 0.989746 0.183105 0.989746 0.132324 0.993652 0.14502 0.995117 0.157715 0.995117 0.157715 0.993652 0.17041 0.989746 0.183105 0.182617 0.03271502 0.1987299 0.040039 0.1875 0.02978503 0.1987299 0.040039 0.182617 0.03271502 0.193481 0.04296904 0.179688 0.02490204 0.182617 0.03271502 0.1875 0.02978503 0.182617 0.03271502 0.179688 0.02490204 0.1761469 0.02832001 0.1979979 0.05371099 0.1987299 0.040039 0.193481 0.04296904 0.1987299 0.040039 0.1979979 0.05371099 0.2067869 0.04931604 0.2042239 0.07080101 0.2067869 0.04931604 0.1979979 0.05371099 0.2067869 0.04931604 0.2042239 0.07080101 0.213867 0.06201201 0.2042239 0.07080101 0.221436 0.07373005 0.213867 0.06201201 0.1999509 0.118164 0.221436 0.07373005 0.2042239 0.07080101 0.221436 0.07373005 0.1999509 0.118164 0.2274169 0.08300805 0.1999509 0.118164 0.274414 0.146973 0.2274169 0.08300805 0.1999509 0.118164 0.1674799 0.279297 0.274414 0.146973 0.128296 0.26416 0.1674799 0.279297 0.1999509 0.118164 0.128296 0.26416 0.1999509 0.118164 0.089172 0.2548831 0.179688 0.02490204 0.169556 0.024414 0.1761469 0.02832001 0.169556 0.024414 0.179688 0.02490204 0.171875 0.02050805 0.560059 0.962402 0.398438 0.979996 0.393799 0.9603881 0.379639 0.969193 0.393799 0.9603881 0.398438 0.979996 0.379639 0.969193 0.361328 0.958496 0.393799 0.9603881 0.358643 0.969193 0.361328 0.958496 0.379639 0.969193 0.401611 0.996099 0.379639 0.969193 0.398438 0.979996 0.337402 0.969193 0.361328 0.958496 0.358643 0.969193 0.337402 0.969193 0.343994 0.9595031 0.361328 0.958496 0.361328 0.958496 0.39502 0.941895 0.393799 0.9603881 0.39502 0.941895 0.361328 0.958496 0.36377 0.941406 0.36377 0.941406 0.396484 0.92627 0.39502 0.941895 0.556641 0.92627 0.39502 0.941895 0.396484 0.92627 0.39502 0.941895 0.556641 0.92627 0.557617 0.94339 0.557617 0.94339 0.393799 0.9603881 0.39502 0.941895 0.393799 0.9603881 0.557617 0.94339 0.560059 0.962402 0.396484 0.92627 0.36377 0.941406 0.366455 0.92627 0.344971 0.941406 0.366455 0.92627 0.36377 0.941406 0.344971 0.941406 0.361328 0.958496 0.343994 0.9595031 0.361328 0.958496 0.344971 0.941406 0.36377 0.941406 0.366455 0.92627 0.344971 0.941406 0.34668 0.92627 0.320312 0.942902 0.34668 0.92627 0.344971 0.941406 0.34668 0.92627 0.320312 0.942902 0.320312 0.92627 0.344971 0.941406 0.320312 0.9603881 0.320312 0.942902 0.320312 0.9603881 0.344971 0.941406 0.343994 0.9595031 0.337402 0.969193 0.320312 0.9603881 0.343994 0.9595031 0.320312 0.969193 0.320312 0.9603881 0.337402 0.969193 0.344971 0.910583 0.366455 0.92627 0.34668 0.92627 0.366455 0.92627 0.344971 0.910583 0.36377 0.911072 0.36377 0.911072 0.396484 0.92627 0.366455 0.92627 0.39502 0.9102171 0.556641 0.92627 0.396484 0.92627 0.396484 0.92627 0.36377 0.911072 0.39502 0.9102171 0.556641 0.92627 0.39502 0.9102171 0.557617 0.9086911 0.34668 0.92627 0.320312 0.909729 0.344971 0.910583 0.320312 0.909729 0.34668 0.92627 0.320312 0.92627 0.361328 0.8939821 0.39502 0.9102171 0.36377 0.911072 0.344971 0.910583 0.361328 0.8939821 0.36377 0.911072 0.39502 0.9102171 0.361328 0.8939821 0.393555 0.89209 0.393555 0.89209 0.557617 0.9086911 0.39502 0.9102171 0.393555 0.89209 0.361328 0.8939821 0.379395 0.882812 0.398438 0.8720701 0.393555 0.89209 0.379395 0.882812 0.398438 0.8720701 0.560059 0.8895871 0.393555 0.89209 0.557617 0.9086911 0.393555 0.89209 0.560059 0.8895871 0.560059 0.8895871 0.398438 0.8720701 0.567871 0.873535 0.567871 0.873535 0.578613 0.8895871 0.560059 0.8895871 0.401611 0.855957 0.567871 0.873535 0.398438 0.8720701 0.398438 0.8720701 0.379395 0.882812 0.401611 0.855957 0.567871 0.873535 0.401611 0.855957 0.566895 0.855957 0.578613 0.8895871 0.567871 0.873535 0.575684 0.873535 0.379395 0.882812 0.361328 0.8939821 0.358643 0.883301 0.358643 0.883301 0.361328 0.8939821 0.337402 0.883301 0.361328 0.8939821 0.343994 0.892578 0.337402 0.883301 0.343994 0.892578 0.320312 0.891602 0.337402 0.883301 0.577148 0.908203 0.560059 0.8895871 0.578613 0.8895871 0.560059 0.8895871 0.577148 0.908203 0.557617 0.9086911 0.575684 0.92627 0.557617 0.9086911 0.577148 0.908203 0.344971 0.910583 0.320312 0.891602 0.343994 0.892578 0.320312 0.891602 0.344971 0.910583 0.320312 0.909729 0.361328 0.8939821 0.344971 0.910583 0.343994 0.892578 0.578613 0.8895871 0.591797 0.9086911 0.577148 0.908203 0.591797 0.92627 0.577148 0.908203 0.591797 0.9086911 0.591797 0.92627 0.575684 0.92627 0.577148 0.908203 0.591797 0.9086911 0.578613 0.8895871 0.591797 0.890625 0.337402 0.883301 0.320312 0.891602 0.320312 0.883301 0.575684 0.92627 0.556641 0.92627 0.557617 0.9086911 0.578613 0.8895871 0.591797 0.873535 0.591797 0.890625 0.591797 0.873535 0.578613 0.8895871 0.575684 0.873535 0.07482898 0.035645 0.07519501 0.05322301 0.03080695 0.03613305 0.07482898 0.035645 0.03080695 0.03613305 0.03259301 0.01855504 0.03080695 0.03613305 0.02270495 0.01513701 0.03259301 0.01855504 0.02270495 0.01513701 0.03080695 0.03613305 0.020599 0.033203 0.020599 0.033203 0.01319897 0.02539104 0.02270495 0.01513701 0.02270495 0.01513701 0.03628498 0.01318401 0.03259301 0.01855504 0.03628498 0.01318401 0.02270495 0.01513701 0.02909898 0.009277045 0.04031395 0.00488305 0.03628498 0.01318401 0.02909898 0.009277045 0.03628498 0.01318401 0.04031395 0.00488305 0.04290801 0.01123005 0.04290801 0.01123005 0.03259301 0.01855504 0.03628498 0.01318401 0.03259301 0.01855504 0.04290801 0.01123005 0.07482898 0.035645 0.04031395 0.00488305 0.047791 0.009766042 0.04290801 0.01123005 0.07482898 0.035645 0.04290801 0.01123005 0.047791 0.009766042 0.05770897 0.009766042 0.07482898 0.035645 0.047791 0.009766042 0.047791 0.009766042 0.04031395 0.00488305 0.04650896 0.004395008 0.03080695 0.03613305 0.07519501 0.05322301 0.03039598 0.05322301 0.03039598 0.05322301 0.020599 0.033203 0.03080695 0.03613305 0.020599 0.033203 0.01529699 0.05419903 0.01319897 0.02539104 0.01319897 0.02539104 0.01529699 0.05419903 0.003699958 0.055664 0.012398 0.205566 0.003699958 0.055664 0.01529699 0.05419903 0.003699958 0.055664 0.012398 0.205566 0.003699958 0.193848 0.020599 0.033203 0.02130097 0.05371099 0.01529699 0.05419903 0.020599 0.033203 0.03039598 0.05322301 0.02130097 0.05371099 0.05270397 0.003906011 0.047791 0.009766042 0.04650896 0.004395008 0.05770897 0.009766042 0.047791 0.009766042 0.05270397 0.003906011 0.03039598 0.05322301 0.02439898 0.213379 0.02130097 0.05371099 0.01529699 0.05419903 0.02439898 0.213379 0.012398 0.205566 0.02439898 0.213379 0.01529699 0.05419903 0.02130097 0.05371099 0.012398 0.205566 0.02439898 0.213379 0.017807 0.215332 0.02439898 0.213379 0.03039598 0.05322301 0.03271496 0.212891 0.07519501 0.05322301 0.03271496 0.212891 0.03039598 0.05322301 0.03271496 0.212891 0.07519501 0.05322301 0.07342499 0.212891 0.07519501 0.05322301 0.08172601 0.213379 0.07342499 0.212891 0.08172601 0.213379 0.07519501 0.05322301 0.08422899 0.05371099 0.07519501 0.05322301 0.08489996 0.03271502 0.08422899 0.05371099 0.09027099 0.05419903 0.08422899 0.05371099 0.08489996 0.03271502 0.09027099 0.05419903 0.08172601 0.213379 0.08422899 0.05371099 0.09228497 0.02539104 0.09027099 0.05419903 0.08489996 0.03271502 0.102783 0.05517601 0.09027099 0.05419903 0.09228497 0.02539104 0.102783 0.05517601 0.09362798 0.205566 0.09027099 0.05419903 0.08172601 0.213379 0.09027099 0.05419903 0.09362798 0.205566 0.09362798 0.205566 0.102783 0.05517601 0.102783 0.193359 0.08288598 0.01513701 0.09228497 0.02539104 0.08489996 0.03271502 0.08831799 0.214844 0.08172601 0.213379 0.09362798 0.205566 0.07482898 0.035645 0.08288598 0.01513701 0.08489996 0.03271502 0.08489996 0.03271502 0.07519501 0.05322301 0.07482898 0.035645 0.08288598 0.01513701 0.07482898 0.035645 0.07299798 0.01806604 0.06927496 0.01318401 0.08288598 0.01513701 0.07299798 0.01806604 0.08288598 0.01513701 0.06927496 0.01318401 0.07641601 0.008789002 0.06927496 0.01318401 0.06500196 0.00488305 0.07641601 0.008789002 0.06500196 0.00488305 0.06927496 0.01318401 0.06262201 0.01123005 0.06927496 0.01318401 0.07299798 0.01806604 0.06262201 0.01123005 0.07482898 0.035645 0.06262201 0.01123005 0.07299798 0.01806604 0.05770897 0.009766042 0.06500196 0.00488305 0.06262201 0.01123005 0.05770897 0.009766042 0.06262201 0.01123005 0.07482898 0.035645 0.06500196 0.00488305 0.05770897 0.009766042 0.05889898 0.004395008 0.05889898 0.004395008 0.05770897 0.009766042 0.05270397 0.003906011 0.08441197 0.441406 0.182129 0.4316411 0.182129 0.438965 0.182129 0.4316411 0.08441197 0.441406 0.08441197 0.4311521 0.09307897 0.419922 0.182129 0.4316411 0.08441197 0.4311521 0.182129 0.4316411 0.09307897 0.419922 0.182129 0.419922 0.182129 0.438965 0.08441197 0.450684 0.08441197 0.441406 0.08441197 0.450684 0.182129 0.438965 0.182129 0.450195 0.182129 0.461426 0.08441197 0.450684 0.182129 0.450195 0.08441197 0.450684 0.182129 0.461426 0.08441197 0.459961 0.182129 0.4692381 0.08441197 0.459961 0.182129 0.461426 0.08441197 0.459961 0.182129 0.4692381 0.08441197 0.470215 0.182129 0.4692381 0.09332299 0.480957 0.08441197 0.470215 0.09332299 0.480957 0.182129 0.4692381 0.182129 0.480957 0.155151 0.3618161 0.121582 0.352051 0.1324459 0.3754881 0.140747 0.387207 0.155151 0.3618161 0.1324459 0.3754881 0.166992 0.3779301 0.155151 0.3618161 0.140747 0.387207 0.166992 0.3779301 0.140747 0.387207 0.150635 0.397461 0.1604 0.404297 0.166992 0.3779301 0.150635 0.397461 0.179443 0.390137 0.166992 0.3779301 0.1604 0.404297 0.179443 0.390137 0.1604 0.404297 0.1711429 0.409668 0.1837159 0.413086 0.179443 0.390137 0.1711429 0.409668 0.1837159 0.413086 0.195923 0.397461 0.179443 0.390137 0.1837159 0.413086 0.196533 0.415039 0.195923 0.397461 0.196533 0.415039 0.217773 0.400879 0.195923 0.397461 0.217773 0.400879 0.196533 0.415039 0.217285 0.416504 0.217285 0.416504 0.270508 0.4067381 0.217773 0.400879 0.217285 0.416504 0.265137 0.421387 0.270508 0.4067381 0.2174069 0.451172 0.265137 0.421387 0.217285 0.416504 0.2174069 0.451172 0.282471 0.4716801 0.265137 0.421387 0.282471 0.4716801 0.2174069 0.451172 0.2498779 0.4780271 0.2498779 0.4780271 0.2174069 0.451172 0.217651 0.4780271 0.265137 0.421387 0.299316 0.412109 0.270508 0.4067381 0.005198955 0.2592771 0.020096 0.286621 0.026901 0.256836 0.020096 0.286621 0.005198955 0.2592771 0.005198955 0.336426 0.020401 0.3530271 0.020096 0.286621 0.005198955 0.336426 0.020401 0.3530271 0.005198955 0.336426 0.01370197 0.350098 0.01370197 0.350098 0.005198955 0.336426 0.008201956 0.345215 0.101624 0.310547 0.154053 0.295898 0.1043699 0.2817381 0.05648797 0.263672 0.101624 0.310547 0.1043699 0.2817381 0.101624 0.310547 0.05648797 0.263672 0.03259301 0.283203 0.03259301 0.283203 0.03970301 0.351074 0.101624 0.310547 0.101624 0.310547 0.03970301 0.351074 0.102173 0.351562 0.101624 0.310547 0.102173 0.351562 0.121582 0.352051 0.121582 0.352051 0.1473389 0.316406 0.101624 0.310547 0.1473389 0.316406 0.154053 0.295898 0.101624 0.310547 0.1473389 0.316406 0.121582 0.352051 0.145996 0.338379 0.155151 0.3618161 0.145996 0.338379 0.121582 0.352051 0.03970301 0.351074 0.03259301 0.283203 0.03280597 0.350098 0.03930699 0.253418 0.03259301 0.283203 0.05648797 0.263672 0.164551 0.8569341 0.311768 0.87738 0.135254 0.878906 0.311768 0.87738 0.164551 0.8569341 0.311768 0.8569341 0.135254 0.878906 0.134521 0.871094 0.164551 0.8569341 0.135254 0.878906 0.08422899 0.871094 0.134521 0.871094 0.08422899 0.871094 0.135254 0.878906 0.08502197 0.881287 0.08502197 0.881287 0.063721 0.871094 0.08422899 0.871094 0.063721 0.871094 0.08502197 0.881287 0.0625 0.881775 0.0625 0.881775 0.04861497 0.871094 0.063721 0.871094 0.04861497 0.871094 0.0625 0.881775 0.04681396 0.8809201 0.03059399 0.8809201 0.04861497 0.871094 0.04681396 0.8809201 0.04861497 0.871094 0.03059399 0.8809201 0.03089898 0.871094 0.03059399 0.8809201 0.01120001 0.871094 0.03089898 0.871094 0.01120001 0.871094 0.03059399 0.8809201 0.01120001 0.883301 0.311768 0.87738 0.135376 0.895996 0.135254 0.878906 0.135376 0.895996 0.311768 0.87738 0.311768 0.8955081 0.311768 0.8955081 0.135376 0.911621 0.135376 0.895996 0.135376 0.911621 0.311768 0.8955081 0.311768 0.911621 0.135376 0.911621 0.086609 0.897522 0.135376 0.895996 0.086609 0.897522 0.135376 0.911621 0.08862298 0.911621 0.06652796 0.911621 0.086609 0.897522 0.08862298 0.911621 0.086609 0.897522 0.06652796 0.911621 0.06426995 0.8978881 0.04971301 0.911621 0.06426995 0.8978881 0.06652796 0.911621 0.06426995 0.8978881 0.04971301 0.911621 0.04818695 0.897522 0.03149396 0.911621 0.04818695 0.897522 0.04971301 0.911621 0.04818695 0.897522 0.03149396 0.911621 0.03109699 0.8978881 0.01120001 0.911621 0.03109699 0.8978881 0.03149396 0.911621 0.03109699 0.8978881 0.01120001 0.911621 0.01120001 0.898926 0.086609 0.897522 0.135254 0.878906 0.135376 0.895996 0.135254 0.878906 0.086609 0.897522 0.08502197 0.881287 0.06426995 0.8978881 0.08502197 0.881287 0.086609 0.897522 0.08502197 0.881287 0.06426995 0.8978881 0.0625 0.881775 0.04818695 0.897522 0.0625 0.881775 0.06426995 0.8978881 0.0625 0.881775 0.04818695 0.897522 0.04681396 0.8809201 0.03109699 0.8978881 0.04681396 0.8809201 0.04818695 0.897522 0.04681396 0.8809201 0.03109699 0.8978881 0.03059399 0.8809201 0.01120001 0.898926 0.03059399 0.8809201 0.03109699 0.8978881 0.03059399 0.8809201 0.01120001 0.898926 0.01120001 0.883301 0.03109699 0.925293 0.01120001 0.911621 0.03149396 0.911621 0.01120001 0.911621 0.03109699 0.925293 0.01120001 0.9243161 0.03149396 0.911621 0.04818695 0.925781 0.03109699 0.925293 0.04818695 0.925781 0.03149396 0.911621 0.04971301 0.911621 0.04971301 0.911621 0.06426995 0.925293 0.04818695 0.925781 0.06426995 0.925293 0.04971301 0.911621 0.06652796 0.911621 0.06652796 0.911621 0.086609 0.925293 0.06426995 0.925293 0.086609 0.925293 0.06652796 0.911621 0.08862298 0.911621 0.135376 0.911621 0.086609 0.925293 0.08862298 0.911621 0.086609 0.925293 0.135376 0.911621 0.135376 0.926819 0.135376 0.911621 0.311768 0.9271851 0.135376 0.926819 0.311768 0.9271851 0.135376 0.911621 0.311768 0.911621 0.311768 0.945801 0.135376 0.926819 0.311768 0.9271851 0.135376 0.926819 0.311768 0.945801 0.135254 0.9443051 0.135254 0.9443051 0.086609 0.925293 0.135376 0.926819 0.311768 0.945801 0.164551 0.96579 0.135254 0.9443051 0.164551 0.96579 0.311768 0.945801 0.311768 0.96579 0.164551 0.96579 0.134521 0.951691 0.135254 0.9443051 0.08422899 0.951691 0.135254 0.9443051 0.134521 0.951691 0.135254 0.9443051 0.08422899 0.951691 0.08502197 0.941895 0.086609 0.925293 0.135254 0.9443051 0.08502197 0.941895 0.08502197 0.941895 0.06426995 0.925293 0.086609 0.925293 0.063721 0.951691 0.08502197 0.941895 0.08422899 0.951691 0.08502197 0.941895 0.063721 0.951691 0.0625 0.941406 0.04861497 0.951691 0.0625 0.941406 0.063721 0.951691 0.0625 0.941406 0.04861497 0.951691 0.04681396 0.942413 0.04861497 0.951691 0.03059399 0.942413 0.04681396 0.942413 0.03059399 0.942413 0.04861497 0.951691 0.03089898 0.951691 0.01120001 0.951691 0.03059399 0.942413 0.03089898 0.951691 0.03059399 0.942413 0.01120001 0.951691 0.01120001 0.939911 0.06426995 0.925293 0.08502197 0.941895 0.0625 0.941406 0.04818695 0.925781 0.0625 0.941406 0.04681396 0.942413 0.0625 0.941406 0.04818695 0.925781 0.06426995 0.925293 0.03109699 0.925293 0.04681396 0.942413 0.03059399 0.942413 0.04681396 0.942413 0.03109699 0.925293 0.04818695 0.925781 0.01120001 0.9243161 0.03059399 0.942413 0.01120001 0.939911 0.03059399 0.942413 0.01120001 0.9243161 0.03109699 0.925293 0.304199 0.132812 0.231812 0.06982403 0.277344 0.132324 0.231812 0.06982403 0.304199 0.132812 0.373779 0.07714802 0.284424 0.141602 0.304199 0.132812 0.277344 0.132324 0.243896 0.203125 0.269775 0.213379 0.313477 0.146973 0.448242 0.397949 0.313477 0.146973 0.269775 0.213379 0.313477 0.146973 0.448242 0.397949 0.454346 0.289062 0.993652 0.959015 0.993652 0.9810031 0.975586 0.9603881 0.975586 0.9603881 0.993652 0.9810031 0.953125 0.9810031 0.975586 0.9603881 0.953125 0.9810031 0.958984 0.9619141 0.953125 0.9810031 0.944824 0.959991 0.958984 0.9619141 0.935547 0.9810031 0.944824 0.959991 0.953125 0.9810031 0.935547 0.9810031 0.931152 0.959991 0.944824 0.959991 0.935547 0.9810031 0.916504 0.9580081 0.931152 0.959991 0.916504 0.9580081 0.929688 0.939911 0.931152 0.959991 0.929688 0.939911 0.916504 0.9580081 0.914062 0.938507 0.913086 0.919373 0.929688 0.939911 0.914062 0.938507 0.894531 0.936523 0.913086 0.919373 0.914062 0.938507 0.913086 0.919373 0.894531 0.936523 0.894531 0.919373 0.929688 0.939911 0.913086 0.919373 0.928223 0.919373 0.941406 0.919373 0.929688 0.939911 0.928223 0.919373 0.929688 0.939911 0.941406 0.919373 0.943848 0.9395141 0.943848 0.9395141 0.931152 0.959991 0.929688 0.939911 0.931152 0.959991 0.943848 0.9395141 0.944824 0.959991 0.941406 0.919373 0.959961 0.9403991 0.943848 0.9395141 0.944824 0.959991 0.959961 0.9403991 0.958984 0.9619141 0.959961 0.9403991 0.944824 0.959991 0.943848 0.9395141 0.959961 0.9403991 0.941406 0.919373 0.960449 0.919373 0.976562 0.919373 0.959961 0.9403991 0.960449 0.919373 0.959961 0.9403991 0.976562 0.919373 0.976562 0.938995 0.976562 0.919373 0.993652 0.9375 0.976562 0.938995 0.993652 0.9375 0.976562 0.919373 0.993652 0.919373 0.914062 0.938507 0.894531 0.955109 0.894531 0.936523 0.894531 0.955109 0.914062 0.938507 0.916504 0.9580081 0.916504 0.9580081 0.894531 0.9810031 0.894531 0.955109 0.917969 0.9810031 0.894531 0.9810031 0.916504 0.9580081 0.976562 0.938995 0.958984 0.9619141 0.959961 0.9403991 0.958984 0.9619141 0.976562 0.938995 0.975586 0.9603881 0.993652 0.9375 0.975586 0.9603881 0.976562 0.938995 0.975586 0.9603881 0.993652 0.9375 0.993652 0.959015 0.926758 0.898926 0.941406 0.919373 0.928223 0.919373 0.958008 0.898376 0.976562 0.919373 0.960449 0.919373 0.976562 0.919373 0.958008 0.898376 0.975586 0.899902 0.913086 0.919373 0.926758 0.898926 0.928223 0.919373 0.926758 0.898926 0.913086 0.919373 0.912109 0.900391 0.913086 0.919373 0.894531 0.902283 0.912109 0.900391 0.894531 0.902283 0.913086 0.919373 0.894531 0.919373 0.894531 0.884277 0.912109 0.900391 0.894531 0.902283 0.912109 0.900391 0.894531 0.884277 0.910156 0.8809201 0.910156 0.8809201 0.926758 0.898926 0.912109 0.900391 0.894531 0.884277 0.894531 0.858398 0.910156 0.8809201 0.926758 0.898926 0.910156 0.8809201 0.924805 0.878906 0.924805 0.878906 0.910156 0.8809201 0.923828 0.858398 0.939941 0.878906 0.924805 0.878906 0.923828 0.858398 0.947754 0.858398 0.939941 0.878906 0.923828 0.858398 0.955566 0.8770141 0.939941 0.878906 0.947754 0.858398 0.958008 0.898376 0.939941 0.878906 0.955566 0.8770141 0.955566 0.8770141 0.975586 0.899902 0.958008 0.898376 0.955566 0.8770141 0.947754 0.858398 0.974121 0.878418 0.975586 0.899902 0.955566 0.8770141 0.974121 0.878418 0.947754 0.858398 0.993652 0.858398 0.974121 0.878418 0.974121 0.878418 0.993652 0.858398 0.993652 0.8798831 0.923828 0.858398 0.910156 0.8809201 0.904297 0.858398 0.910156 0.8809201 0.894531 0.858398 0.904297 0.858398 0.941406 0.8994141 0.924805 0.878906 0.939941 0.878906 0.924805 0.878906 0.941406 0.8994141 0.926758 0.898926 0.941406 0.919373 0.926758 0.898926 0.941406 0.8994141 0.958008 0.898376 0.941406 0.919373 0.941406 0.8994141 0.939941 0.878906 0.958008 0.898376 0.941406 0.8994141 0.941406 0.919373 0.958008 0.898376 0.960449 0.919373 0.993652 0.900879 0.974121 0.878418 0.993652 0.8798831 0.974121 0.878418 0.993652 0.900879 0.975586 0.899902 0.993652 0.900879 0.976562 0.919373 0.975586 0.899902 0.976562 0.919373 0.993652 0.900879 0.993652 0.919373 0.635742 0.959015 0.883789 0.980499 0.618652 0.980499 0.883789 0.980499 0.635742 0.959015 0.853516 0.956085 0.635742 0.959015 0.618652 0.980499 0.615723 0.9595031 0.853516 0.956085 0.883789 0.957001 0.883789 0.980499 0.615723 0.9595031 0.618652 0.980499 0.602539 0.980499 0.615723 0.9595031 0.640625 0.9379881 0.635742 0.959015 0.640625 0.9379881 0.615723 0.9595031 0.617676 0.938995 0.619141 0.919373 0.640625 0.9379881 0.617676 0.938995 0.602539 0.9395141 0.619141 0.919373 0.617676 0.938995 0.619141 0.919373 0.602539 0.9395141 0.602539 0.919373 0.640625 0.9379881 0.619141 0.919373 0.641113 0.919373 0.848633 0.919373 0.640625 0.9379881 0.641113 0.919373 0.640625 0.9379881 0.848633 0.919373 0.849121 0.936523 0.849121 0.936523 0.635742 0.959015 0.640625 0.9379881 0.635742 0.959015 0.849121 0.936523 0.853516 0.956085 0.848633 0.919373 0.883789 0.9375 0.849121 0.936523 0.853516 0.956085 0.883789 0.9375 0.883789 0.957001 0.883789 0.9375 0.853516 0.956085 0.849121 0.936523 0.883789 0.9375 0.848633 0.919373 0.883789 0.919373 0.617676 0.938995 0.602539 0.9595031 0.602539 0.9395141 0.602539 0.9595031 0.617676 0.938995 0.615723 0.9595031 0.615723 0.9595031 0.602539 0.980499 0.602539 0.9595031 0.602539 0.919373 0.617676 0.899902 0.619141 0.919373 0.617676 0.899902 0.602539 0.919373 0.602539 0.899902 0.640625 0.900879 0.848633 0.919373 0.641113 0.919373 0.640625 0.900879 0.619141 0.919373 0.617676 0.899902 0.619141 0.919373 0.640625 0.900879 0.641113 0.919373 0.848633 0.919373 0.640625 0.900879 0.849121 0.902283 0.883789 0.901428 0.848633 0.919373 0.849121 0.902283 0.848633 0.919373 0.883789 0.901428 0.883789 0.919373 0.602539 0.899902 0.615723 0.879395 0.617676 0.899902 0.615723 0.879395 0.640625 0.900879 0.617676 0.899902 0.615723 0.879395 0.602539 0.899902 0.602539 0.8798831 0.602539 0.8798831 0.602539 0.858398 0.615723 0.879395 0.602539 0.858398 0.618652 0.858398 0.615723 0.879395 0.615723 0.879395 0.618652 0.858398 0.635742 0.8798831 0.640625 0.900879 0.615723 0.879395 0.635742 0.8798831 0.635742 0.8798831 0.849121 0.902283 0.640625 0.900879 0.883789 0.858398 0.635742 0.8798831 0.618652 0.858398 0.635742 0.8798831 0.883789 0.858398 0.853516 0.883301 0.849121 0.902283 0.635742 0.8798831 0.853516 0.883301 0.853516 0.883301 0.883789 0.901428 0.849121 0.902283 0.883789 0.858398 0.883789 0.881775 0.853516 0.883301 0.883789 0.901428 0.853516 0.883301 0.883789 0.881775 0.02870196 0.822266 0.03478997 0.826172 0.02870196 0.826172 0.03478997 0.826172 0.02870196 0.822266 0.035492 0.822266 0.02870196 0.8193361 0.035492 0.822266 0.02870196 0.822266 0.035492 0.822266 0.02870196 0.8193361 0.03680396 0.818848 0.02870196 0.815918 0.03680396 0.818848 0.02870196 0.8193361 0.03680396 0.818848 0.02870196 0.815918 0.038513 0.816406 0.034698 0.8618161 0.02870196 0.826172 0.03478997 0.826172 0.02870196 0.826172 0.034698 0.8618161 0.02870196 0.8525391 0.02870196 0.815918 0.038513 0.8129881 0.038513 0.816406 0.038513 0.8129881 0.02870196 0.815918 0.02870196 0.8129881 0.02870196 0.8129881 0.038513 0.784668 0.038513 0.8129881 0.038513 0.784668 0.02870196 0.8129881 0.02870196 0.777832 0.038513 0.784668 0.02870196 0.777832 0.03338599 0.7763671 0.03338599 0.7763671 0.02870196 0.777832 0.03080695 0.773926 0.02220201 0.865234 0.02870196 0.8525391 0.034698 0.8618161 0.02220201 0.865234 0.034698 0.8618161 0.03280597 0.865234 0.01560199 0.8525391 0.02870196 0.8525391 0.02220201 0.865234 0.03280597 0.865234 0.034698 0.8618161 0.03439301 0.8642581 0.038513 0.784668 0.03338599 0.7763671 0.03680396 0.7763671 0.009597957 0.8618161 0.01560199 0.8525391 0.02220201 0.865234 0.01149696 0.865234 0.009597957 0.8618161 0.02220201 0.865234 0.009597957 0.8618161 0.01560199 0.826172 0.01560199 0.8525391 0.01560199 0.826172 0.009597957 0.8618161 0.009597957 0.826172 0.009597957 0.826172 0.01560199 0.822266 0.01560199 0.826172 0.01560199 0.822266 0.009597957 0.826172 0.008796989 0.822266 0.008796989 0.822266 0.01560199 0.8193361 0.01560199 0.822266 0.01560199 0.8193361 0.008796989 0.822266 0.007499992 0.818848 0.007499992 0.818848 0.01560199 0.815918 0.01560199 0.8193361 0.01560199 0.815918 0.007499992 0.818848 0.005797982 0.816406 0.005797982 0.8129881 0.01560199 0.815918 0.005797982 0.816406 0.01560199 0.815918 0.005797982 0.8129881 0.01560199 0.8129881 0.005797982 0.784668 0.01560199 0.8129881 0.005797982 0.8129881 0.01560199 0.8129881 0.005797982 0.784668 0.01560199 0.777832 0.01090198 0.7763671 0.01560199 0.777832 0.005797982 0.784668 0.009903013 0.8642581 0.009597957 0.8618161 0.01149696 0.865234 0.007499992 0.7763671 0.01090198 0.7763671 0.005797982 0.784668 0.01360297 0.773926 0.01560199 0.777832 0.01090198 0.7763671 0.01579296 0.772949 0.01560199 0.777832 0.01360297 0.773926 0.01579296 0.772949 0.02870196 0.777832 0.01560199 0.777832 0.028503 0.772949 0.02870196 0.777832 0.01579296 0.772949 0.03080695 0.773926 0.02870196 0.777832 0.028503 0.772949 0.483887 0.36377 0.490479 0.398438 0.483887 0.398438 0.490479 0.398438 0.483887 0.36377 0.490479 0.36377 0.501953 0.09716802 0.512695 0.08984404 0.513184 0.09716802 0.512695 0.08984404 0.501953 0.09716802 0.501953 0.08984404 0.501953 0.09716802 0.513184 0.09716802 0.512695 0.106445 0.512695 0.08984404 0.522949 0.09716802 0.513184 0.09716802 0.522949 0.09716802 0.512695 0.106445 0.513184 0.09716802 0.522949 0.09716802 0.512695 0.08984404 0.522949 0.08984404 0.532715 0.08984404 0.522949 0.09716802 0.522949 0.08984404 0.522949 0.09716802 0.532715 0.08984404 0.532715 0.09716802 0.522949 0.09716802 0.532715 0.09716802 0.532715 0.106445 0.522949 0.09716802 0.532715 0.106445 0.512695 0.106445 0.512695 0.106445 0.532715 0.106445 0.512695 0.143555 0.494141 0.143555 0.512695 0.106445 0.512695 0.143555 0.532715 0.08984404 0.544922 0.09716802 0.532715 0.09716802 0.544922 0.09716802 0.532715 0.106445 0.532715 0.09716802 0.544922 0.09716802 0.532715 0.08984404 0.544922 0.08984404 0.556641 0.08984404 0.544922 0.09716802 0.544922 0.08984404 0.544922 0.09716802 0.556641 0.08984404 0.557129 0.09716802 0.579102 0.08984404 0.557129 0.09716802 0.556641 0.08984404 0.557129 0.09716802 0.579102 0.08984404 0.580566 0.09765601 0.544922 0.09716802 0.557129 0.09716802 0.557129 0.106445 0.544922 0.09716802 0.557129 0.106445 0.532715 0.106445 0.557129 0.09716802 0.580566 0.09765601 0.57959 0.10498 0.557129 0.106445 0.557129 0.09716802 0.57959 0.10498 0.494141 0.143555 0.512695 0.143555 0.501953 0.152344 0.512695 0.143555 0.513184 0.152344 0.501953 0.152344 0.512695 0.160156 0.501953 0.152344 0.513184 0.152344 0.501953 0.152344 0.512695 0.160156 0.501953 0.160156 0.522949 0.152344 0.512695 0.160156 0.513184 0.152344 0.513184 0.152344 0.512695 0.143555 0.522949 0.152344 0.512695 0.160156 0.522949 0.152344 0.522949 0.160156 0.522949 0.152344 0.532715 0.160156 0.522949 0.160156 0.532715 0.160156 0.522949 0.152344 0.532715 0.152344 0.532715 0.143555 0.532715 0.152344 0.522949 0.152344 0.557129 0.143555 0.532715 0.143555 0.557129 0.106445 0.544922 0.152344 0.532715 0.160156 0.532715 0.152344 0.532715 0.152344 0.532715 0.143555 0.544922 0.152344 0.532715 0.143555 0.557129 0.143555 0.544922 0.152344 0.557129 0.143555 0.557129 0.152344 0.544922 0.152344 0.556641 0.160156 0.544922 0.152344 0.557129 0.152344 0.544922 0.152344 0.556641 0.160156 0.544922 0.160156 0.532715 0.160156 0.544922 0.152344 0.544922 0.160156 0.557129 0.152344 0.579102 0.160156 0.556641 0.160156 0.579102 0.160156 0.557129 0.152344 0.580566 0.152344 0.491455 0.160156 0.501953 0.152344 0.501953 0.160156 0.512695 0.143555 0.532715 0.143555 0.522949 0.152344 0.512695 0.143555 0.532715 0.106445 0.532715 0.143555 0.557129 0.106445 0.532715 0.143555 0.532715 0.106445 0.557129 0.106445 0.578125 0.11084 0.557129 0.143555 0.557129 0.143555 0.578125 0.11084 0.579102 0.139648 0.579102 0.139648 0.57959 0.14502 0.557129 0.143555 0.57959 0.14502 0.580566 0.152344 0.557129 0.152344 0.557129 0.143555 0.57959 0.14502 0.557129 0.152344 0.578125 0.11084 0.557129 0.106445 0.57959 0.10498 0.473633 0.152344 0.491455 0.160156 0.473633 0.160156 0.491455 0.160156 0.473633 0.152344 0.491211 0.152344 0.473633 0.143555 0.491211 0.152344 0.473633 0.152344 0.491211 0.152344 0.473633 0.143555 0.494141 0.143555 0.473633 0.125 0.494141 0.143555 0.473633 0.143555 0.473633 0.125 0.494141 0.106445 0.494141 0.143555 0.494141 0.106445 0.473633 0.125 0.473633 0.106445 0.473633 0.106445 0.491211 0.09716802 0.494141 0.106445 0.491211 0.09716802 0.473633 0.106445 0.473633 0.09716802 0.473633 0.09716802 0.491455 0.08984404 0.491211 0.09716802 0.491455 0.08984404 0.473633 0.09716802 0.473633 0.08984404 0.491455 0.08984404 0.501953 0.09716802 0.491211 0.09716802 0.501953 0.09716802 0.494141 0.106445 0.491211 0.09716802 0.501953 0.09716802 0.491455 0.08984404 0.501953 0.08984404 0.501953 0.09716802 0.512695 0.106445 0.494141 0.106445 0.494141 0.106445 0.512695 0.106445 0.494141 0.143555 0.491211 0.152344 0.494141 0.143555 0.501953 0.152344 0.501953 0.152344 0.491455 0.160156 0.491211 0.152344 0.1805419 0.04589802 0.140259 0.05859404 0.140869 0.03710901 0.140259 0.05859404 0.11853 0.05859404 0.140869 0.03710901 0.140869 0.03710901 0.11853 0.05859404 0.1179199 0.04834002 0.140869 0.03710901 0.1179199 0.04834002 0.115417 0.04101604 0.115417 0.04101604 0.1104739 0.02783203 0.140869 0.03710901 0.1104739 0.02783203 0.115417 0.04101604 0.1104739 0.035645 0.1805419 0.05273401 0.140259 0.05859404 0.1805419 0.04589802 0.191284 0.08349603 0.140259 0.05859404 0.1805419 0.05273401 0.191284 0.08349603 0.1805419 0.05273401 0.191284 0.06054699 0.140259 0.05859404 0.191284 0.08349603 0.140259 0.108887 0.140259 0.108887 0.191284 0.08349603 0.1805419 0.114746 0.191284 0.106934 0.1805419 0.114746 0.191284 0.08349603 0.1805419 0.121582 0.140259 0.108887 0.1805419 0.114746 0.140869 0.130371 0.140259 0.108887 0.1805419 0.121582 0.140869 0.130371 0.11853 0.108887 0.140259 0.108887 0.1179199 0.119141 0.11853 0.108887 0.140869 0.130371 0.115417 0.126465 0.1179199 0.119141 0.140869 0.130371 0.1104739 0.139648 0.115417 0.126465 0.140869 0.130371 0.115417 0.126465 0.1104739 0.139648 0.1104739 0.1318359 0.125732 0.005859017 0.139038 0.005859017 0.1240839 0.017578 0.1240839 0.017578 0.123474 0.005371034 0.125732 0.005859017 0.123474 0.005371034 0.1240839 0.017578 0.117981 0.01709002 0.117981 0.01709002 0.11322 0.01611304 0.123474 0.005371034 0.11322 0.01611304 0.120422 0.003906011 0.123474 0.005371034 0.1240839 0.017578 0.139038 0.005859017 0.153931 0.017578 0.153931 0.017578 0.139038 0.005859017 0.1523439 0.005859017 0.154541 0.005371034 0.153931 0.017578 0.1523439 0.005859017 0.153931 0.017578 0.154541 0.005371034 0.160156 0.01709002 0.154541 0.005371034 0.1649169 0.01611304 0.160156 0.01709002 0.154541 0.005371034 0.157837 0.003906011 0.1649169 0.01611304 0.635254 0.320312 0.508301 0.328125 0.519531 0.35791 0.635254 0.320312 0.514648 0.219727 0.508301 0.328125 0.635254 0.320312 0.94873 0.2324219 0.514648 0.219727 0.94873 0.2324219 0.635254 0.320312 0.82373 0.320312 0.82373 0.421387 0.94873 0.2324219 0.82373 0.320312 0.94873 0.2324219 0.82373 0.421387 0.945312 0.4716801 0.635254 0.421387 0.945312 0.4716801 0.82373 0.421387 0.635254 0.421387 0.635254 0.320312 0.519531 0.35791 0.945312 0.4716801 0.635254 0.421387 0.492432 0.4716801 0.492432 0.4716801 0.635254 0.421387 0.492676 0.4091801 0.492676 0.4091801 0.635254 0.421387 0.515137 0.387207 0.515137 0.387207 0.635254 0.421387 0.519531 0.35791 0.492432 0.4716801 0.492676 0.4091801 0.451904 0.416504 0.288086 0.434082 0.492432 0.4716801 0.451904 0.416504 0.451904 0.416504 0.309082 0.412109 0.288086 0.434082 0.492432 0.4716801 0.288086 0.434082 0.292236 0.4716801 0.004397988 0.979507 0.1618649 0.995602 0.210205 0.979507 0.1618649 0.995602 0.004397988 0.979507 0.053406 0.995602 0.961914 0.003418028 0.977051 0.003418028 0.961426 0.01367199 0.961426 0.01367199 0.977051 0.003418028 0.980469 0.01367199 0.631836 0.01709002 0.961914 0.003418028 0.961426 0.01367199 0.960938 0.02294903 0.631836 0.01709002 0.961426 0.01367199 0.960938 0.02294903 0.961426 0.01367199 0.980469 0.02343803 0.980469 0.01367199 0.980469 0.02343803 0.961426 0.01367199 0.960938 0.02294903 0.980469 0.02343803 0.960938 0.033203 0.960938 0.033203 0.980469 0.02343803 0.980469 0.03369104 0.980469 0.02343803 0.980469 0.01367199 0.986816 0.02294903 0.986816 0.02294903 0.980469 0.03369104 0.980469 0.02343803 0.980469 0.03369104 0.986816 0.02294903 0.986816 0.03369104 0.986816 0.02294903 0.994629 0.033203 0.986816 0.03369104 0.994629 0.033203 0.986816 0.02294903 0.994629 0.02197301 0.986816 0.02294903 0.994629 0.01269501 0.994629 0.02197301 0.994629 0.01269501 0.986816 0.02294903 0.986816 0.01367199 0.986816 0.01367199 0.980469 0.01367199 0.977051 0.003418028 0.986816 0.01367199 0.986816 0.02294903 0.980469 0.01367199 0.986816 0.01367199 0.986816 0.003418028 0.994629 0.01269501 0.994629 0.01269501 0.986816 0.003418028 0.994629 0.003418028 0.960938 0.033203 0.980469 0.03369104 0.961426 0.04296904 0.961426 0.04296904 0.980469 0.03369104 0.97998 0.04296904 0.986816 0.03369104 0.97998 0.04296904 0.980469 0.03369104 0.97998 0.04296904 0.986816 0.03369104 0.986816 0.04296904 0.994629 0.033203 0.986816 0.04296904 0.986816 0.03369104 0.986816 0.04296904 0.994629 0.033203 0.994629 0.04296904 0.961426 0.04296904 0.97998 0.04296904 0.961426 0.05273401 0.961426 0.05273401 0.97998 0.04296904 0.980469 0.05224603 0.961426 0.05273401 0.980469 0.05224603 0.961426 0.06298804 0.961426 0.06298804 0.980469 0.05224603 0.980469 0.06298804 0.980469 0.05224603 0.986816 0.06298804 0.980469 0.06298804 0.980469 0.06298804 0.986816 0.06298804 0.980469 0.07275402 0.986816 0.07226604 0.980469 0.07275402 0.986816 0.06298804 0.986816 0.07226604 0.977051 0.08300805 0.980469 0.07275402 0.977051 0.08300805 0.962402 0.08300805 0.980469 0.07275402 0.980469 0.07275402 0.962402 0.08300805 0.961426 0.07226604 0.980469 0.07275402 0.961426 0.07226604 0.980469 0.06298804 0.961426 0.06298804 0.980469 0.06298804 0.961426 0.07226604 0.986816 0.06298804 0.994629 0.07373005 0.986816 0.07226604 0.994629 0.07373005 0.986816 0.06298804 0.994629 0.06396502 0.994629 0.07373005 0.986816 0.08300805 0.986816 0.07226604 0.994629 0.08300805 0.986816 0.08300805 0.994629 0.07373005 0.986816 0.08300805 0.98291 0.08300805 0.986816 0.07226604 0.986816 0.07226604 0.98291 0.08300805 0.977051 0.08300805 0.986816 0.06298804 0.980469 0.05224603 0.986816 0.05273401 0.994629 0.05273401 0.986816 0.06298804 0.986816 0.05273401 0.986816 0.06298804 0.994629 0.05273401 0.994629 0.06396502 0.97998 0.04296904 0.986816 0.05273401 0.980469 0.05224603 0.986816 0.05273401 0.97998 0.04296904 0.986816 0.04296904 0.986816 0.04296904 0.994629 0.05273401 0.986816 0.05273401 0.994629 0.05273401 0.986816 0.04296904 0.994629 0.04296904 0.962402 0.08300805 0.631836 0.06982403 0.961426 0.07226604 0.631836 0.06982403 0.962402 0.08300805 0.631836 0.08300805 0.961426 0.07226604 0.631836 0.06982403 0.961426 0.06298804 0.631836 0.05712902 0.961426 0.06298804 0.631836 0.06982403 0.961426 0.06298804 0.631836 0.05712902 0.961426 0.05273401 0.631836 0.04345703 0.961426 0.05273401 0.631836 0.05712902 0.961426 0.05273401 0.631836 0.04345703 0.961426 0.04296904 0.631836 0.04345703 0.960938 0.033203 0.961426 0.04296904 0.960938 0.033203 0.631836 0.04345703 0.631836 0.03027302 0.631836 0.03027302 0.960938 0.02294903 0.960938 0.033203 0.960938 0.02294903 0.631836 0.03027302 0.631836 0.01709002 0.961914 0.003418028 0.631836 0.01709002 0.631836 0.003418028 0.683594 0.335449 0.64502 0.411621 0.684082 0.407715 0.64502 0.411621 0.683594 0.335449 0.64502 0.3305661 0.684082 0.407715 0.775391 0.335449 0.683594 0.335449 0.775391 0.335449 0.684082 0.407715 0.774902 0.407715 0.814941 0.411621 0.775391 0.335449 0.774902 0.407715 0.775391 0.335449 0.814941 0.411621 0.814941 0.3305661 0.233276 0.9779971 0.381348 0.996099 0.336426 0.9779971 0.381348 0.996099 0.233276 0.9779971 0.1872559 0.996099 0.470215 0.36377 0.460693 0.398438 0.460693 0.36377 0.460693 0.398438 0.470215 0.36377 0.470215 0.398438 0.477051 0.36377 0.470215 0.398438 0.470215 0.36377 0.470215 0.398438 0.477051 0.36377 0.477051 0.398438 0.483887 0.36377 0.477051 0.398438 0.477051 0.36377 0.477051 0.398438 0.483887 0.36377 0.483887 0.398438 0.413086 0.08203101 0.465332 0.005859017 0.465332 0.08203101 0.465332 0.005859017 0.413086 0.08203101 0.413086 0.005859017 0.263672 0.296387 0.27124 0.305176 0.27002 0.305176 0.27124 0.305176 0.263672 0.296387 0.270996 0.296387 0.268799 0.2905271 0.270996 0.296387 0.263672 0.296387 0.26416 0.2861331 0.268799 0.2905271 0.263672 0.296387 0.26416 0.2861331 0.263672 0.296387 0.256592 0.287598 0.256592 0.287598 0.264404 0.279785 0.26416 0.2861331 0.24707 0.279785 0.264404 0.279785 0.256592 0.287598 0.240356 0.276367 0.264404 0.279785 0.24707 0.279785 0.2398679 0.271484 0.264404 0.279785 0.240356 0.276367 0.2398679 0.271484 0.240356 0.276367 0.230103 0.273438 0.219482 0.271973 0.2398679 0.271484 0.230103 0.273438 0.2398679 0.271484 0.219482 0.271973 0.219604 0.2661131 0.208862 0.273438 0.219604 0.2661131 0.219482 0.271973 0.219604 0.2661131 0.208862 0.273438 0.207642 0.26709 0.1986079 0.276367 0.207642 0.26709 0.208862 0.273438 0.207642 0.26709 0.1986079 0.276367 0.196289 0.2705081 0.1892089 0.28125 0.196289 0.2705081 0.1986079 0.276367 0.196289 0.2705081 0.1892089 0.28125 0.185669 0.275879 0.180908 0.288086 0.185669 0.275879 0.1892089 0.28125 0.185669 0.275879 0.180908 0.288086 0.176392 0.283203 0.174072 0.295898 0.176392 0.283203 0.180908 0.288086 0.176392 0.283203 0.174072 0.295898 0.168823 0.2924801 0.168945 0.305664 0.168823 0.2924801 0.174072 0.295898 0.168823 0.2924801 0.168945 0.305664 0.1630859 0.303223 0.165771 0.315918 0.1630859 0.303223 0.168945 0.305664 0.1630859 0.303223 0.165771 0.315918 0.159546 0.314453 0.164673 0.326172 0.159546 0.314453 0.165771 0.315918 0.159546 0.314453 0.164673 0.326172 0.158325 0.326172 0.164673 0.326172 0.159424 0.338379 0.158325 0.326172 0.159424 0.338379 0.164673 0.326172 0.1656489 0.3374021 0.1656489 0.3374021 0.1629639 0.349609 0.159424 0.338379 0.1629639 0.349609 0.1656489 0.3374021 0.1687009 0.347168 0.1687009 0.347168 0.168457 0.3598631 0.1629639 0.349609 0.168457 0.3598631 0.1687009 0.347168 0.1737059 0.356934 0.1737059 0.356934 0.176025 0.369629 0.168457 0.3598631 0.176025 0.369629 0.1737059 0.356934 0.1805419 0.365234 0.1805419 0.365234 0.185181 0.376953 0.176025 0.369629 0.185181 0.376953 0.1805419 0.365234 0.188721 0.371582 0.188721 0.371582 0.195679 0.382812 0.185181 0.376953 0.195679 0.382812 0.188721 0.371582 0.1981199 0.376953 0.1981199 0.376953 0.207153 0.3862301 0.195679 0.382812 0.207153 0.3862301 0.1981199 0.376953 0.208374 0.3798831 0.208374 0.3798831 0.218994 0.387207 0.207153 0.3862301 0.218994 0.387207 0.208374 0.3798831 0.218994 0.380859 0.218994 0.380859 0.23938 0.382324 0.218994 0.387207 0.23938 0.382324 0.218994 0.380859 0.229614 0.3798831 0.229614 0.3798831 0.2398679 0.376953 0.23938 0.382324 0.2398679 0.376953 0.263916 0.374023 0.23938 0.382324 0.246582 0.373535 0.263916 0.374023 0.2398679 0.376953 0.256348 0.366699 0.263916 0.374023 0.246582 0.373535 0.263672 0.367676 0.263916 0.374023 0.256348 0.366699 0.256348 0.366699 0.263428 0.357422 0.263672 0.367676 0.263428 0.357422 0.268311 0.363281 0.263672 0.367676 0.263428 0.357422 0.270508 0.357422 0.268311 0.363281 0.263428 0.357422 0.270996 0.3486331 0.270508 0.357422 0.270996 0.3486331 0.263428 0.357422 0.269775 0.3486331 0.374268 0.873535 0.374268 0.85791 0.347412 0.873047 0.347412 0.873047 0.374268 0.85791 0.321777 0.85791 0.347412 0.873047 0.321777 0.85791 0.321777 0.874023 0.347412 0.874023 0.347412 0.873047 0.321777 0.874023 0.365967 0.06884801 0.384521 0.05224603 0.40332 0.06884801 0.365967 0.05224603 0.384521 0.05224603 0.365967 0.06884801 0.40332 0.05224603 0.40332 0.06884801 0.384521 0.05224603 0.04910296 0.848145 0.04638695 0.7817381 0.04638695 0.848145 0.04638695 0.7817381 0.04910296 0.848145 0.04910296 0.7817381 0.04910296 0.848145 0.05041497 0.777344 0.04910296 0.7817381 0.05041497 0.777344 0.04910296 0.848145 0.05120795 0.848145 0.05120795 0.848145 0.05178797 0.777344 0.05041497 0.777344 0.053406 0.848145 0.05178797 0.777344 0.05120795 0.848145 0.05178797 0.777344 0.053406 0.848145 0.05331397 0.777344 0.05499297 0.848145 0.05331397 0.777344 0.053406 0.848145 0.05331397 0.777344 0.05499297 0.848145 0.054291 0.777344 0.05560296 0.777344 0.054291 0.777344 0.05499297 0.848145 0.05758696 0.848145 0.05560296 0.777344 0.05499297 0.848145 0.05560296 0.777344 0.05758696 0.848145 0.056885 0.777344 0.05828899 0.777344 0.056885 0.777344 0.05758696 0.848145 0.060211 0.848145 0.05828899 0.777344 0.05758696 0.848145 0.05828899 0.777344 0.060211 0.848145 0.059601 0.777344 0.06091296 0.777344 0.059601 0.777344 0.060211 0.848145 0.06280499 0.848145 0.06091296 0.777344 0.060211 0.848145 0.06091296 0.777344 0.06280499 0.848145 0.062195 0.777344 0.06347697 0.777344 0.062195 0.777344 0.06280499 0.848145 0.06542998 0.848145 0.06347697 0.777344 0.06280499 0.848145 0.06347697 0.777344 0.06542998 0.848145 0.06481897 0.777344 0.06622296 0.777344 0.06481897 0.777344 0.06542998 0.848145 0.06738299 0.848145 0.06622296 0.777344 0.06542998 0.848145 0.06622296 0.777344 0.06738299 0.848145 0.06738299 0.777344 0.114502 0.193359 0.1273189 0.179688 0.1273189 0.193359 0.1273189 0.179688 0.114502 0.193359 0.114502 0.179688 0.114502 0.179688 0.1273189 0.149414 0.1273189 0.179688 0.1273189 0.149414 0.114502 0.179688 0.114502 0.149414 0.1071169 0.360352 0.08422899 0.412598 0.08422899 0.360352 0.08422899 0.412598 0.1071169 0.360352 0.1071169 0.412598 0.476807 0.004395008 0.623535 0.01806604 0.476807 0.01806604 0.623535 0.01806604 0.476807 0.004395008 0.623535 0.004395008 0.623535 0.01806604 0.476807 0.02929699 0.476807 0.01806604 0.476807 0.02929699 0.623535 0.01806604 0.623535 0.02929699 0.623535 0.04248005 0.476807 0.02929699 0.623535 0.02929699 0.476807 0.02929699 0.623535 0.04248005 0.476807 0.04248005 0.623535 0.04248005 0.476807 0.055664 0.476807 0.04248005 0.476807 0.055664 0.623535 0.04248005 0.623535 0.055664 0.623535 0.066895 0.476807 0.055664 0.623535 0.055664 0.476807 0.055664 0.623535 0.066895 0.476807 0.066895 0.623535 0.066895 0.476807 0.08056604 0.476807 0.066895 0.476807 0.08056604 0.623535 0.066895 0.623535 0.08056604 0.859375 0.750977 0.993164 0.753906 0.859375 0.765137 0.859375 0.765137 0.993164 0.753906 0.991699 0.7685551 0.859375 0.750977 0.994629 0.739746 0.993164 0.753906 0.859375 0.7368161 0.994629 0.739746 0.859375 0.750977 0.859375 0.7368161 0.995605 0.7255861 0.994629 0.739746 0.859375 0.722656 0.995605 0.7255861 0.859375 0.7368161 0.859375 0.722656 0.996094 0.711426 0.995605 0.7255861 0.858887 0.708496 0.996094 0.711426 0.859375 0.722656 0.858887 0.708496 0.996094 0.697266 0.996094 0.711426 0.858887 0.693848 0.996094 0.697266 0.858887 0.708496 0.858887 0.693848 0.996094 0.683105 0.996094 0.697266 0.858887 0.679688 0.996094 0.683105 0.858887 0.693848 0.859375 0.765137 0.991699 0.7685551 0.859375 0.779785 0.859375 0.779785 0.991699 0.7685551 0.990234 0.782715 0.859375 0.779785 0.990234 0.782715 0.859375 0.805176 0.859375 0.805176 0.990234 0.782715 0.986328 0.811035 0.859375 0.805176 0.36084 0.782715 0.859375 0.779785 0.36084 0.782715 0.859375 0.805176 0.360596 0.809082 0.360596 0.809082 0.07617199 0.782715 0.36084 0.782715 0.07617199 0.7685551 0.36084 0.782715 0.07617199 0.782715 0.36084 0.782715 0.07617199 0.7685551 0.361328 0.7685551 0.361328 0.7685551 0.859375 0.779785 0.36084 0.782715 0.07617199 0.753906 0.361328 0.7685551 0.07617199 0.7685551 0.361328 0.7685551 0.07617199 0.753906 0.361816 0.753906 0.07617199 0.739746 0.361816 0.753906 0.07617199 0.753906 0.361816 0.753906 0.07617199 0.739746 0.362061 0.739746 0.07617199 0.7255861 0.362061 0.739746 0.07617199 0.739746 0.362061 0.739746 0.07617199 0.7255861 0.362549 0.7255861 0.07617199 0.711426 0.362549 0.7255861 0.07617199 0.7255861 0.362549 0.7255861 0.07617199 0.711426 0.362793 0.711426 0.07617199 0.697266 0.362793 0.711426 0.07617199 0.711426 0.362793 0.711426 0.07617199 0.697266 0.362793 0.697266 0.07617199 0.683105 0.362793 0.697266 0.07617199 0.697266 0.362793 0.697266 0.07617199 0.683105 0.362793 0.683105 0.07617199 0.668457 0.362793 0.683105 0.07617199 0.683105 0.362793 0.683105 0.07617199 0.668457 0.362793 0.668457 0.07617199 0.668457 0.362793 0.654297 0.362793 0.668457 0.858887 0.657715 0.362793 0.668457 0.362793 0.654297 0.362793 0.654297 0.858887 0.6430661 0.858887 0.657715 0.858887 0.6430661 0.362793 0.654297 0.362793 0.640137 0.362793 0.640137 0.858887 0.628906 0.858887 0.6430661 0.858887 0.628906 0.362793 0.640137 0.362793 0.625977 0.362793 0.625977 0.859375 0.614746 0.858887 0.628906 0.859375 0.614746 0.362793 0.625977 0.362549 0.6118161 0.362549 0.6118161 0.859375 0.6005861 0.859375 0.614746 0.859375 0.6005861 0.362549 0.6118161 0.362061 0.597168 0.362061 0.597168 0.859375 0.585938 0.859375 0.6005861 0.859375 0.585938 0.362061 0.597168 0.361816 0.5830081 0.361816 0.5830081 0.859375 0.571777 0.859375 0.585938 0.859375 0.571777 0.361816 0.5830081 0.361328 0.568848 0.362793 0.668457 0.858887 0.657715 0.858887 0.668457 0.858887 0.679688 0.362793 0.668457 0.858887 0.668457 0.361328 0.568848 0.859375 0.557617 0.859375 0.571777 0.859375 0.557617 0.361328 0.568848 0.36084 0.554688 0.36084 0.554688 0.859375 0.5317381 0.859375 0.557617 0.859375 0.5317381 0.36084 0.554688 0.360596 0.52832 0.07617199 0.625977 0.362549 0.6118161 0.362793 0.625977 0.362793 0.625977 0.07617199 0.640137 0.07617199 0.625977 0.07617199 0.640137 0.362793 0.625977 0.362793 0.640137 0.362793 0.640137 0.07617199 0.654297 0.07617199 0.640137 0.07617199 0.654297 0.362793 0.640137 0.362793 0.654297 0.362793 0.654297 0.07617199 0.668457 0.07617199 0.654297 0.07617199 0.5830081 0.361328 0.568848 0.361816 0.5830081 0.361816 0.5830081 0.07617199 0.597168 0.07617199 0.5830081 0.07617199 0.597168 0.361816 0.5830081 0.362061 0.597168 0.362061 0.597168 0.07617199 0.6118161 0.07617199 0.597168 0.362549 0.6118161 0.07617199 0.625977 0.07617199 0.6118161 0.07617199 0.6118161 0.362061 0.597168 0.362549 0.6118161 0.07617199 0.554688 0.360596 0.52832 0.36084 0.554688 0.36084 0.554688 0.07617199 0.568848 0.07617199 0.554688 0.361328 0.568848 0.07617199 0.5830081 0.07617199 0.568848 0.07617199 0.568848 0.36084 0.554688 0.361328 0.568848 0.360596 0.52832 0.07617199 0.554688 0.07617199 0.529785 0.07617199 0.529785 0.1152949 0.4892581 0.360596 0.52832 0.07617199 0.4892581 0.1152949 0.4892581 0.07617199 0.529785 0.361328 0.4892581 0.360596 0.52832 0.1152949 0.4892581 0.918945 0.4892581 0.360596 0.52832 0.361328 0.4892581 0.360596 0.52832 0.918945 0.4892581 0.859375 0.5317381 0.986328 0.525879 0.859375 0.5317381 0.918945 0.4892581 0.986328 0.525879 0.859375 0.557617 0.859375 0.5317381 0.990234 0.554688 0.859375 0.557617 0.986328 0.525879 0.990234 0.554688 0.859375 0.571777 0.859375 0.557617 0.991699 0.568848 0.859375 0.571777 0.990234 0.554688 0.991699 0.568848 0.859375 0.585938 0.859375 0.571777 0.993164 0.5830081 0.859375 0.585938 0.991699 0.568848 0.993164 0.5830081 0.859375 0.6005861 0.859375 0.585938 0.994629 0.597168 0.859375 0.6005861 0.993164 0.5830081 0.994629 0.597168 0.859375 0.614746 0.859375 0.6005861 0.995605 0.6118161 0.859375 0.614746 0.994629 0.597168 0.995605 0.6118161 0.858887 0.628906 0.859375 0.614746 0.996094 0.625977 0.858887 0.628906 0.995605 0.6118161 0.996094 0.625977 0.858887 0.6430661 0.858887 0.628906 0.996094 0.640137 0.858887 0.6430661 0.996094 0.625977 0.996094 0.640137 0.858887 0.657715 0.858887 0.6430661 0.996094 0.654297 0.858887 0.657715 0.996094 0.640137 0.996094 0.654297 0.858887 0.668457 0.858887 0.657715 0.996094 0.668457 0.858887 0.668457 0.996094 0.654297 0.996094 0.668457 0.996094 0.683105 0.858887 0.668457 0.858887 0.668457 0.996094 0.683105 0.858887 0.679688 0.858887 0.693848 0.362793 0.683105 0.858887 0.679688 0.362793 0.683105 0.858887 0.693848 0.362793 0.697266 0.858887 0.708496 0.362793 0.697266 0.858887 0.693848 0.362793 0.697266 0.858887 0.708496 0.362793 0.711426 0.859375 0.722656 0.362793 0.711426 0.858887 0.708496 0.362793 0.711426 0.859375 0.722656 0.362549 0.7255861 0.859375 0.7368161 0.362549 0.7255861 0.859375 0.722656 0.362549 0.7255861 0.859375 0.7368161 0.362061 0.739746 0.859375 0.750977 0.362061 0.739746 0.859375 0.7368161 0.362061 0.739746 0.859375 0.750977 0.361816 0.753906 0.859375 0.765137 0.361816 0.753906 0.859375 0.750977 0.361816 0.753906 0.859375 0.765137 0.361328 0.7685551 0.859375 0.779785 0.361328 0.7685551 0.859375 0.765137 0.362793 0.668457 0.858887 0.679688 0.362793 0.683105 0.07617199 0.8076171 0.1152949 0.848145 0.07617199 0.848145 0.360596 0.809082 0.1152949 0.848145 0.07617199 0.8076171 0.1152949 0.848145 0.360596 0.809082 0.361328 0.848145 0.07617199 0.782715 0.360596 0.809082 0.07617199 0.8076171 0.360596 0.809082 0.918945 0.848145 0.361328 0.848145 0.918945 0.848145 0.360596 0.809082 0.859375 0.805176 0.859375 0.805176 0.986328 0.811035 0.918945 0.848145 0.95752 0.848145 0.918945 0.848145 0.986328 0.811035 0.980469 0.848145 0.95752 0.848145 0.986328 0.811035 0.04910296 0.7817381 0.05041497 0.777344 0.04901099 0.777344 0.984375 0.233398 0.996094 0.246094 0.996094 0.233398 0.977539 0.233398 0.996094 0.246094 0.984375 0.233398 0.996094 0.4716801 0.996094 0.246094 0.977539 0.233398 0.977539 0.233398 0.977051 0.4716801 0.996094 0.4716801 0.984375 0.233398 0.996094 0.246094 0.977539 0.233398 0.996094 0.233398 0.996094 0.246094 0.984375 0.233398 0.977539 0.233398 0.996094 0.246094 0.996094 0.4716801 0.977539 0.233398 0.996094 0.4716801 0.977051 0.4716801 0.977539 0.233398 0.977051 0.4716801 0.96875 0.233398 0.96875 0.233398 0.977051 0.4716801 0.945312 0.4716801 0.94873 0.2324219 0.96875 0.233398 0.945312 0.4716801 0.82373 0.421387 0.94873 0.2324219 0.945312 0.4716801 0.82373 0.421387 0.945312 0.4716801 0.635254 0.421387 0.492432 0.4716801 0.635254 0.421387 0.945312 0.4716801 0.492676 0.4091801 0.635254 0.421387 0.492432 0.4716801 0.515137 0.387207 0.635254 0.421387 0.492676 0.4091801 0.515137 0.387207 0.519531 0.35791 0.635254 0.421387 0.451904 0.416504 0.492676 0.4091801 0.492432 0.4716801 0.451904 0.416504 0.492432 0.4716801 0.288086 0.434082 0.288086 0.434082 0.309082 0.412109 0.451904 0.416504 0.292236 0.4716801 0.288086 0.434082 0.492432 0.4716801 0.635254 0.421387 0.519531 0.35791 0.635254 0.320312 0.519531 0.35791 0.508301 0.328125 0.635254 0.320312 0.508301 0.328125 0.514648 0.219727 0.635254 0.320312 0.94873 0.2324219 0.635254 0.320312 0.514648 0.219727 0.508301 0.328125 0.373779 0.07714802 0.514648 0.219727 0.373779 0.07714802 0.508301 0.328125 0.330078 0.144043 0.373779 0.07714802 0.330078 0.144043 0.304199 0.132812 0.373779 0.07714802 0.304199 0.132812 0.231812 0.06982403 0.277344 0.132324 0.231812 0.06982403 0.304199 0.132812 0.277344 0.132324 0.304199 0.132812 0.284424 0.141602 0.635254 0.320312 0.94873 0.2324219 0.82373 0.320312 0.94873 0.2324219 0.82373 0.421387 0.82373 0.320312 0.182617 0.03271502 0.1987299 0.040039 0.193481 0.04296904 0.1987299 0.040039 0.182617 0.03271502 0.1875 0.02978503 0.182617 0.03271502 0.179688 0.02490204 0.1875 0.02978503 0.179688 0.02490204 0.182617 0.03271502 0.1761469 0.02832001 0.1987299 0.040039 0.1979979 0.05371099 0.193481 0.04296904 0.1979979 0.05371099 0.1987299 0.040039 0.2067869 0.04931604 0.2067869 0.04931604 0.2042239 0.07080101 0.1979979 0.05371099 0.2042239 0.07080101 0.2067869 0.04931604 0.213867 0.06201201 0.213867 0.06201201 0.221436 0.07373005 0.2042239 0.07080101 0.221436 0.07373005 0.1999509 0.118164 0.2042239 0.07080101 0.1999509 0.118164 0.221436 0.07373005 0.2274169 0.08300805 0.2274169 0.08300805 0.274414 0.146973 0.1999509 0.118164 0.274414 0.146973 0.1674799 0.279297 0.1999509 0.118164 0.1999509 0.118164 0.1674799 0.279297 0.128296 0.26416 0.089172 0.2548831 0.1999509 0.118164 0.128296 0.26416 0.169556 0.024414 0.179688 0.02490204 0.1761469 0.02832001 0.179688 0.02490204 0.169556 0.024414 0.171875 0.02050805 0.375977 0.3549801 0.384766 0.356934 0.375977 0.374512 0.375977 0.3549801 0.375977 0.374512 0.361572 0.3549801 0.384766 0.356934 0.39624 0.3618161 0.375977 0.374512 0.39624 0.3618161 0.408936 0.367676 0.375977 0.374512 0.408936 0.367676 0.415771 0.3774411 0.375977 0.374512 0.415771 0.3774411 0.420654 0.390625 0.375977 0.374512 0.421143 0.398438 0.375977 0.374512 0.420654 0.390625 0.375977 0.374512 0.421143 0.398438 0.375977 0.389648 0.421143 0.398438 0.376221 0.4067381 0.375977 0.389648 0.376221 0.4067381 0.421143 0.398438 0.421875 0.4067381 0.1324459 0.3754881 0.121582 0.352051 0.155151 0.3618161 0.1324459 0.3754881 0.155151 0.3618161 0.140747 0.387207 0.140747 0.387207 0.155151 0.3618161 0.166992 0.3779301 0.150635 0.397461 0.140747 0.387207 0.166992 0.3779301 0.150635 0.397461 0.166992 0.3779301 0.1604 0.404297 0.1604 0.404297 0.166992 0.3779301 0.179443 0.390137 0.1711429 0.409668 0.1604 0.404297 0.179443 0.390137 0.1711429 0.409668 0.179443 0.390137 0.1837159 0.413086 0.179443 0.390137 0.195923 0.397461 0.1837159 0.413086 0.195923 0.397461 0.196533 0.415039 0.1837159 0.413086 0.217773 0.400879 0.196533 0.415039 0.195923 0.397461 0.196533 0.415039 0.217773 0.400879 0.217285 0.416504 0.217773 0.400879 0.270508 0.4067381 0.217285 0.416504 0.270508 0.4067381 0.265137 0.421387 0.217285 0.416504 0.217285 0.416504 0.265137 0.421387 0.2174069 0.451172 0.265137 0.421387 0.282471 0.4716801 0.2174069 0.451172 0.2498779 0.4780271 0.2174069 0.451172 0.282471 0.4716801 0.217651 0.4780271 0.2174069 0.451172 0.2498779 0.4780271 0.270508 0.4067381 0.299316 0.412109 0.265137 0.421387 0.026901 0.256836 0.020096 0.286621 0.005198955 0.2592771 0.005198955 0.336426 0.005198955 0.2592771 0.020096 0.286621 0.005198955 0.336426 0.020096 0.286621 0.020401 0.3530271 0.01370197 0.350098 0.005198955 0.336426 0.020401 0.3530271 0.008201956 0.345215 0.005198955 0.336426 0.01370197 0.350098 0.1043699 0.2817381 0.154053 0.295898 0.101624 0.310547 0.101624 0.310547 0.05648797 0.263672 0.1043699 0.2817381 0.05648797 0.263672 0.101624 0.310547 0.03259301 0.283203 0.05648797 0.263672 0.03259301 0.283203 0.03930699 0.253418 0.101624 0.310547 0.03970301 0.351074 0.03259301 0.283203 0.102173 0.351562 0.03970301 0.351074 0.101624 0.310547 0.121582 0.352051 0.102173 0.351562 0.101624 0.310547 0.101624 0.310547 0.1473389 0.316406 0.121582 0.352051 0.101624 0.310547 0.154053 0.295898 0.1473389 0.316406 0.145996 0.338379 0.121582 0.352051 0.1473389 0.316406 0.121582 0.352051 0.145996 0.338379 0.155151 0.3618161 0.03280597 0.350098 0.03259301 0.283203 0.03970301 0.351074 0.361328 0.329102 0.316406 0.322754 0.335205 0.29541 0.350342 0.361328 0.316406 0.322754 0.361328 0.329102 0.307373 0.271973 0.335205 0.29541 0.316406 0.322754 0.282715 0.2841801 0.307373 0.271973 0.316406 0.322754 0.287842 0.26709 0.307373 0.271973 0.282715 0.2841801 0.282715 0.2841801 0.269775 0.269531 0.287842 0.26709 0.557617 0.9086911 0.556641 0.92627 0.575684 0.92627 0.577148 0.908203 0.557617 0.9086911 0.575684 0.92627 0.577148 0.908203 0.575684 0.92627 0.591797 0.92627 0.557617 0.9086911 0.577148 0.908203 0.560059 0.8895871 0.578613 0.8895871 0.560059 0.8895871 0.577148 0.908203 0.560059 0.8895871 0.578613 0.8895871 0.567871 0.873535 0.567871 0.873535 0.398438 0.8720701 0.560059 0.8895871 0.398438 0.8720701 0.567871 0.873535 0.401611 0.855957 0.566895 0.855957 0.401611 0.855957 0.567871 0.873535 0.575684 0.873535 0.567871 0.873535 0.578613 0.8895871 0.591797 0.9086911 0.577148 0.908203 0.591797 0.92627 0.577148 0.908203 0.591797 0.9086911 0.578613 0.8895871 0.591797 0.890625 0.578613 0.8895871 0.591797 0.9086911 0.591797 0.890625 0.591797 0.873535 0.578613 0.8895871 0.575684 0.873535 0.578613 0.8895871 0.591797 0.873535 0.04150396 0.8642581 0.04150396 0.855957 0.052612 0.8642581 0.05929601 0.855957 0.052612 0.8642581 0.04150396 0.855957 0.05929601 0.855957 0.1386719 0.855957 0.052612 0.8642581 0.052612 0.8642581 0.1386719 0.855957 0.1297609 0.8642581 0.08062696 0.23584 0.053406 0.230469 0.08062696 0.230469 0.053406 0.230469 0.08062696 0.23584 0.053406 0.23584 0.304688 0.358398 0.307861 0.338379 0.337646 0.362793 0.307861 0.338379 0.304688 0.358398 0.273682 0.3847661 0.004397988 0.979507 0.1618649 0.995602 0.053406 0.995602 0.1618649 0.995602 0.004397988 0.979507 0.210205 0.979507 0.683594 0.335449 0.64502 0.411621 0.64502 0.3305661 0.64502 0.411621 0.683594 0.335449 0.684082 0.407715 0.775391 0.335449 0.684082 0.407715 0.683594 0.335449 0.684082 0.407715 0.775391 0.335449 0.774902 0.407715 0.775391 0.335449 0.814941 0.411621 0.774902 0.407715 0.814941 0.411621 0.775391 0.335449 0.814941 0.3305661 0.233276 0.9779971 0.381348 0.996099 0.1872559 0.996099 0.381348 0.996099 0.233276 0.9779971 0.336426 0.9779971 0.08062696 0.246582 0.053406 0.253906 0.053406 0.246582 0.053406 0.253906 0.08062696 0.246582 0.08062696 0.253906 0.053406 0.246582 0.08062696 0.2412109 0.08062696 0.246582 0.08062696 0.2412109 0.053406 0.246582 0.053406 0.2412109 0.053406 0.2412109 0.08062696 0.23584 0.08062696 0.2412109 0.08062696 0.23584 0.053406 0.2412109 0.053406 0.23584 0.347412 0.873047 0.374268 0.85791 0.374268 0.873535 0.321777 0.85791 0.374268 0.85791 0.347412 0.873047 0.321777 0.874023 0.321777 0.85791 0.347412 0.873047 0.321777 0.874023 0.347412 0.873047 0.347412 0.874023 0.04910296 0.848145 0.04638695 0.7817381 0.04910296 0.7817381 0.04638695 0.7817381 0.04910296 0.848145 0.04638695 0.848145 0.04910296 0.7817381 0.05041497 0.777344 0.04910296 0.848145 0.05120795 0.848145 0.04910296 0.848145 0.05041497 0.777344 0.05041497 0.777344 0.05178797 0.777344 0.05120795 0.848145 0.05178797 0.777344 0.053406 0.848145 0.05120795 0.848145 0.053406 0.848145 0.05178797 0.777344 0.05331397 0.777344 0.05331397 0.777344 0.05499297 0.848145 0.053406 0.848145 0.05499297 0.848145 0.05331397 0.777344 0.054291 0.777344 0.05499297 0.848145 0.054291 0.777344 0.05560296 0.777344 0.05560296 0.777344 0.05758696 0.848145 0.05499297 0.848145 0.05758696 0.848145 0.05560296 0.777344 0.056885 0.777344 0.05758696 0.848145 0.056885 0.777344 0.05828899 0.777344 0.05828899 0.777344 0.060211 0.848145 0.05758696 0.848145 0.060211 0.848145 0.05828899 0.777344 0.059601 0.777344 0.060211 0.848145 0.059601 0.777344 0.06091296 0.777344 0.06091296 0.777344 0.06280499 0.848145 0.060211 0.848145 0.06280499 0.848145 0.06091296 0.777344 0.062195 0.777344 0.06280499 0.848145 0.062195 0.777344 0.06347697 0.777344 0.06347697 0.777344 0.06542998 0.848145 0.06280499 0.848145 0.06542998 0.848145 0.06347697 0.777344 0.06481897 0.777344 0.06542998 0.848145 0.06481897 0.777344 0.06622296 0.777344 0.06622296 0.777344 0.06738299 0.848145 0.06542998 0.848145 0.06738299 0.848145 0.06622296 0.777344 0.06738299 0.777344 0.329834 0.396484 0.324219 0.37207 0.326904 0.3710941 0.329834 0.396484 0.321533 0.373535 0.324219 0.37207 0.31958 0.375 0.321533 0.373535 0.329834 0.396484 0.318604 0.379395 0.31958 0.375 0.329834 0.396484 0.318604 0.404297 0.318604 0.379395 0.329834 0.396484 0.360107 0.3710941 0.329834 0.396484 0.326904 0.3710941 0.360107 0.396484 0.329834 0.396484 0.360107 0.3710941 0.04901099 0.777344 0.05041497 0.777344 0.04910296 0.7817381 0.255371 0.258301 0.260498 0.21875 0.262451 0.251465 0.260498 0.21875 0.266113 0.239258 0.262451 0.251465 0.243896 0.2612301 0.260498 0.21875 0.255371 0.258301 0.2324219 0.258301 0.260498 0.21875 0.243896 0.2612301 0.225098 0.251465 0.260498 0.21875 0.2324219 0.258301 0.225098 0.251465 0.221558 0.239258 0.260498 0.21875 0.260498 0.21875 0.221558 0.239258 0.227173 0.21875 0.935547 0.9810031 0.917969 0.9810031 0.916504 0.9580081 0.363525 0.03710901 0.356201 0.004395008 0.363281 0.006348013 0.356201 0.004395008 0.363525 0.03710901 0.34375 0.017578 0.34375 0.017578 0.190674 0.004395008 0.356201 0.004395008 0.190674 0.004395008 0.34375 0.017578 0.227661 0.01855504 0.227661 0.01855504 0.220215 0.04345703 0.190674 0.004395008 0.220215 0.04345703 0.227661 0.01855504 0.243408 0.03759801 0.363525 0.03710901 0.220215 0.04345703 0.243408 0.03759801 0.220215 0.04345703 0.363525 0.03710901 0.402832 0.04345703 0.402832 0.04345703 0.363525 0.03710901 0.363281 0.006348013 0.09197998 0.972198 0.07519501 0.9603881 0.09197998 0.9603881 0.07519501 0.9603881 0.09197998 0.972198 0.07519501 0.972198 0.02180498 0.736328 0.02180498 0.757324 0.01679998 0.7587891 0.01190197 0.736328 0.02180498 0.736328 0.01679998 0.7587891 0.01190197 0.736328 0.02180498 0.732422 0.02180498 0.736328 0.02180498 0.732422 0.01190197 0.736328 0.01190197 0.732422 0.01190197 0.732422 0.02180498 0.644043 0.02180498 0.732422 0.02180498 0.644043 0.01190197 0.732422 0.01190197 0.644043 0.01190197 0.757324 0.01190197 0.736328 0.01679998 0.7587891 0.07519501 0.972198 0.004799008 0.9603881 0.07519501 0.9603881 0.004799008 0.9603881 0.07519501 0.972198 0.004799008 0.972198 0.463623 0.124023 0.434082 0.09033203 0.463623 0.09033203 0.434082 0.09033203 0.463623 0.124023 0.434082 0.124023 0.363525 0.03710901 0.356201 0.004395008 0.34375 0.017578 0.356201 0.004395008 0.363525 0.03710901 0.363281 0.006348013 0.190674 0.004395008 0.34375 0.017578 0.356201 0.004395008 0.34375 0.017578 0.190674 0.004395008 0.227661 0.01855504 0.220215 0.04345703 0.227661 0.01855504 0.190674 0.004395008 0.227661 0.01855504 0.220215 0.04345703 0.243408 0.03759801 0.220215 0.04345703 0.363525 0.03710901 0.243408 0.03759801 0.363525 0.03710901 0.220215 0.04345703 0.402832 0.04345703 0.363281 0.006348013 0.363525 0.03710901 0.402832 0.04345703 0.356934 0.05175805 0.296631 0.0625 0.296631 0.05175805 0.296631 0.0625 0.356934 0.05175805 0.356934 0.0625 0.963867 0.987801 0.979004 0.993698 0.963867 0.993698 0.979004 0.993698 0.963867 0.987801 0.979004 0.987801 0.963867 0.993698 0.948242 0.987801 0.963867 0.987801 0.948242 0.987801 0.963867 0.993698 0.948242 0.993698 0.948242 0.993698 0.933105 0.987801 0.948242 0.987801 0.933105 0.987801 0.948242 0.993698 0.933105 0.993698 0.933105 0.993698 0.91748 0.987801 0.933105 0.987801 0.91748 0.987801 0.933105 0.993698 0.91748 0.993698 0.91748 0.993698 0.902344 0.987801 0.91748 0.987801 0.902344 0.987801 0.91748 0.993698 0.902344 0.993698 0.902344 0.993698 0.886719 0.987801 0.902344 0.987801 0.886719 0.987801 0.902344 0.993698 0.886719 0.993698 0.886719 0.993698 0.871582 0.987801 0.886719 0.987801 0.871582 0.987801 0.886719 0.993698 0.871582 0.993698 0.871582 0.993698 0.855957 0.987801 0.871582 0.987801 0.855957 0.987801 0.871582 0.993698 0.855957 0.993698 0.84082 0.993698 0.855957 0.987801 0.855957 0.993698 0.855957 0.987801 0.84082 0.993698 0.84082 0.987801 0.84082 0.993698 0.825195 0.987801 0.84082 0.987801 0.825195 0.987801 0.84082 0.993698 0.825195 0.993698 0.825195 0.993698 0.810059 0.987801 0.825195 0.987801 0.810059 0.987801 0.825195 0.993698 0.810059 0.993698 0.810059 0.993698 0.794434 0.987801 0.810059 0.987801 0.794434 0.987801 0.810059 0.993698 0.794434 0.993698 0.794434 0.993698 0.779297 0.987801 0.794434 0.987801 0.779297 0.987801 0.794434 0.993698 0.779297 0.993698 0.779297 0.993698 0.763672 0.987801 0.779297 0.987801 0.763672 0.987801 0.779297 0.993698 0.763672 0.993698 0.763672 0.993698 0.748535 0.987801 0.763672 0.987801 0.748535 0.987801 0.763672 0.993698 0.748535 0.993698 0.979004 0.987801 0.994629 0.993698 0.979004 0.993698 0.994629 0.993698 0.979004 0.987801 0.994629 0.987801 0.25415 0.302246 0.260498 0.334473 0.25415 0.350098 0.260498 0.334473 0.25415 0.302246 0.260498 0.317871 0.25415 0.350098 0.242188 0.2905271 0.25415 0.302246 0.242188 0.2905271 0.25415 0.350098 0.242188 0.3623051 0.242188 0.3623051 0.2266849 0.2836911 0.242188 0.2905271 0.2266849 0.2836911 0.242188 0.3623051 0.2266849 0.3686521 0.2266849 0.3686521 0.209717 0.2836911 0.2266849 0.2836911 0.209717 0.2836911 0.2266849 0.3686521 0.209717 0.3686521 0.209717 0.3686521 0.1942139 0.2905271 0.209717 0.2836911 0.1942139 0.2905271 0.209717 0.3686521 0.1942139 0.3623051 0.1942139 0.3623051 0.182251 0.302246 0.1942139 0.2905271 0.182251 0.302246 0.1942139 0.3623051 0.182251 0.350098 0.182251 0.350098 0.175781 0.317871 0.182251 0.302246 0.175781 0.317871 0.182251 0.350098 0.175781 0.334473 0.963867 0.987801 0.979004 0.993698 0.979004 0.987801 0.979004 0.993698 0.963867 0.987801 0.963867 0.993698 0.948242 0.987801 0.963867 0.993698 0.963867 0.987801 0.963867 0.993698 0.948242 0.987801 0.948242 0.993698 0.933105 0.987801 0.948242 0.993698 0.948242 0.987801 0.948242 0.993698 0.933105 0.987801 0.933105 0.993698 0.91748 0.987801 0.933105 0.993698 0.933105 0.987801 0.933105 0.993698 0.91748 0.987801 0.91748 0.993698 0.902344 0.987801 0.91748 0.993698 0.91748 0.987801 0.91748 0.993698 0.902344 0.987801 0.902344 0.993698 0.886719 0.987801 0.902344 0.993698 0.902344 0.987801 0.902344 0.993698 0.886719 0.987801 0.886719 0.993698 0.871582 0.987801 0.886719 0.993698 0.886719 0.987801 0.886719 0.993698 0.871582 0.987801 0.871582 0.993698 0.855957 0.987801 0.871582 0.993698 0.871582 0.987801 0.871582 0.993698 0.855957 0.987801 0.855957 0.993698 0.855957 0.987801 0.84082 0.993698 0.855957 0.993698 0.84082 0.993698 0.855957 0.987801 0.84082 0.987801 0.825195 0.987801 0.84082 0.993698 0.84082 0.987801 0.84082 0.993698 0.825195 0.987801 0.825195 0.993698 0.810059 0.987801 0.825195 0.993698 0.825195 0.987801 0.825195 0.993698 0.810059 0.987801 0.810059 0.993698 0.794434 0.987801 0.810059 0.993698 0.810059 0.987801 0.810059 0.993698 0.794434 0.987801 0.794434 0.993698 0.779297 0.987801 0.794434 0.993698 0.794434 0.987801 0.794434 0.993698 0.779297 0.987801 0.779297 0.993698 0.763672 0.987801 0.779297 0.993698 0.779297 0.987801 0.779297 0.993698 0.763672 0.987801 0.763672 0.993698 0.748535 0.987801 0.763672 0.993698 0.763672 0.987801 0.763672 0.993698 0.748535 0.987801 0.748535 0.993698 0.979004 0.987801 0.994629 0.993698 0.994629 0.987801 0.994629 0.993698 0.979004 0.987801 0.979004 0.993698 0.25415 0.302246 0.260498 0.334473 0.260498 0.317871 0.260498 0.334473 0.25415 0.302246 0.25415 0.350098 0.242188 0.2905271 0.25415 0.350098 0.25415 0.302246 0.25415 0.350098 0.242188 0.2905271 0.242188 0.3623051 0.2266849 0.2836911 0.242188 0.3623051 0.242188 0.2905271 0.242188 0.3623051 0.2266849 0.2836911 0.2266849 0.3686521 0.209717 0.2836911 0.2266849 0.3686521 0.2266849 0.2836911 0.2266849 0.3686521 0.209717 0.2836911 0.209717 0.3686521 0.1942139 0.2905271 0.209717 0.3686521 0.209717 0.2836911 0.209717 0.3686521 0.1942139 0.2905271 0.1942139 0.3623051 0.182251 0.302246 0.1942139 0.3623051 0.1942139 0.2905271 0.1942139 0.3623051 0.182251 0.302246 0.182251 0.350098 0.175781 0.317871 0.182251 0.350098 0.182251 0.302246 0.182251 0.350098 0.175781 0.317871 0.175781 0.334473 0.375977 0.374512 0.384766 0.356934 0.375977 0.3549801 0.361572 0.3549801 0.375977 0.374512 0.375977 0.3549801 0.375977 0.374512 0.39624 0.3618161 0.384766 0.356934 0.375977 0.374512 0.408936 0.367676 0.39624 0.3618161 0.375977 0.374512 0.415771 0.3774411 0.408936 0.367676 0.375977 0.374512 0.420654 0.390625 0.415771 0.3774411 0.420654 0.390625 0.375977 0.374512 0.421143 0.398438 0.375977 0.389648 0.421143 0.398438 0.375977 0.374512 0.375977 0.389648 0.376221 0.4067381 0.421143 0.398438 0.421875 0.4067381 0.421143 0.398438 0.376221 0.4067381 0.335205 0.29541 0.316406 0.322754 0.361328 0.329102 0.361328 0.329102 0.316406 0.322754 0.350342 0.361328 0.316406 0.322754 0.335205 0.29541 0.307373 0.271973 0.316406 0.322754 0.307373 0.271973 0.282715 0.2841801 0.282715 0.2841801 0.307373 0.271973 0.287842 0.26709 0.287842 0.26709 0.269775 0.269531 0.282715 0.2841801 0.337646 0.362793 0.307861 0.338379 0.304688 0.358398 0.273682 0.3847661 0.304688 0.358398 0.307861 0.338379 0.326904 0.3710941 0.324219 0.37207 0.329834 0.396484 0.324219 0.37207 0.321533 0.373535 0.329834 0.396484 0.329834 0.396484 0.321533 0.373535 0.31958 0.375 0.329834 0.396484 0.31958 0.375 0.318604 0.379395 0.329834 0.396484 0.318604 0.379395 0.318604 0.404297 0.326904 0.3710941 0.329834 0.396484 0.360107 0.3710941 0.360107 0.3710941 0.329834 0.396484 0.360107 0.396484 0.052612 0.8642581 0.04150396 0.855957 0.04150396 0.8642581 0.04150396 0.855957 0.052612 0.8642581 0.05929601 0.855957 0.052612 0.8642581 0.1386719 0.855957 0.05929601 0.855957 0.1297609 0.8642581 0.1386719 0.855957 0.052612 0.8642581 0.01180297 0.49707 0.02529901 0.493164 0.01460295 0.5185551 0.06100499 0.5185551 0.01460295 0.5185551 0.02529901 0.493164 0.05041497 0.493164 0.06100499 0.5185551 0.02529901 0.493164 0.05041497 0.493164 0.02529901 0.493164 0.05041497 0.467285 0.02529901 0.493164 0.02529901 0.467285 0.05041497 0.467285 0.05041497 0.493164 0.06378197 0.49707 0.06100499 0.5185551 0.02529901 0.467285 0.02529901 0.4404301 0.05041497 0.467285 0.02529901 0.4404301 0.05041497 0.4404301 0.05041497 0.467285 0.05041497 0.412598 0.05041497 0.4404301 0.02529901 0.4404301 0.02529901 0.412598 0.05041497 0.412598 0.02529901 0.4404301 0.05041497 0.412598 0.02529901 0.412598 0.05041497 0.387695 0.02529901 0.412598 0.02529901 0.387695 0.05041497 0.387695 0.05041497 0.387695 0.02529901 0.387695 0.06100499 0.3623051 0.02529901 0.387695 0.01460295 0.3623051 0.06100499 0.3623051 0.02529901 0.387695 0.01180297 0.383789 0.01460295 0.3623051 0.06378197 0.383789 0.05041497 0.387695 0.06100499 0.3623051 0.06927496 0.441406 0.05621296 0.459473 0.05621296 0.441406 0.05621296 0.459473 0.06927496 0.441406 0.065979 0.479004 0.05621296 0.4780271 0.05621296 0.459473 0.065979 0.479004 0.05621296 0.4780271 0.065979 0.479004 0.05621296 0.48877 0.065979 0.479004 0.06518596 0.48877 0.05621296 0.48877 0.05621296 0.421875 0.06927496 0.441406 0.05621296 0.441406 0.065979 0.40332 0.06927496 0.441406 0.05621296 0.421875 0.05621296 0.404297 0.065979 0.40332 0.05621296 0.421875 0.065979 0.40332 0.05621296 0.404297 0.05621296 0.3935551 0.06518596 0.3935551 0.065979 0.40332 0.05621296 0.3935551 0.1318359 0.06738305 0.1318359 0.101562 0.1115109 0.101562 0.1115109 0.06738305 0.1318359 0.06738305 0.1115109 0.101562 0.571289 0.169434 0.571289 0.182129 0.500488 0.182129 0.500488 0.169434 0.571289 0.169434 0.500488 0.182129 0.03829997 0.228516 0.03829997 0.2480469 0.004397988 0.2480469 0.004397988 0.228516 0.03829997 0.228516 0.004397988 0.2480469 0.01769995 0.4873051 0.008796989 0.4873051 0.008002996 0.4780271 0.01769995 0.476562 0.01769995 0.4873051 0.008002996 0.4780271 0.01769995 0.476562 0.008002996 0.4780271 0.01769995 0.458496 0.008002996 0.4780271 0.004700005 0.4404301 0.01769995 0.458496 0.004700005 0.4404301 0.01769995 0.4404301 0.01769995 0.458496 0.01769995 0.421387 0.01769995 0.4404301 0.004700005 0.4404301 0.01769995 0.421387 0.004700005 0.4404301 0.008002996 0.402832 0.01769995 0.403809 0.01769995 0.421387 0.008002996 0.402832 0.01769995 0.403809 0.008002996 0.402832 0.01769995 0.3930661 0.008002996 0.402832 0.008796989 0.3930661 0.01769995 0.3930661 0.55957 0.190918 0.55957 0.211914 0.522949 0.211914 0.522949 0.190918 0.55957 0.190918 0.522949 0.211914 0.288086 0.05175805 0.288086 0.06103503 0.2374269 0.06103503 0.2374269 0.05175805 0.288086 0.05175805 0.2374269 0.06103503 0.191528 0.479492 0.191528 0.449707 0.2087399 0.449707 0.2087399 0.479492 0.191528 0.479492 0.2087399 0.449707 0.01180297 0.49707 0.02529901 0.493164 0.01460295 0.5185551 0.06100499 0.5185551 0.01460295 0.5185551 0.02529901 0.493164 0.06100499 0.5185551 0.02529901 0.493164 0.05041497 0.493164 0.02529901 0.493164 0.05041497 0.467285 0.05041497 0.493164 0.02529901 0.493164 0.02529901 0.467285 0.05041497 0.467285 0.05041497 0.493164 0.06378197 0.49707 0.06100499 0.5185551 0.02529901 0.4404301 0.05041497 0.467285 0.02529901 0.467285 0.02529901 0.4404301 0.05041497 0.4404301 0.05041497 0.467285 0.05041497 0.412598 0.05041497 0.4404301 0.02529901 0.4404301 0.05041497 0.412598 0.02529901 0.4404301 0.02529901 0.412598 0.02529901 0.412598 0.05041497 0.387695 0.05041497 0.412598 0.02529901 0.412598 0.02529901 0.387695 0.05041497 0.387695 0.02529901 0.387695 0.06100499 0.3623051 0.05041497 0.387695 0.02529901 0.387695 0.01460295 0.3623051 0.06100499 0.3623051 0.02529901 0.387695 0.01180297 0.383789 0.01460295 0.3623051 0.06378197 0.383789 0.05041497 0.387695 0.06100499 0.3623051 0.06927496 0.441406 0.05621296 0.459473 0.05621296 0.441406 0.05621296 0.459473 0.06927496 0.441406 0.065979 0.479004 0.05621296 0.459473 0.065979 0.479004 0.05621296 0.4780271 0.05621296 0.48877 0.05621296 0.4780271 0.065979 0.479004 0.05621296 0.48877 0.065979 0.479004 0.06518596 0.48877 0.05621296 0.421875 0.06927496 0.441406 0.05621296 0.441406 0.05621296 0.421875 0.065979 0.40332 0.06927496 0.441406 0.05621296 0.421875 0.05621296 0.404297 0.065979 0.40332 0.05621296 0.3935551 0.065979 0.40332 0.05621296 0.404297 0.05621296 0.3935551 0.06518596 0.3935551 0.065979 0.40332 0.1115109 0.101562 0.1115109 0.06738305 0.1318359 0.06738305 0.1115109 0.101562 0.1318359 0.06738305 0.1318359 0.101562 0.571289 0.169434 0.571289 0.182129 0.500488 0.182129 0.571289 0.169434 0.500488 0.182129 0.500488 0.169434 0.03829997 0.228516 0.03829997 0.2480469 0.004397988 0.2480469 0.03829997 0.228516 0.004397988 0.2480469 0.004397988 0.228516 0.01769995 0.4873051 0.008796989 0.4873051 0.008002996 0.4780271 0.01769995 0.4873051 0.008002996 0.4780271 0.01769995 0.476562 0.01769995 0.458496 0.01769995 0.476562 0.008002996 0.4780271 0.01769995 0.458496 0.008002996 0.4780271 0.004700005 0.4404301 0.004700005 0.4404301 0.01769995 0.4404301 0.01769995 0.458496 0.01769995 0.421387 0.01769995 0.4404301 0.004700005 0.4404301 0.01769995 0.421387 0.004700005 0.4404301 0.008002996 0.402832 0.01769995 0.421387 0.008002996 0.402832 0.01769995 0.403809 0.008002996 0.402832 0.01769995 0.3930661 0.01769995 0.403809 0.008002996 0.402832 0.008796989 0.3930661 0.01769995 0.3930661 0.55957 0.190918 0.55957 0.211914 0.522949 0.211914 0.55957 0.190918 0.522949 0.211914 0.522949 0.190918 0.288086 0.05175805 0.288086 0.06103503 0.2374269 0.06103503 0.288086 0.05175805 0.2374269 0.06103503 0.2374269 0.05175805 0.2087399 0.449707 0.2087399 0.479492 0.191528 0.479492 0.2087399 0.449707 0.191528 0.479492 0.191528 0.449707 0.4646 0.311035 0.476318 0.311035 0.4646 0.354004 0.4646 0.354004 0.476318 0.311035 0.476318 0.354004 0.580078 0.996099 0.57666 0.988297 0.626465 0.996099 0.626465 0.996099 0.57666 0.988297 0.631836 0.988297 0.289551 0.333496 0.281738 0.336426 0.289551 0.320801 0.289551 0.320801 0.281738 0.336426 0.281738 0.318359 0.643555 0.9888001 0.689941 0.9888001 0.640625 0.996099 0.640625 0.996099 0.689941 0.9888001 0.695801 0.996099 0.304443 0.39502 0.29541 0.397461 0.304443 0.382324 0.304443 0.382324 0.29541 0.397461 0.29541 0.379395 0.06451398 0.52832 0.05590796 0.527832 0.06390398 0.766602 0.06390398 0.766602 0.05590796 0.527832 0.03259301 0.766602 0.03259301 0.766602 0.05590796 0.527832 0.035492 0.527832 0.918945 0.4892581 0.95752 0.4892581 0.986328 0.525879 0.95752 0.4892581 0.980469 0.4892581 0.986328 0.525879 0.986816 0.01367199 0.977051 0.003418028 0.98291 0.003418028 0.986816 0.003418028 0.986816 0.01367199 0.98291 0.003418028</float_array>
          <technique_common>
            <accessor source="#_018-mesh-map-0-array" count="6981" stride="2">
              <param name="S" type="float"/>
              <param name="T" type="float"/>
            </accessor>
          </technique_common>
        </source>
        <vertices id="_018-mesh-vertices">
          <input semantic="POSITION" source="#_018-mesh-positions"/>
        </vertices>
        <triangles count="2327">
          <input semantic="VERTEX" source="#_018-mesh-vertices" offset="0"/>
          <input semantic="NORMAL" source="#_018-mesh-normals" offset="1"/>
          <input semantic="TEXCOORD" source="#_018-mesh-map-0" offset="2" set="0"/>
          <p>0 0 0 1 0 1 2 0 2 3 1 3 4 1 4 5 1 5 6 2 6 7 2 7 8 2 8 9 2 9 10 2 10 11 2 11 12 3 12 13 3 13 14 3 14 15 4 15 16 4 16 17 4 17 18 5 18 19 5 19 20 5 20 21 6 21 22 6 22 23 6 23 24 7 24 25 7 25 26 7 26 27 7 27 28 7 28 29 7 29 30 8 30 31 8 31 32 8 32 33 9 33 34 9 34 35 9 35 36 8 36 37 8 37 38 8 38 39 9 39 40 9 40 41 9 41 42 10 42 43 10 43 44 10 44 45 11 45 46 11 46 47 11 47 48 12 48 49 12 49 50 12 50 51 11 51 52 11 52 53 11 53 54 13 54 55 13 55 56 13 56 57 13 57 58 13 58 59 13 59 60 14 60 61 14 61 62 14 62 63 14 63 64 14 64 65 14 65 66 15 66 67 15 67 68 15 68 69 16 69 70 16 70 71 16 71 72 17 72 73 17 73 74 17 74 75 18 75 76 18 76 77 18 77 78 19 78 79 19 79 80 19 80 81 20 81 82 20 82 83 20 83 84 21 84 85 21 85 86 21 86 87 22 87 88 22 88 89 22 89 90 23 90 91 23 91 92 23 92 93 23 93 94 23 94 95 23 95 96 24 96 97 24 97 98 24 98 99 24 99 100 24 100 101 24 101 102 25 102 103 25 103 104 25 104 105 25 105 106 25 106 107 25 107 108 26 108 109 26 109 110 26 110 111 26 111 112 26 112 113 26 113 114 27 114 115 27 115 116 27 116 117 27 117 118 27 118 119 27 119 120 28 120 121 28 121 122 28 122 123 28 123 124 28 124 125 28 125 126 29 126 127 29 127 128 29 128 129 29 129 130 29 130 131 29 131 132 30 132 133 30 133 134 30 134 135 30 135 136 30 136 137 30 137 138 31 138 139 31 139 140 31 140 141 31 141 142 31 142 143 31 143 144 32 144 145 32 145 146 32 146 147 33 147 148 33 148 149 33 149 150 32 150 151 32 151 152 32 152 153 34 153 154 34 154 155 34 155 156 35 156 157 35 157 158 35 158 159 36 159 160 36 160 161 36 161 162 37 162 163 37 163 164 37 164 165 38 165 166 38 166 167 38 167 168 39 168 169 39 169 170 39 170 171 39 171 172 39 172 173 39 173 174 31 174 175 31 175 176 31 176 177 40 177 178 40 178 179 40 179 180 40 180 181 40 181 182 40 182 183 41 183 184 41 184 185 41 185 186 42 186 187 42 187 188 42 188 189 43 189 190 43 190 191 43 191 192 41 192 193 41 193 194 41 194 195 41 195 196 41 196 197 41 197 198 44 198 199 44 199 200 44 200 201 44 201 202 44 202 203 44 203 204 45 204 205 45 205 206 45 206 207 46 207 208 46 208 209 46 209 210 47 210 211 47 211 212 47 212 213 47 213 214 47 214 215 47 215 216 48 216 217 48 217 218 48 218 219 48 219 220 48 220 221 48 221 222 49 222 223 49 223 224 49 224 225 49 225 226 49 226 227 49 227 228 49 228 229 49 229 230 49 230 231 50 231 232 50 232 233 50 233 234 50 234 235 50 235 236 50 236 237 51 237 238 51 238 239 51 239 240 52 240 241 52 241 242 52 242 243 53 243 244 53 244 245 53 245 246 54 246 247 54 247 248 54 248 249 55 249 250 55 250 251 55 251 252 55 252 253 55 253 254 55 254 255 56 255 256 56 256 257 56 257 258 56 258 259 56 259 260 56 260 261 57 261 262 57 262 263 57 263 264 57 264 265 57 265 266 57 266 267 58 267 268 58 268 269 58 269 270 58 270 271 58 271 272 58 272 273 59 273 274 59 274 275 59 275 276 59 276 277 59 277 278 59 278 279 60 279 280 60 280 281 60 281 282 60 282 283 60 283 284 60 284 285 61 285 286 61 286 287 61 287 288 61 288 289 61 289 290 61 290 291 62 291 292 62 292 293 62 293 294 62 294 295 62 295 296 62 296 297 62 297 298 62 298 299 62 299 300 62 300 301 62 301 302 62 302 303 62 303 304 62 304 305 62 305 306 62 306 307 62 307 308 62 308 309 62 309 310 62 310 311 62 311 312 62 312 313 62 313 314 62 314 315 62 315 316 62 316 317 62 317 318 62 318 319 62 319 320 62 320 321 62 321 322 62 322 323 62 323 324 62 324 325 62 325 326 62 326 327 62 327 328 62 328 329 62 329 330 62 330 331 62 331 332 62 332 333 62 333 334 62 334 335 62 335 336 62 336 337 62 337 338 62 338 339 62 339 340 62 340 341 62 341 342 62 342 343 62 343 344 62 344 345 62 345 346 62 346 347 62 347 348 62 348 349 62 349 350 62 350 351 62 351 352 62 352 353 62 353 354 62 354 355 62 355 356 62 356 357 62 357 358 62 358 359 62 359 360 62 360 361 62 361 362 62 362 363 62 363 364 62 364 365 62 365 366 62 366 367 62 367 368 62 368 369 62 369 370 62 370 371 62 371 372 62 372 373 62 373 374 62 374 375 62 375 376 62 376 377 62 377 378 62 378 379 62 379 380 62 380 381 62 381 382 62 382 383 62 383 384 62 384 385 62 385 386 62 386 387 62 387 388 62 388 389 62 389 390 62 390 391 62 391 392 62 392 393 62 393 394 62 394 395 62 395 396 62 396 397 62 397 398 62 398 399 62 399 400 62 400 401 62 401 402 62 402 403 62 403 404 62 404 405 62 405 406 62 406 407 62 407 408 62 408 409 62 409 410 62 410 411 62 411 412 62 412 413 62 413 414 62 414 415 62 415 416 62 416 417 62 417 418 62 418 419 62 419 420 62 420 421 62 421 422 62 422 423 62 423 424 62 424 425 62 425 426 62 426 427 62 427 428 62 428 429 62 429 430 62 430 431 62 431 432 62 432 433 62 433 434 62 434 435 62 435 436 62 436 437 62 437 438 62 438 439 62 439 440 62 440 441 62 441 442 62 442 443 62 443 444 62 444 445 62 445 446 62 446 447 62 447 448 62 448 449 62 449 450 62 450 451 62 451 452 62 452 453 62 453 454 62 454 455 62 455 456 62 456 457 62 457 458 62 458 459 62 459 460 62 460 461 62 461 462 62 462 463 62 463 464 62 464 465 62 465 466 62 466 467 62 467 468 62 468 469 62 469 470 62 470 471 62 471 472 62 472 473 62 473 474 62 474 475 62 475 476 62 476 477 62 477 478 62 478 479 62 479 480 62 480 481 62 481 482 62 482 483 62 483 484 62 484 485 62 485 486 62 486 487 62 487 488 62 488 489 62 489 490 62 490 491 62 491 492 62 492 493 62 493 494 62 494 495 62 495 496 62 496 497 62 497 498 62 498 499 62 499 500 62 500 501 62 501 502 62 502 503 62 503 504 62 504 505 62 505 506 62 506 507 62 507 508 62 508 509 62 509 510 62 510 511 62 511 512 62 512 513 62 513 514 62 514 515 62 515 516 62 516 517 62 517 518 62 518 519 62 519 520 62 520 521 62 521 522 62 522 523 62 523 524 62 524 525 62 525 526 62 526 527 62 527 528 62 528 529 62 529 530 62 530 531 62 531 532 62 532 533 62 533 534 63 534 535 63 535 536 63 536 537 63 537 538 63 538 539 63 539 540 63 540 541 63 541 542 63 542 543 63 543 544 63 544 545 63 545 546 63 546 547 63 547 548 63 548 549 63 549 550 63 550 551 63 551 552 63 552 553 63 553 554 63 554 555 63 555 556 63 556 557 63 557 558 63 558 559 63 559 560 63 560 561 63 561 562 63 562 563 63 563 564 63 564 565 63 565 566 63 566 567 63 567 568 63 568 569 63 569 570 63 570 571 63 571 572 63 572 573 63 573 574 63 574 575 63 575 576 63 576 577 63 577 578 63 578 579 63 579 580 63 580 581 63 581 582 63 582 583 63 583 584 63 584 585 63 585 586 63 586 587 63 587 588 63 588 589 63 589 590 63 590 591 63 591 592 63 592 593 63 593 594 63 594 595 63 595 596 63 596 597 63 597 598 63 598 599 63 599 600 63 600 601 63 601 602 63 602 603 63 603 604 63 604 605 63 605 606 63 606 607 63 607 608 63 608 609 63 609 610 63 610 611 63 611 612 63 612 613 63 613 614 63 614 615 63 615 616 63 616 617 63 617 618 63 618 619 63 619 620 63 620 621 63 621 622 63 622 623 63 623 624 63 624 625 63 625 626 63 626 627 63 627 628 63 628 629 63 629 630 64 630 631 64 631 632 64 632 633 64 633 634 64 634 635 64 635 636 65 636 637 65 637 638 65 638 639 65 639 640 65 640 641 65 641 642 66 642 643 66 643 644 66 644 645 67 645 646 67 646 647 67 647 648 67 648 649 67 649 650 67 650 651 68 651 652 68 652 653 68 653 654 68 654 655 68 655 656 68 656 657 66 657 658 66 658 659 66 659 660 69 660 661 69 661 662 69 662 663 70 663 664 70 664 665 70 665 666 71 666 667 71 667 668 71 668 669 72 669 670 72 670 671 72 671 672 73 672 673 73 673 674 73 674 675 74 675 676 74 676 677 74 677 678 75 678 679 75 679 680 75 680 681 75 681 682 75 682 683 75 683 684 76 684 685 76 685 686 76 686 687 76 687 688 76 688 689 76 689 690 74 690 691 74 691 692 74 692 693 77 693 694 77 694 695 77 695 696 77 696 697 77 697 698 77 698 699 78 699 700 78 700 701 78 701 702 79 702 703 79 703 704 79 704 705 80 705 706 80 706 707 80 707 708 81 708 709 81 709 710 81 710 711 82 711 712 82 712 713 82 713 714 83 714 715 83 715 716 83 716 717 83 717 718 83 718 719 83 719 720 84 720 721 84 721 722 84 722 723 84 723 724 84 724 725 84 725 726 85 726 727 85 727 728 85 728 729 85 729 730 85 730 731 85 731 732 86 732 733 86 733 734 86 734 735 86 735 736 86 736 737 86 737 738 87 738 739 87 739 740 87 740 741 87 741 742 87 742 743 87 743 744 88 744 745 88 745 746 88 746 747 88 747 748 88 748 749 88 749 750 89 750 751 89 751 752 89 752 753 90 753 754 90 754 755 90 755 756 91 756 757 91 757 758 91 758 759 91 759 760 91 760 761 91 761 762 92 762 763 92 763 764 92 764 765 92 765 766 92 766 767 92 767 768 93 768 769 93 769 770 93 770 771 94 771 772 94 772 773 94 773 774 95 774 775 95 775 776 95 776 777 93 777 778 93 778 779 93 779 780 96 780 781 96 781 782 96 782 783 96 783 784 96 784 785 96 785 786 97 786 787 97 787 788 97 788 789 97 789 790 97 790 791 97 791 792 98 792 793 98 793 794 98 794 795 98 795 796 98 796 797 98 797 798 99 798 799 99 799 800 99 800 801 99 801 802 99 802 803 99 803 804 100 804 805 100 805 806 100 806 807 100 807 808 100 808 809 100 809 810 101 810 811 101 811 812 101 812 813 101 813 814 101 814 815 101 815 816 102 816 817 102 817 818 102 818 819 103 819 820 103 820 821 103 821 822 104 822 823 104 823 824 104 824 825 105 825 826 105 826 827 105 827 828 106 828 829 106 829 830 106 830 831 107 831 832 107 832 833 107 833 834 108 834 835 108 835 836 108 836 837 109 837 838 109 838 839 109 839 840 109 840 841 109 841 842 109 842 843 110 843 844 110 844 845 110 845 846 110 846 847 110 847 848 110 848 849 111 849 850 111 850 851 111 851 852 111 852 853 111 853 854 111 854 855 112 855 856 112 856 857 112 857 858 112 858 859 112 859 860 112 860 861 113 861 862 113 862 863 113 863 864 113 864 865 113 865 866 113 866 867 114 867 868 114 868 869 114 869 870 114 870 871 114 871 872 114 872 873 115 873 874 115 874 875 115 875 876 115 876 877 115 877 878 115 878 879 116 879 880 116 880 881 116 881 882 116 882 883 116 883 884 116 884 885 117 885 886 117 886 887 117 887 888 117 888 889 117 889 890 117 890 891 118 891 892 118 892 893 118 893 894 118 894 895 118 895 896 118 896 897 119 897 898 119 898 899 119 899 900 120 900 901 120 901 902 120 902 903 121 903 904 121 904 905 121 905 906 122 906 907 122 907 908 122 908 909 122 909 910 122 910 911 122 911 912 123 912 913 123 913 914 123 914 915 124 915 916 124 916 917 124 917 918 125 918 919 125 919 920 125 920 921 125 921 922 125 922 923 125 923 924 126 924 925 126 925 926 126 926 927 127 927 928 127 928 929 127 929 930 63 930 931 63 931 932 63 932 933 63 933 934 63 934 935 63 935 936 63 936 937 63 937 938 63 938 939 63 939 940 63 940 941 63 941 942 63 942 943 63 943 944 63 944 945 63 945 946 63 946 947 63 947 948 63 948 949 63 949 950 63 950 951 63 951 952 63 952 953 63 953 954 63 954 955 63 955 956 63 956 957 63 957 958 63 958 959 63 959 960 63 960 961 63 961 962 63 962 963 63 963 964 63 964 965 63 965 966 63 966 967 63 967 968 63 968 969 63 969 970 63 970 971 63 971 972 63 972 973 63 973 974 63 974 975 63 975 976 63 976 977 63 977 978 63 978 979 63 979 980 63 980 981 63 981 982 63 982 983 63 983 984 63 984 985 63 985 986 63 986 987 63 987 988 63 988 989 63 989 990 128 990 991 128 991 992 128 992 993 128 993 994 128 994 995 128 995 996 129 996 997 129 997 998 129 998 999 130 999 1000 130 1000 1001 130 1001 1002 131 1002 1003 131 1003 1004 131 1004 1005 132 1005 1006 132 1006 1007 132 1007 1008 133 1008 1009 133 1009 1010 133 1010 1011 134 1011 1012 134 1012 1013 134 1013 1014 63 1014 1015 63 1015 1016 63 1016 1017 63 1017 1018 63 1018 1019 63 1019 1020 63 1020 1021 63 1021 1022 63 1022 1023 63 1023 1024 63 1024 1025 63 1025 1026 63 1026 1027 63 1027 1028 63 1028 1029 63 1029 1030 63 1030 1031 63 1031 1032 63 1032 1033 63 1033 1034 63 1034 1035 63 1035 1036 63 1036 1037 63 1037 1038 63 1038 1039 63 1039 1040 63 1040 1041 63 1041 1042 63 1042 1043 63 1043 1044 63 1044 1045 63 1045 1046 63 1046 1047 63 1047 1048 63 1048 1049 63 1049 1050 63 1050 1051 63 1051 1052 63 1052 1053 63 1053 1054 63 1054 1055 63 1055 1056 63 1056 1057 63 1057 1058 63 1058 1059 63 1059 1060 63 1060 1061 63 1061 1062 63 1062 1063 63 1063 1064 63 1064 1065 63 1065 1066 63 1066 1067 63 1067 1068 63 1068 1069 63 1069 1070 63 1070 1071 63 1071 1072 63 1072 1073 63 1073 1074 135 1074 1075 135 1075 1076 135 1076 1077 135 1077 1078 135 1078 1079 135 1079 1080 136 1080 1081 136 1081 1082 136 1082 1083 137 1083 1084 137 1084 1085 137 1085 1086 138 1086 1087 138 1087 1088 138 1088 1089 138 1089 1090 138 1090 1091 138 1091 1092 139 1092 1093 139 1093 1094 139 1094 1095 140 1095 1096 140 1096 1097 140 1097 1098 141 1098 1099 141 1099 1100 141 1100 1101 141 1101 1102 141 1102 1103 141 1103 1104 142 1104 1105 142 1105 1106 142 1106 1107 143 1107 1108 143 1108 1109 143 1109 1110 144 1110 1111 144 1111 1112 144 1112 1113 145 1113 1114 145 1114 1115 145 1115 1116 146 1116 1117 146 1117 1118 146 1118 1119 147 1119 1120 147 1120 1121 147 1121 1122 148 1122 1123 148 1123 1124 148 1124 1125 149 1125 1126 149 1126 1127 149 1127 1128 22 1128 1129 22 1129 1130 22 1130 1131 150 1131 1132 150 1132 1133 150 1133 1134 150 1134 1135 150 1135 1136 150 1136 1137 151 1137 1138 151 1138 1139 151 1139 1140 151 1140 1141 151 1141 1142 151 1142 1143 152 1143 1144 152 1144 1145 152 1145 1146 152 1146 1147 152 1147 1148 152 1148 1149 153 1149 1150 153 1150 1151 153 1151 1152 153 1152 1153 153 1153 1154 153 1154 1155 154 1155 1156 154 1156 1157 154 1157 1158 154 1158 1159 154 1159 1160 154 1160 1161 155 1161 1162 155 1162 1163 155 1163 1164 155 1164 1165 155 1165 1166 155 1166 1167 156 1167 1168 156 1168 1169 156 1169 1170 156 1170 1171 156 1171 1172 156 1172 1173 157 1173 1174 157 1174 1175 157 1175 1176 157 1176 1177 157 1177 1178 157 1178 1179 158 1179 1180 158 1180 1181 158 1181 1182 158 1182 1183 158 1183 1184 158 1184 1185 159 1185 1186 159 1186 1187 159 1187 1188 159 1188 1189 159 1189 1190 159 1190 1191 160 1191 1192 160 1192 1193 160 1193 1194 160 1194 1195 160 1195 1196 160 1196 1197 161 1197 1198 161 1198 1199 161 1199 1200 162 1200 1201 162 1201 1202 162 1202 1203 163 1203 1204 163 1204 1205 163 1205 1206 163 1206 1207 163 1207 1208 163 1208 1209 164 1209 1210 164 1210 1211 164 1211 1212 164 1212 1213 164 1213 1214 164 1214 1215 165 1215 1216 165 1216 1217 165 1217 1218 165 1218 1219 165 1219 1220 165 1220 1221 166 1221 1222 166 1222 1223 166 1223 1224 166 1224 1225 166 1225 1226 166 1226 1227 167 1227 1228 167 1228 1229 167 1229 1230 168 1230 1231 168 1231 1232 168 1232 1233 169 1233 1234 169 1234 1235 169 1235 1236 170 1236 1237 170 1237 1238 170 1238 1239 171 1239 1240 171 1240 1241 171 1241 1242 172 1242 1243 172 1243 1244 172 1244 1245 173 1245 1246 173 1246 1247 173 1247 1248 174 1248 1249 174 1249 1250 174 1250 1251 175 1251 1252 175 1252 1253 175 1253 1254 176 1254 1255 176 1255 1256 176 1256 1257 177 1257 1258 177 1258 1259 177 1259 1260 177 1260 1261 177 1261 1262 177 1262 1263 178 1263 1264 178 1264 1265 178 1265 1266 178 1266 1267 178 1267 1268 178 1268 1269 179 1269 1270 179 1270 1271 179 1271 1272 180 1272 1273 180 1273 1274 180 1274 1275 179 1275 1276 179 1276 1277 179 1277 1278 181 1278 1279 181 1279 1280 181 1280 1281 180 1281 1282 180 1282 1283 180 1283 1284 181 1284 1285 181 1285 1286 181 1286 1287 182 1287 1288 182 1288 1289 182 1289 1290 183 1290 1291 183 1291 1292 183 1292 1293 184 1293 1294 184 1294 1295 184 1295 1296 185 1296 1297 185 1297 1298 185 1298 1299 186 1299 1300 186 1300 1301 186 1301 1302 187 1302 1303 187 1303 1304 187 1304 1305 188 1305 1306 188 1306 1307 188 1307 1308 189 1308 1309 189 1309 1310 189 1310 1311 190 1311 1312 190 1312 1313 190 1313 1314 191 1314 1315 191 1315 1316 191 1316 1317 192 1317 1318 192 1318 1319 192 1319 1320 193 1320 1321 193 1321 1322 193 1322 1323 194 1323 1324 194 1324 1325 194 1325 1326 195 1326 1327 195 1327 1328 195 1328 1329 196 1329 1330 196 1330 1331 196 1331 1332 197 1332 1333 197 1333 1334 197 1334 1335 198 1335 1336 198 1336 1337 198 1337 1338 199 1338 1339 199 1339 1340 199 1340 1341 200 1341 1342 200 1342 1343 200 1343 1344 201 1344 1345 201 1345 1346 201 1346 1347 202 1347 1348 202 1348 1349 202 1349 1350 203 1350 1351 203 1351 1352 203 1352 1353 204 1353 1354 204 1354 1355 204 1355 1356 205 1356 1357 205 1357 1358 205 1358 1359 206 1359 1360 206 1360 1361 206 1361 1362 207 1362 1363 207 1363 1364 207 1364 1365 208 1365 1366 208 1366 1367 208 1367 1368 209 1368 1369 209 1369 1370 209 1370 1371 208 1371 1372 208 1372 1373 208 1373 1374 210 1374 1375 210 1375 1376 210 1376 1377 211 1377 1378 211 1378 1379 211 1379 1380 212 1380 1381 212 1381 1382 212 1382 1383 213 1383 1384 213 1384 1385 213 1385 1386 214 1386 1387 214 1387 1388 214 1388 1389 215 1389 1390 215 1390 1391 215 1391 1392 216 1392 1393 216 1393 1394 216 1394 1395 216 1395 1396 216 1396 1397 216 1397 1398 217 1398 1399 217 1399 1400 217 1400 1401 218 1401 1402 218 1402 1403 218 1403 1404 219 1404 1405 219 1405 1406 219 1406 1407 219 1407 1408 219 1408 1409 219 1409 1410 220 1410 1411 220 1411 1412 220 1412 1413 220 1413 1414 220 1414 1415 220 1415 1416 221 1416 1417 221 1417 1418 221 1418 1419 221 1419 1420 221 1420 1421 221 1421 1422 222 1422 1423 222 1423 1424 222 1424 1425 222 1425 1426 222 1426 1427 222 1427 1428 223 1428 1429 223 1429 1430 223 1430 1431 223 1431 1432 223 1432 1433 223 1433 1434 224 1434 1435 224 1435 1436 224 1436 1437 224 1437 1438 224 1438 1439 224 1439 1440 182 1440 1441 182 1441 1442 182 1442 1443 62 1443 1444 62 1444 1445 62 1445 1446 62 1446 1447 62 1447 1448 62 1448 1449 62 1449 1450 62 1450 1451 62 1451 1452 62 1452 1453 62 1453 1454 62 1454 1455 62 1455 1456 62 1456 1457 62 1457 1458 62 1458 1459 62 1459 1460 62 1460 1461 62 1461 1462 62 1462 1463 62 1463 1464 62 1464 1465 62 1465 1466 62 1466 1467 62 1467 1468 62 1468 1469 62 1469 1470 62 1470 1471 62 1471 1472 62 1472 1473 62 1473 1474 62 1474 1475 62 1475 1476 62 1476 1477 62 1477 1478 62 1478 1479 62 1479 1480 62 1480 1481 62 1481 1482 62 1482 1483 62 1483 1484 62 1484 1485 62 1485 1486 62 1486 1487 62 1487 1488 62 1488 1489 62 1489 1490 62 1490 1491 62 1491 1492 62 1492 1493 62 1493 1494 62 1494 1495 62 1495 1496 62 1496 1497 62 1497 1498 62 1498 1499 62 1499 1500 62 1500 1501 62 1501 1502 62 1502 1503 62 1503 1504 62 1504 1505 62 1505 1506 62 1506 1507 62 1507 1508 62 1508 1509 62 1509 1510 62 1510 1511 62 1511 1512 62 1512 1513 62 1513 1514 62 1514 1515 62 1515 1516 62 1516 1517 62 1517 1518 62 1518 1519 62 1519 1520 62 1520 1521 62 1521 1522 62 1522 1523 62 1523 1524 62 1524 1525 62 1525 1526 62 1526 1527 62 1527 1528 62 1528 1529 62 1529 1530 62 1530 1531 62 1531 1532 62 1532 1533 62 1533 1534 62 1534 1535 62 1535 1536 62 1536 1537 62 1537 1538 62 1538 1539 62 1539 1540 62 1540 1541 62 1541 1542 62 1542 1543 62 1543 1544 62 1544 1545 62 1545 1546 62 1546 1547 62 1547 1548 62 1548 1549 62 1549 1550 62 1550 1551 62 1551 1552 62 1552 1553 62 1553 1554 62 1554 1555 62 1555 1556 62 1556 1557 62 1557 1558 62 1558 1559 62 1559 1560 62 1560 1561 62 1561 1562 62 1562 1563 62 1563 1564 62 1564 1565 62 1565 1566 62 1566 1567 62 1567 1568 62 1568 1569 62 1569 1570 62 1570 1571 62 1571 1572 62 1572 1573 62 1573 1574 62 1574 1575 62 1575 1576 62 1576 1577 62 1577 1578 62 1578 1579 62 1579 1580 62 1580 1581 62 1581 1582 62 1582 1583 62 1583 1584 62 1584 1585 62 1585 1586 62 1586 1587 62 1587 1588 62 1588 1589 62 1589 1590 62 1590 1591 62 1591 1592 62 1592 1593 62 1593 1594 62 1594 1595 62 1595 1596 62 1596 1597 62 1597 1598 62 1598 1599 225 1599 1600 225 1600 1601 225 1601 1602 225 1602 1603 225 1603 1604 225 1604 1605 226 1605 1606 226 1606 1607 226 1607 1608 227 1608 1609 227 1609 1610 227 1610 1611 228 1611 1612 228 1612 1613 228 1613 1614 228 1614 1615 228 1615 1616 228 1616 1617 229 1617 1618 229 1618 1619 229 1619 1620 230 1620 1621 230 1621 1622 230 1622 1623 231 1623 1624 231 1624 1625 231 1625 1626 231 1626 1627 231 1627 1628 231 1628 1629 232 1629 1630 232 1630 1631 232 1631 1632 232 1632 1633 232 1633 1634 232 1634 1635 233 1635 1636 233 1636 1637 233 1637 1638 233 1638 1639 233 1639 1640 233 1640 1641 234 1641 1642 234 1642 1643 234 1643 1644 234 1644 1645 234 1645 1646 234 1646 1647 235 1647 1648 235 1648 1649 235 1649 1650 235 1650 1651 235 1651 1652 235 1652 1653 235 1653 1654 235 1654 1655 235 1655 1656 235 1656 1657 235 1657 1658 235 1658 1659 235 1659 1660 235 1660 1661 235 1661 1662 235 1662 1663 235 1663 1664 235 1664 1665 235 1665 1666 235 1666 1667 235 1667 1668 235 1668 1669 235 1669 1670 235 1670 1671 235 1671 1672 235 1672 1673 235 1673 1674 235 1674 1675 235 1675 1676 235 1676 1677 235 1677 1678 235 1678 1679 235 1679 1680 235 1680 1681 235 1681 1682 235 1682 1683 235 1683 1684 235 1684 1685 235 1685 1686 236 1686 1687 236 1687 1688 236 1688 1689 236 1689 1690 236 1690 1691 236 1691 1692 235 1692 1693 235 1693 1694 235 1694 1695 235 1695 1696 235 1696 1697 235 1697 1698 235 1698 1699 235 1699 1700 235 1700 1701 235 1701 1702 235 1702 1703 235 1703 1704 235 1704 1705 235 1705 1706 235 1706 1707 237 1707 1708 237 1708 1709 237 1709 1710 238 1710 1711 238 1711 1712 238 1712 1713 239 1713 1714 239 1714 1715 239 1715 1716 240 1716 1717 240 1717 1718 240 1718 1719 241 1719 1720 241 1720 1721 241 1721 1722 242 1722 1723 242 1723 1724 242 1724 1725 243 1725 1726 243 1726 1727 243 1727 1728 244 1728 1729 244 1729 1730 244 1730 1731 244 1731 1732 244 1732 1733 244 1733 1734 155 1734 1735 155 1735 1736 155 1736 1737 245 1737 1738 245 1738 1739 245 1739 1740 246 1740 1741 246 1741 1742 246 1742 1743 247 1743 1744 247 1744 1745 247 1745 1746 153 1746 1747 153 1747 1748 153 1748 1749 153 1749 1750 153 1750 1751 153 1751 1752 152 1752 1753 152 1753 1754 152 1754 1755 152 1755 1756 152 1756 1757 152 1757 1758 151 1758 1759 151 1759 1760 151 1760 1761 248 1761 1762 248 1762 1763 248 1763 1764 150 1764 1765 150 1765 1766 150 1766 1767 150 1767 1768 150 1768 1769 150 1769 1770 156 1770 1771 156 1771 1772 156 1772 1773 156 1773 1774 156 1774 1775 156 1775 1776 157 1776 1777 157 1777 1778 157 1778 1779 249 1779 1780 249 1780 1781 249 1781 1782 158 1782 1783 158 1783 1784 158 1784 1785 158 1785 1786 158 1786 1787 158 1787 1788 159 1788 1789 159 1789 1790 159 1790 1791 159 1791 1792 159 1792 1793 159 1793 1794 160 1794 1795 160 1795 1796 160 1796 1797 160 1797 1798 160 1798 1799 160 1799 1800 161 1800 1801 161 1801 1802 161 1802 1803 162 1803 1804 162 1804 1805 162 1805 1806 163 1806 1807 163 1807 1808 163 1808 1809 163 1809 1810 163 1810 1811 163 1811 1812 250 1812 1813 250 1813 1814 250 1814 1815 250 1815 1816 250 1816 1817 250 1817 1818 251 1818 1819 251 1819 1820 251 1820 1821 252 1821 1822 252 1822 1823 252 1823 1824 253 1824 1825 253 1825 1826 253 1826 1827 95 1827 1828 95 1828 1829 95 1829 1830 254 1830 1831 254 1831 1832 254 1832 1833 254 1833 1834 254 1834 1835 254 1835 1836 255 1836 1837 255 1837 1838 255 1838 1839 255 1839 1840 255 1840 1841 255 1841 1842 256 1842 1843 256 1843 1844 256 1844 1845 256 1845 1846 256 1846 1847 256 1847 1848 257 1848 1849 257 1849 1850 257 1850 1851 257 1851 1852 257 1852 1853 257 1853 1854 258 1854 1855 258 1855 1856 258 1856 1857 258 1857 1858 258 1858 1859 258 1859 1860 259 1860 1861 259 1861 1862 259 1862 1863 259 1863 1864 259 1864 1865 259 1865 1866 260 1866 1867 260 1867 1868 260 1868 1869 260 1869 1870 260 1870 1871 260 1871 1872 63 1872 1873 63 1873 1874 63 1874 1875 63 1875 1876 63 1876 1877 63 1877 1878 261 1878 1879 261 1879 1880 261 1880 1881 262 1881 1882 262 1882 1883 262 1883 1884 263 1884 1885 263 1885 1886 263 1886 1887 264 1887 1888 264 1888 1889 264 1889 1890 265 1890 1891 265 1891 1892 265 1892 1893 266 1893 1894 266 1894 1895 266 1895 1896 267 1896 1897 267 1897 1898 267 1898 1899 268 1899 1900 268 1900 1901 268 1901 1902 269 1902 1903 269 1903 1904 269 1904 1905 270 1905 1906 270 1906 1907 270 1907 1908 271 1908 1909 271 1909 1910 271 1910 1911 271 1911 1912 271 1912 1913 271 1913 1914 272 1914 1915 272 1915 1916 272 1916 1917 272 1917 1918 272 1918 1919 272 1919 1920 273 1920 1921 273 1921 1922 273 1922 1923 273 1923 1924 273 1924 1925 273 1925 1926 274 1926 1927 274 1927 1928 274 1928 1929 274 1929 1930 274 1930 1931 274 1931 1932 274 1932 1933 274 1933 1934 274 1934 1935 274 1935 1936 274 1936 1937 274 1937 1938 275 1938 1939 275 1939 1940 275 1940 1941 276 1941 1942 276 1942 1943 276 1943 1944 277 1944 1945 277 1945 1946 277 1946 1947 278 1947 1948 278 1948 1949 278 1949 1950 279 1950 1951 279 1951 1952 279 1952 1953 280 1953 1954 280 1954 1955 280 1955 1956 63 1956 1957 63 1957 1958 63 1958 1959 63 1959 1960 63 1960 1961 63 1961 1962 281 1962 1963 281 1963 1964 281 1964 1965 282 1965 1966 282 1966 1967 282 1967 1968 283 1968 1969 283 1969 1970 283 1970 1971 284 1971 1972 284 1972 1973 284 1973 1974 285 1974 1975 285 1975 1976 285 1976 1977 286 1977 1978 286 1978 1979 286 1979 1980 287 1980 1981 287 1981 1982 287 1982 1983 288 1983 1984 288 1984 1985 288 1985 1986 288 1986 1987 288 1987 1988 288 1988 1989 289 1989 1990 289 1990 1991 289 1991 1992 289 1992 1993 289 1993 1994 289 1994 1995 290 1995 1996 290 1996 1997 290 1997 1998 290 1998 1999 290 1999 2000 290 2000 2001 291 2001 2002 291 2002 2003 291 2003 2004 291 2004 2005 291 2005 2006 291 2006 2007 292 2007 2008 292 2008 2009 292 2009 2010 292 2010 2011 292 2011 2012 292 2012 2013 293 2013 2014 293 2014 2015 293 2015 2016 293 2016 2017 293 2017 2018 293 2018 2019 294 2019 2020 294 2020 2021 294 2021 2022 294 2022 2023 294 2023 2024 294 2024 2025 295 2025 2026 295 2026 2027 295 2027 2028 295 2028 2029 295 2029 2030 295 2030 2031 296 2031 2032 296 2032 2033 296 2033 2034 296 2034 2035 296 2035 2036 296 2036 2037 297 2037 2038 297 2038 2039 297 2039 2040 297 2040 2041 297 2041 2042 297 2042 2043 298 2043 2044 298 2044 2045 298 2045 2046 298 2046 2047 298 2047 2048 298 2048 2049 299 2049 2050 299 2050 2051 299 2051 2052 300 2052 2053 300 2053 2054 300 2054 2055 301 2055 2056 301 2056 2057 301 2057 2058 301 2058 2059 301 2059 2060 301 2060 2061 302 2061 2062 302 2062 2063 302 2063 2064 302 2064 2065 302 2065 2066 302 2066 2067 303 2067 2068 303 2068 2069 303 2069 2070 303 2070 2071 303 2071 2072 303 2072 2073 304 2073 2074 304 2074 2075 304 2075 2076 304 2076 2077 304 2077 2078 304 2078 2079 305 2079 2080 305 2080 2081 305 2081 2082 306 2082 2083 306 2083 2084 306 2084 2085 307 2085 2086 307 2086 2087 307 2087 2088 308 2088 2089 308 2089 2090 308 2090 2091 309 2091 2092 309 2092 2093 309 2093 2094 310 2094 2095 310 2095 2096 310 2096 2097 311 2097 2098 311 2098 2099 311 2099 2100 312 2100 2101 312 2101 2102 312 2102 2103 313 2103 2104 313 2104 2105 313 2105 2106 314 2106 2107 314 2107 2108 314 2108 2109 315 2109 2110 315 2110 2111 315 2111 2112 315 2112 2113 315 2113 2114 315 2114 2115 316 2115 2116 316 2116 2117 316 2117 2118 316 2118 2119 316 2119 2120 316 2120 2121 317 2121 2122 317 2122 2123 317 2123 2124 317 2124 2125 317 2125 2126 317 2126 2127 318 2127 2128 318 2128 2129 318 2129 2130 318 2130 2131 318 2131 2132 318 2132 2133 319 2133 2134 319 2134 2135 319 2135 2136 319 2136 2137 319 2137 2138 319 2138 2139 320 2139 2140 320 2140 2141 320 2141 2142 321 2142 2143 321 2143 2144 321 2144 2145 322 2145 2146 322 2146 2147 322 2147 2148 323 2148 2149 323 2149 2150 323 2150 2151 324 2151 2152 324 2152 2153 324 2153 2154 325 2154 2155 325 2155 2156 325 2156 2157 326 2157 2158 326 2158 2159 326 2159 2160 327 2160 2161 327 2161 2162 327 2162 2163 328 2163 2164 328 2164 2165 328 2165 2166 329 2166 2167 329 2167 2168 329 2168 2169 330 2169 2170 330 2170 2171 330 2171 2172 331 2172 2173 331 2173 2174 331 2174 2175 332 2175 2176 332 2176 2177 332 2177 2178 333 2178 2179 333 2179 2180 333 2180 2181 334 2181 2182 334 2182 2183 334 2183 2184 335 2184 2185 335 2185 2186 335 2186 2187 336 2187 2188 336 2188 2189 336 2189 2190 337 2190 2191 337 2191 2192 337 2192 2193 338 2193 2194 338 2194 2195 338 2195 2196 339 2196 2197 339 2197 2198 339 2198 2199 340 2199 2200 340 2200 2201 340 2201 2202 341 2202 2203 341 2203 2204 341 2204 2205 342 2205 2206 342 2206 2207 342 2207 2208 343 2208 2209 343 2209 2210 343 2210 2211 344 2211 2212 344 2212 2213 344 2213 2214 345 2214 2215 345 2215 2216 345 2216 2217 346 2217 2218 346 2218 2219 346 2219 2220 346 2220 2221 346 2221 2222 346 2222 2223 347 2223 2224 347 2224 2225 347 2225 2226 348 2226 2227 348 2227 2228 348 2228 2229 349 2229 2230 349 2230 2231 349 2231 2232 350 2232 2233 350 2233 2234 350 2234 2235 351 2235 2236 351 2236 2237 351 2237 2238 352 2238 2239 352 2239 2240 352 2240 2241 353 2241 2242 353 2242 2243 353 2243 2244 354 2244 2245 354 2245 2246 354 2246 2247 353 2247 2248 353 2248 2249 353 2249 2250 354 2250 2251 354 2251 2252 354 2252 2253 355 2253 2254 355 2254 2255 355 2255 2256 355 2256 2257 355 2257 2258 355 2258 2259 356 2259 2260 356 2260 2261 356 2261 2262 356 2262 2263 356 2263 2264 356 2264 2265 357 2265 2266 357 2266 2267 357 2267 2268 357 2268 2269 357 2269 2270 357 2270 2271 358 2271 2272 358 2272 2273 358 2273 2274 359 2274 2275 359 2275 2276 359 2276 2277 360 2277 2278 360 2278 2279 360 2279 2280 293 2280 2281 293 2281 2282 293 2282 2283 293 2283 2284 293 2284 2285 293 2285 2286 292 2286 2287 292 2287 2288 292 2288 2289 292 2289 2290 292 2290 2291 292 2291 2292 291 2292 2293 291 2293 2294 291 2294 2295 291 2295 2296 291 2296 2297 291 2297 2298 290 2298 2299 290 2299 2300 290 2300 2301 290 2301 2302 290 2302 2303 290 2303 2304 289 2304 2305 289 2305 2306 289 2306 2307 289 2307 2308 289 2308 2309 289 2309 2310 288 2310 2311 288 2311 2312 288 2312 2313 288 2313 2314 288 2314 2315 288 2315 2316 294 2316 2317 294 2317 2318 294 2318 2319 294 2319 2320 294 2320 2321 294 2321 2322 295 2322 2323 295 2323 2324 295 2324 2325 295 2325 2326 295 2326 2327 295 2327 2328 296 2328 2329 296 2329 2330 296 2330 2331 296 2331 2332 296 2332 2333 296 2333 2334 297 2334 2335 297 2335 2336 297 2336 2337 297 2337 2338 297 2338 2339 297 2339 2340 298 2340 2341 298 2341 2342 298 2342 2343 298 2343 2344 298 2344 2345 298 2345 2346 300 2346 2347 300 2347 2348 300 2348 2349 300 2349 2350 300 2350 2351 300 2351 2352 301 2352 2353 301 2353 2354 301 2354 2355 301 2355 2356 301 2356 2357 301 2357 2358 302 2358 2359 302 2359 2360 302 2360 2361 302 2361 2362 302 2362 2363 302 2363 2364 303 2364 2365 303 2365 2366 303 2366 2367 303 2367 2368 303 2368 2369 303 2369 2370 361 2370 2371 361 2371 2372 361 2372 2373 362 2373 2374 362 2374 2375 362 2375 2376 363 2376 2377 363 2377 2378 363 2378 2379 363 2379 2380 363 2380 2381 363 2381 2382 364 2382 2383 364 2383 2384 364 2384 2385 364 2385 2386 364 2386 2387 364 2387 2388 365 2388 2389 365 2389 2390 365 2390 2391 365 2391 2392 365 2392 2393 365 2393 2394 366 2394 2395 366 2395 2396 366 2396 2397 366 2397 2398 366 2398 2399 366 2399 2400 367 2400 2401 367 2401 2402 367 2402 2403 367 2403 2404 367 2404 2405 367 2405 2406 368 2406 2407 368 2407 2408 368 2408 2409 368 2409 2410 368 2410 2411 368 2411 2412 369 2412 2413 369 2413 2414 369 2414 2415 369 2415 2416 369 2416 2417 369 2417 2418 370 2418 2419 370 2419 2420 370 2420 2421 370 2421 2422 370 2422 2423 370 2423 2424 320 2424 2425 320 2425 2426 320 2426 2427 371 2427 2428 371 2428 2429 371 2429 2430 371 2430 2431 371 2431 2432 371 2432 2433 371 2433 2434 371 2434 2435 371 2435 2436 372 2436 2437 372 2437 2438 372 2438 2439 372 2439 2440 372 2440 2441 372 2441 2442 373 2442 2443 373 2443 2444 373 2444 2445 373 2445 2446 373 2446 2447 373 2447 2448 374 2448 2449 374 2449 2450 374 2450 2451 374 2451 2452 374 2452 2453 374 2453 2454 375 2454 2455 375 2455 2456 375 2456 2457 376 2457 2458 376 2458 2459 376 2459 2460 377 2460 2461 377 2461 2462 377 2462 2463 378 2463 2464 378 2464 2465 378 2465 2466 378 2466 2467 378 2467 2468 378 2468 2469 377 2469 2470 377 2470 2471 377 2471 2472 379 2472 2473 379 2473 2474 379 2474 2475 379 2475 2476 379 2476 2477 379 2477 2478 380 2478 2479 380 2479 2480 380 2480 2481 381 2481 2482 381 2482 2483 381 2483 2484 382 2484 2485 382 2485 2486 382 2486 2487 383 2487 2488 383 2488 2489 383 2489 2490 384 2490 2491 384 2491 2492 384 2492 2493 385 2493 2494 385 2494 2495 385 2495 2496 386 2496 2497 386 2497 2498 386 2498 2499 387 2499 2500 387 2500 2501 387 2501 2502 387 2502 2503 387 2503 2504 387 2504 2505 388 2505 2506 388 2506 2507 388 2507 2508 389 2508 2509 389 2509 2510 389 2510 2511 390 2511 2512 390 2512 2513 390 2513 2514 292 2514 2515 292 2515 2516 292 2516 2517 291 2517 2518 291 2518 2519 291 2519 2520 291 2520 2521 291 2521 2522 291 2522 2523 290 2523 2524 290 2524 2525 290 2525 2526 290 2526 2527 290 2527 2528 290 2528 2529 289 2529 2530 289 2530 2531 289 2531 2532 289 2532 2533 289 2533 2534 289 2534 2535 288 2535 2536 288 2536 2537 288 2537 2538 288 2538 2539 288 2539 2540 288 2540 2541 294 2541 2542 294 2542 2543 294 2543 2544 294 2544 2545 294 2545 2546 294 2546 2547 295 2547 2548 295 2548 2549 295 2549 2550 295 2550 2551 295 2551 2552 295 2552 2553 296 2553 2554 296 2554 2555 296 2555 2556 296 2556 2557 296 2557 2558 296 2558 2559 297 2559 2560 297 2560 2561 297 2561 2562 297 2562 2563 297 2563 2564 297 2564 2565 391 2565 2566 391 2566 2567 391 2567 2568 392 2568 2569 392 2569 2570 392 2570 2571 393 2571 2572 393 2572 2573 393 2573 2574 300 2574 2575 300 2575 2576 300 2576 2577 301 2577 2578 301 2578 2579 301 2579 2580 301 2580 2581 301 2581 2582 301 2582 2583 302 2583 2584 302 2584 2585 302 2585 2586 302 2586 2587 302 2587 2588 302 2588 2589 394 2589 2590 394 2590 2591 394 2591 2592 395 2592 2593 395 2593 2594 395 2594 2595 396 2595 2596 396 2596 2597 396 2597 2598 361 2598 2599 361 2599 2600 361 2600 2601 397 2601 2602 397 2602 2603 397 2603 2604 398 2604 2605 398 2605 2606 398 2606 2607 399 2607 2608 399 2608 2609 399 2609 2610 400 2610 2611 400 2611 2612 400 2612 2613 401 2613 2614 401 2614 2615 401 2615 2616 402 2616 2617 402 2617 2618 402 2618 2619 403 2619 2620 403 2620 2621 403 2621 2622 404 2622 2623 404 2623 2624 404 2624 2625 405 2625 2626 405 2626 2627 405 2627 2628 406 2628 2629 406 2629 2630 406 2630 2631 406 2631 2632 406 2632 2633 406 2633 2634 407 2634 2635 407 2635 2636 407 2636 2637 407 2637 2638 407 2638 2639 407 2639 2640 408 2640 2641 408 2641 2642 408 2642 2643 408 2643 2644 408 2644 2645 408 2645 2646 372 2646 2647 372 2647 2648 372 2648 2649 372 2649 2650 372 2650 2651 372 2651 2652 409 2652 2653 409 2653 2654 409 2654 2655 409 2655 2656 409 2656 2657 409 2657 2658 410 2658 2659 410 2659 2660 410 2660 2661 410 2661 2662 410 2662 2663 410 2663 2664 411 2664 2665 411 2665 2666 411 2666 2667 411 2667 2668 411 2668 2669 411 2669 2670 235 2670 2671 235 2671 2672 235 2672 2673 235 2673 2674 235 2674 2675 235 2675 2676 235 2676 2677 235 2677 2678 235 2678 2679 235 2679 2680 235 2680 2681 235 2681 2682 235 2682 2683 235 2683 2684 235 2684 2685 235 2685 2686 235 2686 2687 235 2687 2688 235 2688 2689 235 2689 2690 235 2690 2691 235 2691 2692 235 2692 2693 235 2693 2694 235 2694 2695 235 2695 2696 235 2696 2697 235 2697 2698 235 2698 2699 235 2699 2700 235 2700 2701 235 2701 2702 235 2702 2703 235 2703 2704 235 2704 2705 235 2705 2706 62 2706 2707 62 2707 2708 62 2708 2709 62 2709 2710 62 2710 2711 62 2711 2712 62 2712 2713 62 2713 2714 62 2714 2715 62 2715 2716 62 2716 2717 62 2717 2718 62 2718 2719 62 2719 2720 62 2720 2721 62 2721 2722 62 2722 2723 62 2723 2724 62 2724 2725 62 2725 2726 62 2726 2727 62 2727 2728 62 2728 2729 62 2729 2730 215 2730 2731 215 2731 2732 215 2732 2733 412 2733 2734 412 2734 2735 412 2735 2736 412 2736 2737 412 2737 2738 412 2738 2739 413 2739 2740 413 2740 2741 413 2741 2742 413 2742 2743 413 2743 2744 413 2744 2745 414 2745 2746 414 2746 2747 414 2747 2748 414 2748 2749 414 2749 2750 414 2750 2751 415 2751 2752 415 2752 2753 415 2753 2754 415 2754 2755 415 2755 2756 415 2756 2757 416 2757 2758 416 2758 2759 416 2759 2760 416 2760 2761 416 2761 2762 416 2762 2763 215 2763 2764 215 2764 2765 215 2765 2766 417 2766 2767 417 2767 2768 417 2768 2769 417 2769 2770 417 2770 2771 417 2771 2772 418 2772 2773 418 2773 2774 418 2774 2775 418 2775 2776 418 2776 2777 418 2777 2778 419 2778 2779 419 2779 2780 419 2780 2781 420 2781 2782 420 2782 2783 420 2783 2784 240 2784 2785 240 2785 2786 240 2786 2787 240 2787 2788 240 2788 2789 240 2789 2790 421 2790 2791 421 2791 2792 421 2792 2793 422 2793 2794 422 2794 2795 422 2795 2796 423 2796 2797 423 2797 2798 423 2798 2799 424 2799 2800 424 2800 2801 424 2801 2802 155 2802 2803 155 2803 2804 155 2804 2805 155 2805 2806 155 2806 2807 155 2807 2808 154 2808 2809 154 2809 2810 154 2810 2811 154 2811 2812 154 2812 2813 154 2813 2814 153 2814 2815 153 2815 2816 153 2816 2817 153 2817 2818 153 2818 2819 153 2819 2820 152 2820 2821 152 2821 2822 152 2822 2823 152 2823 2824 152 2824 2825 152 2825 2826 248 2826 2827 248 2827 2828 248 2828 2829 151 2829 2830 151 2830 2831 151 2831 2832 150 2832 2833 150 2833 2834 150 2834 2835 150 2835 2836 150 2836 2837 150 2837 2838 156 2838 2839 156 2839 2840 156 2840 2841 156 2841 2842 156 2842 2843 156 2843 2844 249 2844 2845 249 2845 2846 157 2846 2847 157 2847 2848 157 2848 2849 157 2849 2850 158 2850 2851 158 2851 2852 158 2852 2853 158 2853 2854 158 2854 2855 158 2855 2856 159 2856 2857 159 2857 2858 159 2858 2859 159 2859 2860 159 2860 2861 159 2861 2862 160 2862 2863 160 2863 2864 160 2864 2865 160 2865 2866 160 2866 2867 160 2867 2868 162 2868 2869 162 2869 2870 162 2870 2871 162 2871 2872 162 2872 2873 162 2873 2874 163 2874 2875 163 2875 2876 163 2876 2877 163 2877 2878 163 2878 2879 163 2879 2880 164 2880 2881 164 2881 2882 164 2882 2883 425 2883 2884 425 2884 2885 425 2885 2886 165 2886 2887 165 2887 2888 165 2888 2889 251 2889 2890 251 2890 2891 251 2891 2892 166 2892 2893 166 2893 2894 166 2894 2895 426 2895 2896 426 2896 2897 426 2897 2898 349 2898 2899 349 2899 2900 349 2900 2901 349 2901 2902 349 2902 2903 349 2903 2904 383 2904 2905 383 2905 2906 383 2906 2907 383 2907 2908 383 2908 2909 383 2909 2910 427 2910 2911 427 2911 2912 427 2912 2913 349 2913 2914 349 2914 2915 349 2915 2916 383 2916 2917 383 2917 2918 383 2918 2919 383 2919 2920 383 2920 2921 383 2921 2922 419 2922 2923 419 2923 2924 419 2924 2925 419 2925 2926 419 2926 2927 419 2927 2928 240 2928 2929 240 2929 2930 240 2930 2931 240 2931 2932 240 2932 2933 240 2933 2934 209 2934 2935 209 2935 2936 209 2936 2937 360 2937 2938 360 2938 2939 360 2939 2940 360 2940 2941 360 2941 2942 360 2942 2943 428 2943 2944 428 2944 2945 428 2945 2946 429 2946 2947 429 2947 2948 429 2948 2949 430 2949 2950 430 2950 2951 430 2951 2952 431 2952 2953 431 2953 2954 431 2954 2955 432 2955 2956 432 2956 2957 432 2957 2958 433 2958 2959 433 2959 2960 433 2960 2961 434 2961 2962 434 2962 2963 434 2963 2964 435 2964 2965 435 2965 2966 435 2966 2967 436 2967 2968 436 2968 2969 436 2969 2970 437 2970 2971 437 2971 2972 437 2972 2973 438 2973 2974 438 2974 2975 438 2975 2976 439 2976 2977 439 2977 2978 439 2978 2979 436 2979 2980 436 2980 2981 436 2981 2982 436 2982 2983 436 2983 2984 436 2984 2985 440 2985 2986 440 2986 2987 440 2987 2988 437 2988 2989 437 2989 2990 437 2990 2991 437 2991 2992 437 2992 2993 437 2993 2994 441 2994 2995 441 2995 2996 441 2996 2997 442 2997 2998 442 2998 2999 442 2999 3000 443 3000 3001 443 3001 3002 443 3002 3003 444 3003 3004 444 3004 3005 444 3005 3006 445 3006 3007 445 3007 3008 445 3008 3009 446 3009 3010 446 3010 3011 446 3011 3012 447 3012 3013 447 3013 3014 447 3014 3015 448 3015 3016 448 3016 3017 448 3017 3018 449 3018 3019 449 3019 3020 449 3020 3021 450 3021 3022 450 3022 3023 450 3023 3024 451 3024 3025 451 3025 3026 451 3026 3027 452 3027 3028 452 3028 3029 452 3029 3030 453 3030 3031 453 3031 3032 453 3032 3033 453 3033 3034 453 3034 3035 453 3035 3036 454 3036 3037 454 3037 3038 454 3038 3039 454 3039 3040 454 3040 3041 454 3041 3042 455 3042 3043 455 3043 3044 455 3044 3045 456 3045 3046 456 3046 3047 456 3047 3048 457 3048 3049 457 3049 3050 457 3050 3051 458 3051 3052 458 3052 3053 458 3053 3054 459 3054 3055 459 3055 3056 459 3056 3057 460 3057 3058 460 3058 3059 460 3059 3060 461 3060 3061 461 3061 3062 461 3062 3063 462 3063 3064 462 3064 3065 462 3065 3066 463 3066 3067 463 3067 3068 463 3068 3069 464 3069 3070 464 3070 3071 464 3071 3072 63 3072 3073 63 3073 3074 63 3074 3075 63 3075 3076 63 3076 3077 63 3077 3078 63 3078 3079 63 3079 3080 63 3080 3081 285 3081 3082 285 3082 3083 285 3083 3084 63 3084 3085 63 3085 3086 63 3086 3087 465 3087 3088 465 3088 3089 465 3089 3090 466 3090 3091 466 3091 3092 466 3092 3093 467 3093 3094 467 3094 3095 467 3095 3096 468 3096 3097 468 3097 3098 468 3098 3099 469 3099 3100 469 3100 3101 469 3101 3102 470 3102 3103 470 3103 3104 470 3104 3105 471 3105 3106 471 3106 3107 471 3107 3108 472 3108 3109 472 3109 3110 472 3110 3111 473 3111 3112 473 3112 3113 473 3113 3114 474 3114 3115 474 3115 3116 474 3116 3117 475 3117 3118 475 3118 3119 475 3119 3120 476 3120 3121 476 3121 3122 476 3122 3123 477 3123 3124 477 3124 3125 477 3125 3126 478 3126 3127 478 3127 3128 478 3128 3129 479 3129 3130 479 3130 3131 479 3131 3132 480 3132 3133 480 3133 3134 480 3134 3135 481 3135 3136 481 3136 3137 481 3137 3138 482 3138 3139 482 3139 3140 482 3140 3141 483 3141 3142 483 3142 3143 483 3143 3144 484 3144 3145 484 3145 3146 484 3146 3147 485 3147 3148 485 3148 3149 485 3149 3150 486 3150 3151 486 3151 3152 486 3152 3153 487 3153 3154 487 3154 3155 487 3155 3156 488 3156 3157 488 3157 3158 488 3158 3159 489 3159 3160 489 3160 3161 489 3161 3162 490 3162 3163 490 3163 3164 490 3164 3165 491 3165 3166 491 3166 3167 491 3167 3168 492 3168 3169 492 3169 3170 492 3170 3171 493 3171 3172 493 3172 3173 493 3173 3174 494 3174 3175 494 3175 3176 494 3176 3177 495 3177 3178 495 3178 3179 495 3179 3180 496 3180 3181 496 3181 3182 496 3182 3183 497 3183 3184 497 3184 3185 497 3185 3186 498 3186 3187 498 3187 3188 498 3188 3189 499 3189 3190 499 3190 3191 499 3191 3192 500 3192 3193 500 3193 3194 500 3194 3195 501 3195 3196 501 3196 3197 501 3197 3198 502 3198 3199 502 3199 3200 502 3200 3201 503 3201 3202 503 3202 3203 503 3203 3204 504 3204 3205 504 3205 3206 504 3206 3207 505 3207 3208 505 3208 3209 505 3209 3210 506 3210 3211 506 3211 3212 506 3212 3213 507 3213 3214 507 3214 3215 507 3215 3216 508 3216 3217 508 3217 3218 508 3218 3219 509 3219 3220 509 3220 3221 509 3221 3222 510 3222 3223 510 3223 3224 510 3224 3225 511 3225 3226 511 3226 3227 511 3227 3228 512 3228 3229 512 3229 3230 512 3230 3231 513 3231 3232 513 3232 3233 513 3233 3234 514 3234 3235 514 3235 3236 514 3236 3237 515 3237 3238 515 3238 3239 515 3239 3240 516 3240 3241 516 3241 3242 516 3242 3243 517 3243 3244 517 3244 3245 517 3245 3246 518 3246 3247 518 3247 3248 518 3248 3249 519 3249 3250 519 3250 3251 519 3251 3252 520 3252 3253 520 3253 3254 520 3254 3255 521 3255 3256 521 3256 3257 521 3257 3258 522 3258 3259 522 3259 3260 522 3260 3261 523 3261 3262 523 3262 3263 523 3263 3264 524 3264 3265 524 3265 3266 524 3266 3267 525 3267 3268 525 3268 3269 525 3269 3270 526 3270 3271 526 3271 3272 526 3272 3273 527 3273 3274 527 3274 3275 527 3275 3276 528 3276 3277 528 3277 3278 528 3278 3279 529 3279 3280 529 3280 3281 529 3281 3282 530 3282 3283 530 3283 3284 530 3284 3285 531 3285 3286 531 3286 3287 531 3287 3288 532 3288 3289 532 3289 3290 532 3290 3291 533 3291 3292 533 3292 3293 533 3293 3294 534 3294 3295 534 3295 3296 534 3296 3297 535 3297 3298 535 3298 3299 535 3299 3300 536 3300 3301 536 3301 3302 536 3302 3303 537 3303 3304 537 3304 3305 537 3305 3306 538 3306 3307 538 3307 3308 538 3308 3309 539 3309 3310 539 3310 3311 539 3311 3312 540 3312 3313 541 3313 3314 540 3314 3315 542 3315 3316 542 3316 3317 542 3317 3318 543 3318 3319 543 3319 3320 543 3320 3321 544 3321 3322 544 3322 3323 544 3323 3324 545 3324 3325 545 3325 3326 545 3326 3327 546 3327 3328 546 3328 3329 546 3329 3330 547 3330 3331 547 3331 3332 547 3332 3333 548 3333 3334 548 3334 3335 548 3335 3336 549 3336 3337 549 3337 3338 549 3338 3339 550 3339 3340 550 3340 3341 550 3341 3342 551 3342 3343 551 3343 3344 551 3344 3345 552 3345 3346 552 3346 3347 552 3347 3348 553 3348 3349 553 3349 3350 553 3350 3351 554 3351 3352 554 3352 3353 554 3353 3354 555 3354 3355 555 3355 3356 555 3356 3357 556 3357 3358 556 3358 3359 556 3359 3360 557 3360 3361 557 3361 3362 557 3362 3363 558 3363 3364 558 3364 3365 558 3365 3366 559 3366 3367 559 3367 3368 559 3368 3369 560 3369 3370 560 3370 3371 560 3371 3372 561 3372 3373 561 3373 3374 561 3374 3375 562 3375 3376 562 3376 3377 562 3377 3378 548 3378 3379 548 3379 3380 548 3380 3381 563 3381 3382 563 3382 3383 563 3383 3384 564 3384 3385 564 3385 3386 564 3386 3387 565 3387 3388 565 3388 3389 565 3389 3390 566 3390 3391 566 3391 3392 566 3392 3393 567 3393 3394 567 3394 3395 567 3395 3396 568 3396 3397 568 3397 3398 568 3398 3399 569 3399 3400 569 3400 3401 569 3401 3402 570 3402 3403 570 3403 3404 570 3404 3405 571 3405 3406 571 3406 3407 571 3407 3408 572 3408 3409 572 3409 3410 572 3410 3411 573 3411 3412 573 3412 3413 573 3413 3414 574 3414 3415 574 3415 3416 574 3416 3417 575 3417 3418 575 3418 3419 575 3419 3420 576 3420 3421 576 3421 3422 576 3422 3423 577 3423 3424 577 3424 3425 577 3425 3426 577 3426 3427 577 3427 3428 577 3428 3429 578 3429 3430 578 3430 3431 578 3431 3432 579 3432 3433 579 3433 3434 579 3434 3435 580 3435 3436 580 3436 3437 580 3437 3438 581 3438 3439 581 3439 3440 581 3440 3441 582 3441 3442 582 3442 3443 582 3443 3444 583 3444 3445 583 3445 3446 583 3446 3447 584 3447 3448 584 3448 3449 584 3449 3450 585 3450 3451 585 3451 3452 585 3452 3453 586 3453 3454 586 3454 3455 586 3455 3456 587 3456 3457 587 3457 3458 587 3458 3459 588 3459 3460 588 3460 3461 588 3461 3462 589 3462 3463 589 3463 3464 589 3464 3465 590 3465 3466 590 3466 3467 590 3467 3468 591 3468 3469 591 3469 3470 591 3470 3471 592 3471 3472 592 3472 3473 592 3473 3474 593 3474 3475 593 3475 3476 593 3476 3477 594 3477 3478 594 3478 3479 594 3479 3480 595 3480 3481 595 3481 3482 595 3482 3483 596 3483 3484 596 3484 3485 596 3485 3486 597 3486 3487 597 3487 3488 597 3488 3489 598 3489 3490 598 3490 3491 598 3491 3492 599 3492 3493 599 3493 3494 599 3494 3495 600 3495 3496 600 3496 3497 600 3497 3498 601 3498 3499 601 3499 3500 601 3500 3501 602 3501 3502 602 3502 3503 602 3503 3504 603 3504 3505 603 3505 3506 603 3506 3507 604 3507 3508 604 3508 3509 604 3509 3510 605 3510 3511 605 3511 3512 605 3512 3513 606 3513 3514 606 3514 3515 606 3515 3516 607 3516 3517 607 3517 3518 607 3518 3519 608 3519 3520 608 3520 3521 608 3521 3522 609 3522 3523 609 3523 3524 609 3524 3525 610 3525 3526 610 3526 3527 610 3527 3528 611 3528 3529 611 3529 3530 611 3530 3531 612 3531 3532 612 3532 3533 612 3533 3534 613 3534 3535 613 3535 3536 613 3536 3537 614 3537 3538 614 3538 3539 614 3539 3540 615 3540 3541 615 3541 3542 615 3542 3543 616 3543 3544 616 3544 3545 616 3545 3546 617 3546 3547 617 3547 3548 617 3548 3549 618 3549 3550 618 3550 3551 618 3551 3552 619 3552 3553 619 3553 3554 619 3554 3555 620 3555 3556 620 3556 3557 620 3557 3558 621 3558 3559 621 3559 3560 621 3560 3561 622 3561 3562 622 3562 3563 622 3563 3564 623 3564 3565 623 3565 3566 623 3566 3567 624 3567 3568 624 3568 3569 624 3569 3570 625 3570 3571 625 3571 3572 625 3572 3573 626 3573 3574 626 3574 3575 626 3575 3576 627 3576 3577 627 3577 3578 627 3578 3579 628 3579 3580 628 3580 3581 628 3581 3582 629 3582 3583 629 3583 3584 629 3584 3585 630 3585 3586 630 3586 3587 630 3587 3588 631 3588 3589 631 3589 3590 631 3590 3591 632 3591 3592 632 3592 3593 632 3593 3594 633 3594 3595 633 3595 3596 633 3596 3597 634 3597 3598 634 3598 3599 634 3599 3600 635 3600 3601 635 3601 3602 635 3602 3603 636 3603 3604 636 3604 3605 636 3605 3606 637 3606 3607 637 3607 3608 637 3608 3609 638 3609 3610 638 3610 3611 638 3611 3612 639 3612 3613 639 3613 3614 639 3614 3615 640 3615 3616 640 3616 3617 640 3617 3618 641 3618 3619 641 3619 3620 641 3620 3621 642 3621 3622 642 3622 3623 642 3623 3624 643 3624 3625 643 3625 3626 643 3626 3627 644 3627 3628 644 3628 3629 644 3629 3630 645 3630 3631 645 3631 3632 645 3632 3633 646 3633 3634 647 3634 3635 647 3635 3636 648 3636 3637 648 3637 3638 648 3638 3639 649 3639 3640 649 3640 3641 649 3641 3642 650 3642 3643 650 3643 3644 650 3644 3645 651 3645 3646 651 3646 3647 651 3647 3648 652 3648 3649 652 3649 3650 652 3650 3651 653 3651 3652 653 3652 3653 653 3653 3654 654 3654 3655 654 3655 3656 654 3656 3657 655 3657 3658 655 3658 3659 655 3659 3660 656 3660 3661 656 3661 3662 656 3662 3663 657 3663 3664 657 3664 3665 657 3665 3666 658 3666 3667 658 3667 3668 658 3668 3669 659 3669 3670 659 3670 3671 659 3671 3672 660 3672 3673 660 3673 3674 660 3674 3675 661 3675 3676 661 3676 3677 661 3677 3678 662 3678 3679 662 3679 3680 662 3680 3681 663 3681 3682 663 3682 3683 663 3683 3684 664 3684 3685 664 3685 3686 664 3686 3687 665 3687 3688 665 3688 3689 665 3689 3690 666 3690 3691 666 3691 3692 666 3692 3693 667 3693 3694 667 3694 3695 667 3695 3696 668 3696 3697 668 3697 3698 668 3698 3699 669 3699 3700 669 3700 3701 669 3701 3702 670 3702 3703 670 3703 3704 670 3704 3705 671 3705 3706 671 3706 3707 671 3707 3708 672 3708 3709 672 3709 3710 672 3710 3711 673 3711 3712 673 3712 3713 673 3713 3714 674 3714 3715 674 3715 3716 674 3716 3717 675 3717 3718 675 3718 3719 675 3719 3720 676 3720 3721 676 3721 3722 676 3722 3723 677 3723 3724 677 3724 3725 677 3725 3726 678 3726 3727 679 3727 3728 678 3728 3729 680 3729 3730 680 3730 3731 680 3731 3732 681 3732 3733 681 3733 3734 681 3734 3735 682 3735 3736 682 3736 3737 682 3737 3738 683 3738 3739 683 3739 3740 683 3740 3741 684 3741 3742 684 3742 3743 684 3743 3744 685 3744 3745 685 3745 3746 685 3746 3747 686 3747 3748 686 3748 3749 686 3749 3750 687 3750 3751 687 3751 3752 687 3752 3753 688 3753 3754 688 3754 3755 688 3755 3756 689 3756 3757 689 3757 3758 689 3758 3759 690 3759 3760 690 3760 3761 690 3761 3762 691 3762 3763 691 3763 3764 691 3764 3765 692 3765 3766 692 3766 3767 692 3767 3768 693 3768 3769 693 3769 3770 693 3770 3771 694 3771 3772 694 3772 3773 694 3773 3774 695 3774 3775 695 3775 3776 695 3776 3777 696 3777 3778 696 3778 3779 696 3779 3780 697 3780 3781 697 3781 3782 697 3782 3783 698 3783 3784 698 3784 3785 698 3785 3786 699 3786 3787 699 3787 3788 699 3788 3789 700 3789 3790 700 3790 3791 700 3791 3792 701 3792 3793 701 3793 3794 701 3794 3795 702 3795 3796 702 3796 3797 702 3797 3798 703 3798 3799 703 3799 3800 703 3800 3801 704 3801 3802 704 3802 3803 704 3803 3804 705 3804 3805 705 3805 3806 705 3806 3807 706 3807 3808 706 3808 3809 706 3809 3810 707 3810 3811 707 3811 3812 707 3812 3813 708 3813 3814 708 3814 3815 708 3815 3816 709 3816 3817 709 3817 3818 709 3818 3819 710 3819 3820 710 3820 3821 710 3821 3822 711 3822 3823 711 3823 3824 711 3824 3825 712 3825 3826 712 3826 3827 712 3827 3828 713 3828 3829 713 3829 3830 713 3830 3831 714 3831 3832 714 3832 3833 714 3833 3834 715 3834 3835 715 3835 3836 715 3836 3837 716 3837 3838 716 3838 3839 716 3839 3840 717 3840 3841 717 3841 3842 717 3842 3843 718 3843 3844 718 3844 3845 718 3845 3846 719 3846 3847 719 3847 3848 719 3848 3849 720 3849 3850 720 3850 3851 720 3851 3852 721 3852 3853 721 3853 3854 721 3854 3855 722 3855 3856 722 3856 3857 722 3857 3858 723 3858 3859 723 3859 3860 723 3860 3861 724 3861 3862 724 3862 3863 724 3863 3864 725 3864 3865 725 3865 3866 725 3866 3867 726 3867 3868 726 3868 3869 726 3869 3870 727 3870 3871 727 3871 3872 727 3872 3873 728 3873 3874 728 3874 3875 728 3875 3876 729 3876 3877 730 3877 3878 730 3878 3879 731 3879 3880 731 3880 3881 731 3881 3882 732 3882 3883 732 3883 3884 732 3884 3885 733 3885 3886 733 3886 3887 733 3887 3888 734 3888 3889 734 3889 3890 734 3890 3891 735 3891 3892 735 3892 3893 735 3893 3894 736 3894 3895 736 3895 3896 736 3896 3897 737 3897 3898 737 3898 3899 737 3899 3900 738 3900 3901 738 3901 3902 738 3902 3903 739 3903 3904 739 3904 3905 739 3905 3906 740 3906 3907 740 3907 3908 740 3908 3909 741 3909 3910 741 3910 3911 741 3911 3912 742 3912 3913 742 3913 3914 742 3914 3915 743 3915 3916 743 3916 3917 743 3917 3918 744 3918 3919 744 3919 3920 744 3920 3921 745 3921 3922 746 3922 3923 745 3923 3924 747 3924 3925 747 3925 3926 747 3926 3927 748 3927 3928 748 3928 3929 748 3929 3930 749 3930 3931 749 3931 3932 749 3932 3933 750 3933 3934 750 3934 3935 750 3935 3936 751 3936 3937 751 3937 3938 751 3938 3939 752 3939 3940 752 3940 3941 752 3941 3942 753 3942 3943 753 3943 3944 753 3944 3945 754 3945 3946 754 3946 3947 754 3947 3948 755 3948 3949 755 3949 3950 755 3950 3951 756 3951 3952 756 3952 3953 756 3953 3954 757 3954 3955 757 3955 3956 757 3956 3957 758 3957 3958 758 3958 3959 758 3959 3960 759 3960 3961 759 3961 3962 759 3962 3963 760 3963 3964 760 3964 3965 760 3965 3966 761 3966 3967 761 3967 3968 761 3968 3969 762 3969 3970 762 3970 3971 762 3971 3972 763 3972 3973 763 3973 3974 763 3974 3975 764 3975 3976 764 3976 3977 764 3977 3978 765 3978 3979 765 3979 3980 765 3980 3981 766 3981 3982 766 3982 3983 766 3983 3984 767 3984 3985 767 3985 3986 767 3986 3987 768 3987 3988 768 3988 3989 768 3989 3990 769 3990 3991 769 3991 3992 769 3992 3993 770 3993 3994 770 3994 3995 770 3995 3996 771 3996 3997 771 3997 3998 771 3998 3999 772 3999 4000 772 4000 4001 772 4001 4002 773 4002 4003 773 4003 4004 773 4004 4005 774 4005 4006 774 4006 4007 774 4007 4008 775 4008 4009 775 4009 4010 775 4010 4011 776 4011 4012 776 4012 4013 776 4013 4014 777 4014 4015 777 4015 4016 777 4016 4017 778 4017 4018 778 4018 4019 778 4019 4020 779 4020 4021 779 4021 4022 779 4022 4023 780 4023 4024 780 4024 4025 780 4025 4026 781 4026 4027 781 4027 4028 781 4028 4029 782 4029 4030 782 4030 4031 782 4031 4032 783 4032 4033 783 4033 4034 783 4034 4035 784 4035 4036 784 4036 4037 784 4037 4038 785 4038 4039 785 4039 4040 785 4040 4041 786 4041 4042 786 4042 4043 786 4043 4044 787 4044 4045 787 4045 4046 787 4046 4047 788 4047 4048 788 4048 4049 788 4049 4050 789 4050 4051 789 4051 4052 789 4052 4053 790 4053 4054 790 4054 4055 790 4055 4056 791 4056 4057 791 4057 4058 791 4058 4059 792 4059 4060 792 4060 4061 792 4061 4062 793 4062 4063 793 4063 4064 793 4064 4065 794 4065 4066 794 4066 4067 794 4067 4068 795 4068 4069 795 4069 4070 795 4070 4071 796 4071 4072 796 4072 4073 796 4073 4074 797 4074 4075 797 4075 4076 797 4076 4077 798 4077 4078 798 4078 4079 798 4079 4080 799 4080 4081 799 4081 4082 799 4082 4083 800 4083 4084 800 4084 4085 800 4085 4086 801 4086 4087 801 4087 4088 801 4088 4089 802 4089 4090 802 4090 4091 802 4091 4092 803 4092 4093 803 4093 4094 803 4094 4095 804 4095 4096 804 4096 4097 804 4097 4098 805 4098 4099 805 4099 4100 805 4100 4101 806 4101 4102 806 4102 4103 806 4103 4104 807 4104 4105 807 4105 4106 807 4106 4107 808 4107 4108 808 4108 4109 808 4109 4110 809 4110 4111 809 4111 4112 809 4112 4113 810 4113 4114 810 4114 4115 810 4115 4116 811 4116 4117 811 4117 4118 811 4118 4119 812 4119 4120 812 4120 4121 812 4121 4122 813 4122 4123 813 4123 4124 813 4124 4125 814 4125 4126 814 4126 4127 814 4127 4128 815 4128 4129 815 4129 4130 815 4130 4131 816 4131 4132 816 4132 4133 816 4133 4134 817 4134 4135 817 4135 4136 817 4136 4137 818 4137 4138 818 4138 4139 818 4139 4140 819 4140 4141 819 4141 4142 819 4142 4143 820 4143 4144 820 4144 4145 820 4145 4146 821 4146 4147 821 4147 4148 821 4148 4149 822 4149 4150 822 4150 4151 822 4151 4152 823 4152 4153 823 4153 4154 823 4154 4155 824 4155 4156 824 4156 4157 824 4157 4158 825 4158 4159 825 4159 4160 825 4160 4161 826 4161 4162 826 4162 4163 826 4163 4164 827 4164 4165 827 4165 4166 827 4166 4167 828 4167 4168 828 4168 4169 828 4169 4170 829 4170 4171 829 4171 4172 829 4172 4173 830 4173 4174 830 4174 4175 830 4175 4176 831 4176 4177 831 4177 4178 831 4178 4179 832 4179 4180 832 4180 4181 832 4181 4182 833 4182 4183 833 4183 4184 833 4184 4185 834 4185 4186 834 4186 4187 834 4187 4188 835 4188 4189 835 4189 4190 835 4190 4191 836 4191 4192 836 4192 4193 836 4193 4194 837 4194 4195 837 4195 4196 837 4196 4197 838 4197 4198 838 4198 4199 838 4199 4200 839 4200 4201 839 4201 4202 839 4202 4203 840 4203 4204 840 4204 4205 840 4205 4206 841 4206 4207 841 4207 4208 841 4208 4209 842 4209 4210 842 4210 4211 842 4211 4212 843 4212 4213 843 4213 4214 843 4214 4215 844 4215 4216 844 4216 4217 844 4217 4218 845 4218 4219 845 4219 4220 845 4220 4221 846 4221 4222 846 4222 4223 846 4223 4224 847 4224 4225 847 4225 4226 847 4226 4227 848 4227 4228 848 4228 4229 848 4229 4230 849 4230 4231 849 4231 4232 849 4232 4233 850 4233 4234 850 4234 4235 850 4235 4236 851 4236 4237 851 4237 4238 851 4238 4239 852 4239 4240 852 4240 4241 852 4241 4242 853 4242 4243 853 4243 4244 853 4244 4245 854 4245 4246 854 4246 4247 854 4247 4248 855 4248 4249 855 4249 4250 855 4250 4251 856 4251 4252 856 4252 4253 856 4253 4254 857 4254 4255 857 4255 4256 857 4256 4257 858 4257 4258 858 4258 4259 858 4259 4260 859 4260 4261 859 4261 4262 859 4262 4263 62 4263 4264 62 4264 4265 62 4265 4266 62 4266 4267 62 4267 4268 62 4268 4269 62 4269 4270 62 4270 4271 62 4271 4272 62 4272 4273 62 4273 4274 62 4274 4275 860 4275 4276 860 4276 4277 860 4277 4278 62 4278 4279 62 4279 4280 62 4280 4281 62 4281 4282 62 4282 4283 62 4283 4284 861 4284 4285 861 4285 4286 861 4286 4287 862 4287 4288 862 4288 4289 862 4289 4290 863 4290 4291 863 4291 4292 863 4292 4293 864 4293 4294 864 4294 4295 864 4295 4296 865 4296 4297 865 4297 4298 865 4298 4299 849 4299 4300 849 4300 4301 849 4301 4302 850 4302 4303 850 4303 4304 850 4304 4305 866 4305 4306 866 4306 4307 866 4307 4308 867 4308 4309 867 4309 4310 867 4310 4311 855 4311 4312 855 4312 4313 855 4313 4314 856 4314 4315 856 4315 4316 856 4316 4317 868 4317 4318 868 4318 4319 868 4319 4320 869 4320 4321 869 4321 4322 869 4322 4323 62 4323 4324 62 4324 4325 62 4325 4326 860 4326 4327 860 4327 4328 860 4328 4329 870 4329 4330 870 4330 4331 870 4331 4332 871 4332 4333 871 4333 4334 871 4334 4335 872 4335 4336 872 4336 4337 872 4337 4338 873 4338 4339 873 4339 4340 873 4340 4341 874 4341 4342 874 4342 4343 874 4343 4344 875 4344 4345 875 4345 4346 875 4346 4347 876 4347 4348 876 4348 4349 876 4349 4350 877 4350 4351 877 4351 4352 877 4352 4353 877 4353 4354 877 4354 4355 877 4355 4356 878 4356 4357 878 4357 4358 878 4358 4359 879 4359 4360 879 4360 4361 879 4361 4362 880 4362 4363 880 4363 4364 880 4364 4365 879 4365 4366 879 4366 4367 879 4367 4368 881 4368 4369 881 4369 4370 881 4370 4371 881 4371 4372 881 4372 4373 881 4373 4374 882 4374 4375 882 4375 4376 882 4376 4377 883 4377 4378 883 4378 4379 883 4379 4380 884 4380 4381 884 4381 4382 884 4382 4383 885 4383 4384 885 4384 4385 885 4385 4386 886 4386 4387 886 4387 4388 886 4388 4389 887 4389 4390 887 4390 4391 887 4391 4392 886 4392 4393 886 4393 4394 886 4394 4395 888 4395 4396 888 4396 4397 888 4397 4398 889 4398 4399 889 4399 4400 889 4400 4401 890 4401 4402 890 4402 4403 890 4403 4404 891 4404 4405 891 4405 4406 892 4406 4407 893 4407 4408 893 4408 4409 893 4409 4410 894 4410 4411 894 4411 4412 894 4412 4413 895 4413 4414 895 4414 4415 895 4415 4416 896 4416 4417 896 4417 4418 896 4418 4419 897 4419 4420 897 4420 4421 897 4421 4422 898 4422 4423 898 4423 4424 898 4424 4425 877 4425 4426 877 4426 4427 877 4427 4428 877 4428 4429 877 4429 4430 877 4430 4431 879 4431 4432 879 4432 4433 879 4433 4434 899 4434 4435 899 4435 4436 899 4436 4437 879 4437 4438 879 4438 4439 879 4439 4440 881 4440 4441 881 4441 4442 881 4442 4443 881 4443 4444 881 4444 4445 881 4445 4446 900 4446 4447 900 4447 4448 900 4448 4449 901 4449 4450 901 4450 4451 901 4451 4452 886 4452 4453 886 4453 4454 886 4454 4455 902 4455 4456 902 4456 4457 902 4457 4458 903 4458 4459 903 4459 4460 903 4460 4461 904 4461 4462 904 4462 4463 904 4463 4464 905 4464 4465 905 4465 4466 905 4466 4467 888 4467 4468 888 4468 4469 888 4469 4470 886 4470 4471 886 4471 4472 886 4472 4473 906 4473 4474 906 4474 4475 906 4475 4476 891 4476 4477 891 4477 4478 891 4478 4479 907 4479 4480 907 4480 4481 907 4481 4482 908 4482 4483 908 4483 4484 908 4484 4485 884 4485 4486 884 4486 4487 884 4487 4488 901 4488 4489 901 4489 4490 901 4490 4491 909 4491 4492 909 4492 4493 909 4493 4494 910 4494 4495 910 4495 4496 910 4496 4497 911 4497 4498 911 4498 4499 911 4499 4500 912 4500 4501 912 4501 4502 913 4502 4503 914 4503 4504 914 4504 4505 914 4505 4506 915 4506 4507 915 4507 4508 915 4508 4509 916 4509 4510 916 4510 4511 916 4511 4512 916 4512 4513 916 4513 4514 916 4514 4515 917 4515 4516 917 4516 4517 917 4517 4518 918 4518 4519 918 4519 4520 918 4520 4521 919 4521 4522 919 4522 4523 919 4523 4524 919 4524 4525 919 4525 4526 919 4526 4527 919 4527 4528 919 4528 4529 919 4529 4530 920 4530 4531 920 4531 4532 920 4532 4533 921 4533 4534 921 4534 4535 921 4535 4536 916 4536 4537 916 4537 4538 916 4538 4539 916 4539 4540 916 4540 4541 916 4541 4542 907 4542 4543 907 4543 4544 907 4544 4545 922 4545 4546 922 4546 4547 922 4547 4548 907 4548 4549 907 4549 4550 907 4550 4551 923 4551 4552 923 4552 4553 923 4553 4554 885 4554 4555 885 4555 4556 885 4556 4557 924 4557 4558 924 4558 4559 924 4559 4560 907 4560 4561 907 4561 4562 907 4562 4563 62 4563 4564 62 4564 4565 62 4565 4566 62 4566 4567 62 4567 4568 62 4568 4569 62 4569 4570 62 4570 4571 62 4571 4572 62 4572 4573 62 4573 4574 62 4574 4575 62 4575 4576 62 4576 4577 62 4577 4578 62 4578 4579 62 4579 4580 62 4580 4581 62 4581 4582 62 4582 4583 62 4583 4584 925 4584 4585 925 4585 4586 925 4586 4587 926 4587 4588 926 4588 4589 926 4589 4590 927 4590 4591 927 4591 4592 927 4592 4593 928 4593 4594 928 4594 4595 928 4595 4596 926 4596 4597 926 4597 4598 926 4598 4599 62 4599 4600 62 4600 4601 62 4601 4602 62 4602 4603 62 4603 4604 62 4604 4605 62 4605 4606 62 4606 4607 62 4607 4608 62 4608 4609 62 4609 4610 62 4610 4611 62 4611 4612 62 4612 4613 62 4613 4614 62 4614 4615 62 4615 4616 62 4616 4617 62 4617 4618 62 4618 4619 62 4619 4620 929 4620 4621 929 4621 4622 929 4622 4623 930 4623 4624 930 4624 4625 930 4625 4626 931 4626 4627 931 4627 4628 931 4628 4629 932 4629 4630 932 4630 4631 932 4631 4632 933 4632 4633 933 4633 4634 933 4634 4635 934 4635 4636 934 4636 4637 934 4637 4638 935 4638 4639 935 4639 4640 935 4640 4641 936 4641 4642 936 4642 4643 936 4643 4644 937 4644 4645 937 4645 4646 937 4646 4647 938 4647 4648 938 4648 4649 938 4649 4650 939 4650 4651 939 4651 4652 939 4652 4653 940 4653 4654 940 4654 4655 940 4655 4656 941 4656 4657 941 4657 4658 941 4658 4659 942 4659 4660 942 4660 4661 942 4661 4662 943 4662 4663 943 4663 4664 943 4664 4665 944 4665 4666 944 4666 4667 944 4667 4668 945 4668 4669 945 4669 4670 945 4670 4671 946 4671 4672 946 4672 4673 946 4673 4674 947 4674 4675 947 4675 4676 947 4676 4677 948 4677 4678 948 4678 4679 948 4679 4680 949 4680 4681 949 4681 4682 949 4682 4683 950 4683 4684 950 4684 4685 950 4685 4686 951 4686 4687 951 4687 4688 951 4688 4689 952 4689 4690 952 4690 4691 952 4691 4692 953 4692 4693 953 4693 4694 953 4694 4695 954 4695 4696 954 4696 4697 954 4697 4698 955 4698 4699 955 4699 4700 955 4700 4701 956 4701 4702 956 4702 4703 956 4703 4704 956 4704 4705 956 4705 4706 956 4706 4707 957 4707 4708 957 4708 4709 957 4709 4710 958 4710 4711 958 4711 4712 958 4712 4713 959 4713 4714 959 4714 4715 959 4715 4716 960 4716 4717 960 4717 4718 960 4718 4719 961 4719 4720 961 4720 4721 961 4721 4722 962 4722 4723 962 4723 4724 962 4724 4725 963 4725 4726 963 4726 4727 963 4727 4728 964 4728 4729 964 4729 4730 964 4730 4731 965 4731 4732 965 4732 4733 965 4733 4734 966 4734 4735 966 4735 4736 966 4736 4737 967 4737 4738 967 4738 4739 967 4739 4740 968 4740 4741 968 4741 4742 968 4742 4743 969 4743 4744 969 4744 4745 969 4745 4746 970 4746 4747 970 4747 4748 970 4748 4749 971 4749 4750 971 4750 4751 971 4751 4752 972 4752 4753 972 4753 4754 972 4754 4755 973 4755 4756 973 4756 4757 973 4757 4758 974 4758 4759 974 4759 4760 974 4760 4761 975 4761 4762 975 4762 4763 975 4763 4764 976 4764 4765 976 4765 4766 976 4766 4767 977 4767 4768 977 4768 4769 977 4769 4770 978 4770 4771 978 4771 4772 978 4772 4773 979 4773 4774 979 4774 4775 979 4775 4776 980 4776 4777 980 4777 4778 980 4778 4779 981 4779 4780 981 4780 4781 981 4781 4782 982 4782 4783 982 4783 4784 982 4784 4785 983 4785 4786 983 4786 4787 983 4787 4788 984 4788 4789 984 4789 4790 984 4790 4791 985 4791 4792 985 4792 4793 985 4793 4794 986 4794 4795 986 4795 4796 986 4796 4797 987 4797 4798 987 4798 4799 987 4799 4800 988 4800 4801 988 4801 4802 988 4802 4803 989 4803 4804 989 4804 4805 989 4805 4806 990 4806 4807 990 4807 4808 990 4808 4809 991 4809 4810 991 4810 4811 991 4811 4812 992 4812 4813 992 4813 4814 992 4814 4815 993 4815 4816 993 4816 4817 993 4817 4818 994 4818 4819 994 4819 4820 994 4820 4821 995 4821 4822 995 4822 4823 995 4823 4824 996 4824 4825 996 4825 4826 996 4826 4827 997 4827 4828 997 4828 4829 997 4829 4830 998 4830 4831 998 4831 4832 998 4832 4833 999 4833 4834 999 4834 4835 999 4835 4836 1000 4836 4837 1000 4837 4838 1000 4838 4839 1001 4839 4840 1001 4840 4841 1001 4841 4842 1002 4842 4843 1002 4843 4844 1002 4844 4845 1003 4845 4846 1003 4846 4847 1003 4847 4848 1004 4848 4849 1004 4849 4850 1004 4850 4851 1005 4851 4852 1005 4852 4853 1005 4853 4854 1006 4854 4855 1006 4855 4856 1006 4856 4857 1007 4857 4858 1007 4858 4859 1007 4859 4860 1008 4860 4861 1008 4861 4862 1008 4862 4863 1009 4863 4864 1009 4864 4865 1009 4865 4866 1010 4866 4867 1010 4867 4868 1010 4868 4869 1011 4869 4870 1011 4870 4871 1011 4871 4872 1012 4872 4873 1012 4873 4874 1012 4874 4875 1013 4875 4876 1013 4876 4877 1013 4877 4878 1014 4878 4879 1014 4879 4880 1014 4880 4881 1015 4881 4882 1015 4882 4883 1015 4883 4884 1016 4884 4885 1016 4885 4886 1016 4886 4887 1017 4887 4888 1017 4888 4889 1017 4889 4890 1018 4890 4891 1018 4891 4892 1018 4892 4893 1019 4893 4894 1019 4894 4895 1019 4895 4896 1020 4896 4897 1020 4897 4898 1020 4898 4899 257 4899 4900 257 4900 4901 257 4901 4902 257 4902 4903 257 4903 4904 257 4904 4905 1021 4905 4906 1021 4906 4907 1021 4907 4908 1022 4908 4909 1022 4909 4910 1022 4910 4911 1023 4911 4912 1023 4912 4913 1023 4913 4914 1024 4914 4915 1024 4915 4916 1024 4916 4917 1025 4917 4918 1025 4918 4919 1025 4919 4920 1025 4920 4921 1025 4921 4922 1025 4922 4923 1026 4923 4924 1026 4924 4925 1026 4925 4926 1026 4926 4927 1026 4927 4928 1026 4928 4929 1027 4929 4930 1027 4930 4931 1027 4931 4932 1028 4932 4933 1028 4933 4934 1028 4934 4935 1029 4935 4936 1029 4936 4937 1029 4937 4938 1029 4938 4939 1029 4939 4940 1029 4940 4941 62 4941 4942 62 4942 4943 62 4943 4944 62 4944 4945 62 4945 4946 62 4946 4947 62 4947 4948 62 4948 4949 62 4949 4950 62 4950 4951 62 4951 4952 62 4952 4953 62 4953 4954 62 4954 4955 62 4955 4956 62 4956 4957 62 4957 4958 62 4958 4959 62 4959 4960 62 4960 4961 62 4961 4962 62 4962 4963 62 4963 4964 62 4964 4965 62 4965 4966 62 4966 4967 62 4967 4968 62 4968 4969 62 4969 4970 62 4970 4971 62 4971 4972 62 4972 4973 62 4973 4974 62 4974 4975 62 4975 4976 62 4976 4977 62 4977 4978 62 4978 4979 62 4979 4980 62 4980 4981 62 4981 4982 62 4982 4983 62 4983 4984 62 4984 4985 62 4985 4986 62 4986 4987 62 4987 4988 62 4988 4989 62 4989 4990 62 4990 4991 62 4991 4992 62 4992 4993 62 4993 4994 62 4994 4995 62 4995 4996 62 4996 4997 62 4997 4998 62 4998 4999 62 4999 5000 62 5000 5001 62 5001 5002 62 5002 5003 62 5003 5004 62 5004 5005 62 5005 5006 62 5006 5007 62 5007 5008 62 5008 5009 62 5009 5010 62 5010 5011 62 5011 5012 62 5012 5013 62 5013 5014 62 5014 5015 62 5015 5016 62 5016 5017 62 5017 5018 62 5018 5019 62 5019 5020 62 5020 5021 62 5021 5022 62 5022 5023 62 5023 5024 62 5024 5025 62 5025 5026 62 5026 5027 62 5027 5028 62 5028 5029 62 5029 5030 62 5030 5031 62 5031 5032 62 5032 5033 62 5033 5034 62 5034 5035 62 5035 5036 62 5036 5037 62 5037 5038 62 5038 5039 62 5039 5040 62 5040 5041 62 5041 5042 62 5042 5043 62 5043 5044 62 5044 5045 62 5045 5046 62 5046 5047 62 5047 5048 62 5048 5049 62 5049 5050 62 5050 5051 62 5051 5052 62 5052 5053 62 5053 5054 62 5054 5055 62 5055 5056 62 5056 5057 62 5057 5058 62 5058 5059 62 5059 5060 62 5060 5061 62 5061 5062 62 5062 5063 62 5063 5064 62 5064 5065 62 5065 5066 62 5066 5067 62 5067 5068 62 5068 5069 62 5069 5070 62 5070 5071 62 5071 5072 62 5072 5073 62 5073 5074 62 5074 5075 62 5075 5076 62 5076 5077 62 5077 5078 62 5078 5079 62 5079 5080 62 5080 5081 62 5081 5082 62 5082 5083 62 5083 5084 62 5084 5085 62 5085 5086 62 5086 5087 62 5087 5088 62 5088 5089 62 5089 5090 62 5090 5091 62 5091 5092 62 5092 5093 62 5093 5094 62 5094 5095 62 5095 5096 62 5096 5097 62 5097 5098 62 5098 5099 62 5099 5100 62 5100 5101 62 5101 5102 62 5102 5103 62 5103 5104 62 5104 5105 62 5105 5106 62 5106 5107 62 5107 5108 62 5108 5109 372 5109 5110 372 5110 5111 372 5111 5112 372 5112 5113 372 5113 5114 372 5114 5115 372 5115 5116 372 5116 5117 372 5117 5118 372 5118 5119 372 5119 5120 372 5120 5121 1030 5121 5122 1030 5122 5123 1030 5123 5124 1031 5124 5125 1031 5125 5126 1031 5126 5127 1032 5127 5128 1032 5128 5129 1032 5129 5130 1033 5130 5131 1033 5131 5132 1033 5132 5133 1034 5133 5134 1034 5134 5135 1034 5135 5136 1035 5136 5137 1035 5137 5138 1035 5138 5139 1036 5139 5140 1036 5140 5141 1036 5141 5142 1037 5142 5143 1037 5143 5144 1037 5144 5145 1038 5145 5146 1038 5146 5147 1038 5147 5148 1039 5148 5149 1039 5149 5150 1039 5150 5151 1040 5151 5152 1040 5152 5153 1040 5153 5154 1041 5154 5155 1041 5155 5156 1041 5156 5157 1042 5157 5158 1042 5158 5159 1042 5159 5160 1043 5160 5161 1043 5161 5162 1043 5162 5163 1044 5163 5164 1044 5164 5165 1044 5165 5166 1045 5166 5167 1045 5167 5168 1045 5168 5169 1046 5169 5170 1046 5170 5171 1046 5171 5172 1047 5172 5173 1047 5173 5174 1047 5174 5175 1048 5175 5176 1048 5176 5177 1048 5177 5178 1049 5178 5179 1049 5179 5180 1049 5180 5181 1050 5181 5182 1050 5182 5183 1050 5183 5184 1051 5184 5185 1051 5185 5186 1051 5186 5187 1052 5187 5188 1052 5188 5189 1052 5189 5190 1053 5190 5191 1053 5191 5192 1053 5192 5193 1054 5193 5194 1054 5194 5195 1054 5195 5196 1055 5196 5197 1055 5197 5198 1055 5198 5199 1056 5199 5200 1056 5200 5201 1056 5201 5202 1057 5202 5203 1057 5203 5204 1057 5204 5205 1057 5205 5206 1057 5206 5207 1057 5207 5208 1058 5208 5209 1058 5209 5210 1058 5210 5211 1058 5211 5212 1058 5212 5213 1058 5213 5214 1059 5214 5215 1059 5215 5216 1059 5216 5217 1059 5217 5218 1059 5218 5219 1059 5219 5220 1060 5220 5221 1060 5221 5222 1060 5222 5223 1061 5223 5224 1061 5224 5225 1061 5225 5226 1062 5226 5227 1062 5227 5228 1062 5228 5229 1063 5229 5230 1063 5230 5231 1063 5231 5232 1064 5232 5233 1064 5233 5234 1064 5234 5235 1065 5235 5236 1065 5236 5237 1065 5237 5238 1066 5238 5239 1066 5239 5240 1066 5240 5241 1067 5241 5242 1067 5242 5243 1067 5243 5244 1068 5244 5245 1068 5245 5246 1068 5246 5247 1069 5247 5248 1069 5248 5249 1069 5249 5250 1070 5250 5251 1070 5251 5252 1070 5252 5253 1071 5253 5254 1071 5254 5255 1071 5255 5256 1072 5256 5257 1072 5257 5258 1072 5258 5259 1073 5259 5260 1073 5260 5261 1073 5261 5262 1074 5262 5263 1074 5263 5264 1074 5264 5265 1075 5265 5266 1075 5266 5267 1075 5267 5268 1076 5268 5269 1076 5269 5270 1076 5270 5271 1077 5271 5272 1077 5272 5273 1077 5273 5274 1078 5274 5275 1078 5275 5276 1078 5276 5277 1079 5277 5278 1079 5278 5279 1079 5279 5280 1080 5280 5281 1080 5281 5282 1080 5282 5283 1081 5283 5284 1081 5284 5285 1081 5285 5286 1082 5286 5287 1082 5287 5288 1082 5288 5289 1083 5289 5290 1083 5290 5291 1083 5291 5292 1084 5292 5293 1084 5293 5294 1084 5294 5295 1085 5295 5296 1085 5296 5297 1085 5297 5298 1086 5298 5299 1086 5299 5300 1086 5300 5301 1087 5301 5302 1087 5302 5303 1087 5303 5304 1088 5304 5305 1088 5305 5306 1088 5306 5307 1089 5307 5308 1089 5308 5309 1089 5309 5310 1090 5310 5311 1090 5311 5312 1090 5312 5313 1091 5313 5314 1091 5314 5315 1091 5315 5316 1091 5316 5317 1091 5317 5318 1091 5318 5319 1092 5319 5320 1092 5320 5321 1092 5321 5322 1093 5322 5323 1093 5323 5324 1093 5324 5325 1093 5325 5326 1093 5326 5327 1093 5327 5328 1094 5328 5329 1094 5329 5330 1094 5330 5331 1094 5331 5332 1094 5332 5333 1094 5333 5334 1095 5334 5335 1095 5335 5336 1095 5336 5337 1095 5337 5338 1095 5338 5339 1095 5339 5340 1096 5340 5341 1096 5341 5342 1096 5342 5343 1096 5343 5344 1096 5344 5345 1096 5345 5346 1097 5346 5347 1097 5347 5348 1097 5348 5349 1097 5349 5350 1097 5350 5351 1097 5351 5352 1098 5352 5353 1098 5353 5354 1098 5354 5355 1099 5355 5356 1099 5356 5357 1099 5357 5358 1100 5358 5359 1100 5359 5360 1100 5360 5361 1101 5361 5362 1101 5362 5363 1101 5363 5364 1102 5364 5365 1102 5365 5366 1102 5366 5367 1103 5367 5368 1103 5368 5369 1103 5369 5370 1104 5370 5371 1104 5371 5372 1104 5372 5373 1105 5373 5374 1105 5374 5375 1105 5375 5376 1106 5376 5377 1106 5377 5378 1106 5378 5379 1107 5379 5380 1107 5380 5381 1107 5381 5382 1108 5382 5383 1108 5383 5384 1108 5384 5385 1109 5385 5386 1109 5386 5387 1109 5387 5388 1110 5388 5389 1110 5389 5390 1110 5390 5391 1111 5391 5392 1111 5392 5393 1111 5393 5394 1112 5394 5395 1112 5395 5396 1112 5396 5397 1113 5397 5398 1113 5398 5399 1113 5399 5400 1114 5400 5401 1114 5401 5402 1114 5402 5403 1115 5403 5404 1115 5404 5405 1115 5405 5406 1116 5406 5407 1116 5407 5408 1116 5408 5409 1117 5409 5410 1117 5410 5411 1117 5411 5412 1118 5412 5413 1118 5413 5414 1118 5414 5415 1119 5415 5416 1119 5416 5417 1119 5417 5418 1120 5418 5419 1120 5419 5420 1120 5420 5421 1121 5421 5422 1121 5422 5423 1121 5423 5424 1122 5424 5425 1122 5425 5426 1122 5426 5427 1123 5427 5428 1123 5428 5429 1123 5429 5430 1124 5430 5431 1124 5431 5432 1124 5432 5433 1125 5433 5434 1125 5434 5435 1125 5435 5436 1125 5436 5437 1125 5437 5438 1125 5438 5439 1102 5439 5440 1102 5440 5441 1102 5441 5442 1115 5442 5443 1115 5443 5444 1115 5444 5445 1126 5445 5446 1126 5446 5447 1126 5447 5448 1126 5448 5449 1126 5449 5450 1126 5450 5451 1127 5451 5452 1127 5452 5453 1127 5453 5454 1122 5454 5455 1122 5455 5456 1122 5456 5457 1127 5457 5458 1127 5458 5459 1127 5459 5460 1128 5460 5461 1128 5461 5462 1128 5462 5463 1129 5463 5464 1129 5464 5465 1129 5465 5466 1115 5466 5467 1115 5467 5468 1115 5468 5469 1129 5469 5470 1129 5470 5471 1129 5471 5472 1130 5472 5473 1130 5473 5474 1130 5474 5475 1131 5475 5476 1131 5476 5477 1131 5477 5478 1132 5478 5479 1132 5479 5480 1132 5480 5481 1133 5481 5482 1133 5482 5483 1133 5483 5484 1134 5484 5485 1134 5485 5486 1134 5486 5487 1135 5487 5488 1135 5488 5489 1135 5489 5490 1136 5490 5491 1136 5491 5492 1136 5492 5493 1137 5493 5494 1137 5494 5495 1137 5495 5496 1138 5496 5497 1138 5497 5498 1138 5498 5499 1139 5499 5500 1139 5500 5501 1139 5501 5502 1140 5502 5503 1140 5503 5504 1140 5504 5505 1141 5505 5506 1141 5506 5507 1141 5507 5508 1142 5508 5509 1142 5509 5510 1142 5510 5511 1143 5511 5512 1143 5512 5513 1143 5513 5514 1144 5514 5515 1144 5515 5516 1144 5516 5517 1145 5517 5518 1145 5518 5519 1145 5519 5520 1146 5520 5521 1146 5521 5522 1146 5522 5523 1147 5523 5524 1147 5524 5525 1147 5525 5526 1148 5526 5527 1148 5527 5528 1148 5528 5529 1149 5529 5530 1149 5530 5531 1149 5531 5532 1150 5532 5533 1150 5533 5534 1150 5534 5535 1151 5535 5536 1151 5536 5537 1151 5537 5538 1152 5538 5539 1152 5539 5540 1152 5540 5541 1153 5541 5542 1153 5542 5543 1153 5543 5544 1102 5544 5545 1102 5545 5546 1102 5546 5547 1101 5547 5548 1101 5548 5549 1101 5549 5550 1154 5550 5551 1154 5551 5552 1154 5552 5553 1155 5553 5554 1155 5554 5555 1155 5555 5556 1156 5556 5557 1156 5557 5558 1156 5558 5559 1157 5559 5560 1157 5560 5561 1157 5561 5562 1158 5562 5563 1158 5563 5564 1158 5564 5565 1159 5565 5566 1159 5566 5567 1159 5567 5568 1160 5568 5569 1160 5569 5570 1160 5570 5571 1161 5571 5572 1161 5572 5573 1161 5573 5574 1162 5574 5575 1162 5575 5576 1162 5576 5577 1163 5577 5578 1163 5578 5579 1163 5579 5580 1164 5580 5581 1164 5581 5582 1164 5582 5583 1165 5583 5584 1165 5584 5585 1165 5585 5586 1166 5586 5587 1166 5587 5588 1166 5588 5589 1167 5589 5590 1167 5590 5591 1167 5591 5592 1168 5592 5593 1168 5593 5594 1168 5594 5595 1169 5595 5596 1169 5596 5597 1169 5597 5598 1170 5598 5599 1170 5599 5600 1170 5600 5601 1171 5601 5602 1171 5602 5603 1171 5603 5604 1172 5604 5605 1172 5605 5606 1172 5606 5607 1173 5607 5608 1173 5608 5609 1173 5609 5610 1174 5610 5611 1174 5611 5612 1174 5612 5613 1175 5613 5614 1175 5614 5615 1175 5615 5616 1176 5616 5617 1176 5617 5618 1176 5618 5619 1177 5619 5620 1177 5620 5621 1177 5621 5622 1178 5622 5623 1178 5623 5624 1178 5624 5625 1179 5625 5626 1179 5626 5627 1179 5627 5628 1180 5628 5629 1180 5629 5630 1180 5630 5631 1181 5631 5632 1181 5632 5633 1181 5633 5634 1182 5634 5635 1182 5635 5636 1182 5636 5637 1183 5637 5638 1183 5638 5639 1183 5639 5640 1184 5640 5641 1184 5641 5642 1184 5642 5643 1185 5643 5644 1185 5644 5645 1185 5645 5646 1186 5646 5647 1186 5647 5648 1186 5648 5649 1187 5649 5650 1187 5650 5651 1187 5651 5652 1188 5652 5653 1188 5653 5654 1188 5654 5655 1189 5655 5656 1189 5656 5657 1189 5657 5658 1190 5658 5659 1190 5659 5660 1190 5660 5661 1191 5661 5662 1191 5662 5663 1191 5663 5664 1192 5664 5665 1192 5665 5666 1192 5666 5667 1193 5667 5668 1193 5668 5669 1193 5669 5670 1194 5670 5671 1194 5671 5672 1194 5672 5673 1195 5673 5674 1195 5674 5675 1195 5675 5676 1196 5676 5677 1196 5677 5678 1196 5678 5679 1197 5679 5680 1197 5680 5681 1197 5681 5682 1198 5682 5683 1198 5683 5684 1198 5684 5685 1199 5685 5686 1199 5686 5687 1199 5687 5688 1200 5688 5689 1200 5689 5690 1200 5690 5691 1201 5691 5692 1201 5692 5693 1201 5693 5694 1202 5694 5695 1202 5695 5696 1202 5696 5697 1203 5697 5698 1203 5698 5699 1203 5699 5700 1204 5700 5701 1204 5701 5702 1204 5702 5703 1205 5703 5704 1205 5704 5705 1205 5705 5706 1206 5706 5707 1206 5707 5708 1206 5708 5709 1207 5709 5710 1207 5710 5711 1207 5711 5712 1208 5712 5713 1208 5713 5714 1208 5714 5715 1209 5715 5716 1209 5716 5717 1209 5717 5718 1210 5718 5719 1210 5719 5720 1210 5720 5721 1211 5721 5722 1211 5722 5723 1211 5723 5724 1212 5724 5725 1212 5725 5726 1212 5726 5727 1213 5727 5728 1213 5728 5729 1213 5729 5730 1214 5730 5731 1214 5731 5732 1214 5732 5733 1215 5733 5734 1215 5734 5735 1215 5735 5736 1216 5736 5737 1216 5737 5738 1216 5738 5739 1217 5739 5740 1217 5740 5741 1217 5741 5742 1218 5742 5743 1218 5743 5744 1218 5744 5745 1219 5745 5746 1219 5746 5747 1219 5747 5748 1220 5748 5749 1220 5749 5750 1220 5750 5751 1221 5751 5752 1221 5752 5753 1221 5753 5754 372 5754 5755 372 5755 5756 372 5756 5757 1222 5757 5758 1222 5758 5759 1222 5759 5760 1223 5760 5761 1223 5761 5762 1223 5762 5763 1224 5763 5764 1224 5764 5765 1224 5765 5766 1225 5766 5767 1225 5767 5768 1225 5768 5769 1226 5769 5770 1226 5770 5771 1226 5771 5772 1227 5772 5773 1228 5773 5774 1227 5774 5775 1229 5775 5776 1229 5776 5777 1229 5777 5778 1230 5778 5779 1230 5779 5780 1230 5780 5781 1231 5781 5782 1231 5782 5783 1231 5783 5784 1232 5784 5785 1232 5785 5786 1232 5786 5787 1233 5787 5788 1233 5788 5789 1233 5789 5790 1234 5790 5791 1234 5791 5792 1234 5792 5793 1235 5793 5794 1235 5794 5795 1235 5795 5796 1236 5796 5797 1236 5797 5798 1236 5798 5799 1237 5799 5800 1237 5800 5801 1237 5801 5802 1238 5802 5803 1238 5803 5804 1238 5804 5805 1239 5805 5806 1239 5806 5807 1239 5807 5808 1240 5808 5809 1240 5809 5810 1240 5810 5811 1241 5811 5812 1241 5812 5813 1241 5813 5814 1242 5814 5815 1242 5815 5816 1242 5816 5817 1243 5817 5818 1243 5818 5819 1243 5819 5820 1244 5820 5821 1244 5821 5822 1244 5822 5823 1245 5823 5824 1245 5824 5825 1245 5825 5826 1246 5826 5827 1246 5827 5828 1246 5828 5829 1247 5829 5830 1247 5830 5831 1247 5831 5832 1248 5832 5833 1248 5833 5834 1248 5834 5835 1249 5835 5836 1249 5836 5837 1249 5837 5838 1250 5838 5839 1250 5839 5840 1250 5840 5841 1251 5841 5842 1251 5842 5843 1251 5843 5844 1252 5844 5845 1252 5845 5846 1252 5846 5847 1253 5847 5848 1253 5848 5849 1253 5849 5850 1254 5850 5851 1254 5851 5852 1254 5852 5853 1255 5853 5854 1255 5854 5855 1255 5855 5856 1256 5856 5857 1256 5857 5858 1256 5858 5859 1257 5859 5860 1257 5860 5861 1257 5861 5862 1258 5862 5863 1258 5863 5864 1258 5864 5865 1259 5865 5866 1259 5866 5867 1259 5867 5868 1260 5868 5869 1260 5869 5870 1260 5870 5871 1261 5871 5872 1261 5872 5873 1261 5873 5874 1262 5874 5875 1262 5875 5876 1262 5876 5877 1263 5877 5878 1263 5878 5879 1263 5879 5880 1264 5880 5881 1264 5881 5882 1264 5882 5883 1265 5883 5884 1265 5884 5885 1265 5885 5886 1266 5886 5887 1266 5887 5888 1266 5888 5889 1267 5889 5890 1267 5890 5891 1267 5891 5892 1268 5892 5893 1268 5893 5894 1268 5894 5895 1269 5895 5896 1269 5896 5897 1269 5897 5898 1270 5898 5899 1270 5899 5900 1270 5900 5901 1271 5901 5902 1271 5902 5903 1271 5903 5904 1272 5904 5905 1272 5905 5906 1272 5906 5907 1273 5907 5908 1273 5908 5909 1273 5909 5910 1274 5910 5911 1274 5911 5912 1274 5912 5913 1275 5913 5914 1275 5914 5915 1275 5915 5916 1276 5916 5917 1276 5917 5918 1276 5918 5919 1277 5919 5920 1277 5920 5921 1277 5921 5922 1278 5922 5923 1278 5923 5924 1278 5924 5925 1279 5925 5926 1279 5926 5927 1279 5927 5928 1280 5928 5929 1280 5929 5930 1280 5930 5931 1281 5931 5932 1281 5932 5933 1281 5933 5934 1282 5934 5935 1282 5935 5936 1282 5936 5937 1283 5937 5938 1283 5938 5939 1283 5939 5940 1284 5940 5941 1284 5941 5942 1284 5942 5943 1285 5943 5944 1285 5944 5945 1285 5945 5946 1286 5946 5947 1286 5947 5948 1286 5948 5949 1287 5949 5950 1287 5950 5951 1287 5951 5952 1288 5952 5953 1288 5953 5954 1288 5954 5955 1289 5955 5956 1289 5956 5957 1289 5957 5958 1290 5958 5959 1290 5959 5960 1290 5960 5961 1291 5961 5962 1291 5962 5963 1291 5963 5964 1292 5964 5965 1292 5965 5966 1292 5966 5967 1293 5967 5968 1293 5968 5969 1293 5969 5970 1294 5970 5971 1294 5971 5972 1294 5972 5973 1295 5973 5974 1295 5974 5975 1295 5975 5976 1296 5976 5977 1296 5977 5978 1296 5978 5979 1297 5979 5980 1297 5980 5981 1297 5981 5982 1298 5982 5983 1298 5983 5984 1298 5984 5985 1299 5985 5986 1299 5986 5987 1299 5987 5988 1300 5988 5989 1300 5989 5990 1300 5990 5991 875 5991 5992 875 5992 5993 875 5993 5994 1301 5994 5995 1301 5995 5996 1301 5996 5997 1302 5997 5998 1302 5998 5999 1302 5999 6000 1303 6000 6001 1303 6001 6002 1303 6002 6003 1303 6003 6004 1303 6004 6005 1303 6005 6006 1304 6006 6007 1304 6007 6008 1304 6008 6009 1305 6009 6010 1305 6010 6011 1305 6011 6012 372 6012 6013 372 6013 6014 372 6014 6015 372 6015 6016 372 6016 6017 372 6017 6018 1306 6018 6019 1306 6019 6020 1306 6020 6021 1307 6021 6022 1307 6022 6023 1307 6023 6024 1308 6024 6025 1308 6025 6026 1308 6026 6027 1309 6027 6028 1309 6028 6029 1309 6029 6030 1310 6030 6031 1310 6031 6032 1310 6032 6033 1310 6033 6034 1310 6034 6035 1310 6035 6036 1311 6036 6037 1311 6037 6038 1311 6038 6039 1311 6039 6040 1311 6040 6041 1311 6041 6042 1312 6042 6043 1312 6043 6044 1312 6044 6045 1313 6045 6046 1313 6046 6047 1313 6047 6048 257 6048 6049 257 6049 6050 257 6050 6051 257 6051 6052 257 6052 6053 257 6053 6054 257 6054 6055 257 6055 6056 257 6056 6057 257 6057 6058 257 6058 6059 257 6059 6060 1314 6060 6061 1314 6061 6062 1314 6062 6063 1315 6063 6064 1315 6064 6065 1315 6065 6066 1316 6066 6067 1316 6067 6068 1316 6068 6069 1317 6069 6070 1317 6070 6071 1317 6071 6072 1318 6072 6073 1318 6073 6074 1318 6074 6075 1319 6075 6076 1319 6076 6077 1319 6077 6078 1320 6078 6079 1320 6079 6080 1320 6080 6081 1321 6081 6082 1321 6082 6083 1321 6083 6084 1322 6084 6085 1322 6085 6086 1322 6086 6087 1323 6087 6088 1323 6088 6089 1323 6089 6090 1324 6090 6091 1324 6091 6092 1324 6092 6093 1325 6093 6094 1325 6094 6095 1325 6095 6096 1326 6096 6097 1326 6097 6098 1326 6098 6099 1327 6099 6100 1327 6100 6101 1327 6101 6102 1328 6102 6103 1328 6103 6104 1328 6104 6105 1329 6105 6106 1329 6106 6107 1329 6107 6108 1330 6108 6109 1330 6109 6110 1330 6110 6111 1331 6111 6112 1331 6112 6113 1331 6113 6114 1332 6114 6115 1332 6115 6116 1332 6116 6117 1333 6117 6118 1333 6118 6119 1333 6119 6120 1334 6120 6121 1334 6121 6122 1334 6122 6123 1335 6123 6124 1335 6124 6125 1335 6125 6126 1336 6126 6127 1336 6127 6128 1336 6128 6129 1337 6129 6130 1337 6130 6131 1337 6131 6132 257 6132 6133 257 6133 6134 257 6134 6135 257 6135 6136 257 6136 6137 257 6137 6138 1338 6138 6139 1338 6139 6140 1338 6140 6141 1339 6141 6142 1339 6142 6143 1339 6143 6144 257 6144 6145 257 6145 6146 257 6146 6147 1340 6147 6148 1340 6148 6149 1340 6149 6150 1341 6150 6151 1341 6151 6152 1341 6152 6153 1342 6153 6154 1342 6154 6155 1342 6155 6156 62 6156 6157 62 6157 6158 62 6158 6159 62 6159 6160 62 6160 6161 62 6161 6162 62 6162 6163 62 6163 6164 62 6164 6165 62 6165 6166 62 6166 6167 62 6167 6168 62 6168 6169 62 6169 6170 62 6170 6171 62 6171 6172 62 6172 6173 62 6173 6174 62 6174 6175 62 6175 6176 62 6176 6177 1343 6177 6178 1343 6178 6179 1343 6179 6180 372 6180 6181 372 6181 6182 372 6182 6183 372 6183 6184 372 6184 6185 372 6185 6186 372 6186 6187 372 6187 6188 372 6188 6189 372 6189 6190 372 6190 6191 372 6191 6192 372 6192 6193 372 6193 6194 372 6194 6195 372 6195 6196 372 6196 6197 372 6197 6198 372 6198 6199 372 6199 6200 372 6200 6201 372 6201 6202 372 6202 6203 372 6203 6204 372 6204 6205 372 6205 6206 372 6206 6207 1344 6207 6208 1344 6208 6209 1344 6209 6210 1344 6210 6211 1344 6211 6212 1344 6212 6213 1345 6213 6214 1345 6214 6215 1345 6215 6216 1346 6216 6217 1346 6217 6218 1346 6218 6219 1347 6219 6220 1347 6220 6221 1347 6221 6222 1347 6222 6223 1347 6223 6224 1347 6224 6225 1348 6225 6226 1348 6226 6227 1348 6227 6228 1348 6228 6229 1348 6229 6230 1348 6230 6231 1349 6231 6232 1349 6232 6233 1349 6233 6234 1350 6234 6235 1350 6235 6236 1350 6236 6237 1350 6237 6238 1350 6238 6239 1350 6239 6240 1351 6240 6241 1351 6241 6242 1351 6242 6243 1351 6243 6244 1351 6244 6245 1351 6245 6246 257 6246 6247 257 6247 6248 257 6248 6249 257 6249 6250 257 6250 6251 257 6251 6252 257 6252 6253 257 6253 6254 257 6254 6255 257 6255 6256 257 6256 6257 257 6257 6258 257 6258 6259 257 6259 6260 257 6260 6261 257 6261 6262 257 6262 6263 257 6263 6264 257 6264 6265 257 6265 6266 257 6266 6267 257 6267 6268 257 6268 6269 257 6269 6270 257 6270 6271 257 6271 6272 257 6272 6273 1352 6273 6274 1352 6274 6275 1352 6275 6276 1352 6276 6277 1352 6277 6278 1352 6278 6279 1353 6279 6280 1353 6280 6281 1353 6281 6282 1353 6282 6283 1353 6283 6284 1353 6284 6285 1354 6285 6286 1354 6286 6287 1354 6287 6288 1354 6288 6289 1354 6289 6290 1354 6290 6291 1355 6291 6292 1355 6292 6293 1355 6293 6294 1355 6294 6295 1355 6295 6296 1355 6296 6297 1356 6297 6298 1356 6298 6299 1356 6299 6300 1356 6300 6301 1356 6301 6302 1356 6302 6303 1357 6303 6304 1357 6304 6305 1357 6305 6306 1357 6306 6307 1357 6307 6308 1357 6308 6309 1358 6309 6310 1358 6310 6311 1358 6311 6312 1358 6312 6313 1358 6313 6314 1358 6314 6315 1359 6315 6316 1359 6316 6317 1359 6317 6318 1359 6318 6319 1359 6319 6320 1359 6320 6321 1360 6321 6322 1360 6322 6323 1360 6323 6324 1360 6324 6325 1360 6325 6326 1360 6326 6327 1361 6327 6328 1361 6328 6329 1361 6329 6330 1361 6330 6331 1361 6331 6332 1361 6332 6333 1362 6333 6334 1362 6334 6335 1362 6335 6336 1362 6336 6337 1362 6337 6338 1362 6338 6339 1363 6339 6340 1363 6340 6341 1363 6341 6342 1363 6342 6343 1363 6343 6344 1363 6344 6345 1364 6345 6346 1364 6346 6347 1364 6347 6348 1364 6348 6349 1364 6349 6350 1364 6350 6351 1365 6351 6352 1365 6352 6353 1365 6353 6354 1365 6354 6355 1365 6355 6356 1365 6356 6357 1366 6357 6358 1366 6358 6359 1366 6359 6360 1366 6360 6361 1366 6361 6362 1366 6362 6363 1367 6363 6364 1367 6364 6365 1367 6365 6366 1367 6366 6367 1367 6367 6368 1367 6368 6369 1368 6369 6370 1368 6370 6371 1368 6371 6372 1368 6372 6373 1368 6373 6374 1368 6374 6375 372 6375 6376 372 6376 6377 372 6377 6378 372 6378 6379 372 6379 6380 372 6380 6381 372 6381 6382 372 6382 6383 372 6383 6384 372 6384 6385 372 6385 6386 372 6386 6387 372 6387 6388 372 6388 6389 372 6389 6390 372 6390 6391 372 6391 6392 372 6392 6393 372 6393 6394 372 6394 6395 372 6395 6396 372 6396 6397 372 6397 6398 372 6398 6399 372 6399 6400 372 6400 6401 372 6401 6402 372 6402 6403 372 6403 6404 372 6404 6405 372 6405 6406 372 6406 6407 372 6407 6408 372 6408 6409 372 6409 6410 372 6410 6411 372 6411 6412 372 6412 6413 372 6413 6414 372 6414 6415 372 6415 6416 372 6416 6417 1369 6417 6418 1369 6418 6419 1369 6419 6420 1369 6420 6421 1369 6421 6422 1369 6422 6423 1370 6423 6424 1370 6424 6425 1370 6425 6426 1370 6426 6427 1370 6427 6428 1370 6428 6429 1371 6429 6430 1371 6430 6431 1371 6431 6432 1371 6432 6433 1371 6433 6434 1371 6434 6435 1372 6435 6436 1372 6436 6437 1372 6437 6438 1372 6438 6439 1372 6439 6440 1372 6440 6441 1373 6441 6442 1373 6442 6443 1373 6443 6444 1373 6444 6445 1373 6445 6446 1373 6446 6447 1374 6447 6448 1374 6448 6449 1374 6449 6450 1374 6450 6451 1374 6451 6452 1374 6452 6453 1375 6453 6454 1375 6454 6455 1375 6455 6456 1375 6456 6457 1375 6457 6458 1375 6458 6459 1376 6459 6460 1376 6460 6461 1376 6461 6462 1376 6462 6463 1376 6463 6464 1376 6464 6465 1377 6465 6466 1377 6466 6467 1377 6467 6468 1377 6468 6469 1377 6469 6470 1377 6470 6471 1378 6471 6472 1378 6472 6473 1378 6473 6474 1378 6474 6475 1378 6475 6476 1378 6476 6477 1379 6477 6478 1379 6478 6479 1379 6479 6480 1379 6480 6481 1379 6481 6482 1379 6482 6483 1380 6483 6484 1380 6484 6485 1380 6485 6486 1380 6486 6487 1380 6487 6488 1380 6488 6489 1381 6489 6490 1381 6490 6491 1381 6491 6492 1381 6492 6493 1381 6493 6494 1381 6494 6495 1382 6495 6496 1382 6496 6497 1382 6497 6498 1382 6498 6499 1382 6499 6500 1382 6500 6501 1383 6501 6502 1383 6502 6503 1383 6503 6504 1383 6504 6505 1383 6505 6506 1383 6506 6507 1384 6507 6508 1384 6508 6509 1384 6509 6510 1384 6510 6511 1384 6511 6512 1384 6512 6513 257 6513 6514 257 6514 6515 257 6515 6516 257 6516 6517 257 6517 6518 257 6518 6519 257 6519 6520 257 6520 6521 257 6521 6522 257 6522 6523 257 6523 6524 257 6524 6525 257 6525 6526 257 6526 6527 257 6527 6528 257 6528 6529 257 6529 6530 257 6530 6531 257 6531 6532 257 6532 6533 257 6533 6534 257 6534 6535 257 6535 6536 257 6536 6537 257 6537 6538 257 6538 6539 257 6539 6540 257 6540 6541 257 6541 6542 257 6542 6543 257 6543 6544 257 6544 6545 257 6545 6546 257 6546 6547 257 6547 6548 257 6548 6549 257 6549 6550 257 6550 6551 257 6551 6552 257 6552 6553 257 6553 6554 257 6554 6555 1385 6555 6556 1385 6556 6557 1385 6557 6558 1386 6558 6559 1386 6559 6560 1386 6560 6561 1387 6561 6562 1387 6562 6563 1387 6563 6564 1388 6564 6565 1388 6565 6566 1388 6566 6567 1389 6567 6568 1389 6568 6569 1389 6569 6570 1390 6570 6571 1390 6571 6572 1390 6572 6573 1391 6573 6574 1391 6574 6575 1391 6575 6576 1392 6576 6577 1392 6577 6578 1392 6578 6579 1393 6579 6580 1393 6580 6581 1393 6581 6582 1394 6582 6583 1394 6583 6584 1394 6584 6585 1395 6585 6586 1395 6586 6587 1395 6587 6588 1396 6588 6589 1396 6589 6590 1396 6590 6591 1397 6591 6592 1397 6592 6593 1397 6593 6594 1398 6594 6595 1398 6595 6596 1398 6596 6597 1399 6597 6598 1399 6598 6599 1399 6599 6600 1400 6600 6601 1400 6601 6602 1400 6602 6603 1401 6603 6604 1401 6604 6605 1401 6605 6606 1402 6606 6607 1402 6607 6608 1402 6608 6609 1403 6609 6610 1403 6610 6611 1403 6611 6612 1404 6612 6613 1404 6613 6614 1404 6614 6615 1405 6615 6616 1405 6616 6617 1405 6617 6618 1406 6618 6619 1406 6619 6620 1406 6620 6621 1407 6621 6622 1407 6622 6623 1407 6623 6624 1408 6624 6625 1408 6625 6626 1408 6626 6627 1409 6627 6628 1409 6628 6629 1409 6629 6630 1410 6630 6631 1410 6631 6632 1410 6632 6633 1411 6633 6634 1411 6634 6635 1411 6635 6636 1412 6636 6637 1412 6637 6638 1412 6638 6639 1413 6639 6640 1413 6640 6641 1413 6641 6642 1414 6642 6643 1414 6643 6644 1414 6644 6645 1415 6645 6646 1415 6646 6647 1415 6647 6648 1415 6648 6649 1415 6649 6650 1415 6650 6651 1416 6651 6652 1416 6652 6653 1416 6653 6654 1416 6654 6655 1416 6655 6656 1416 6656 6657 1417 6657 6658 1417 6658 6659 1417 6659 6660 1418 6660 6661 1418 6661 6662 1418 6662 6663 1418 6663 6664 1418 6664 6665 1418 6665 6666 1419 6666 6667 1419 6667 6668 1419 6668 6669 1419 6669 6670 1419 6670 6671 1419 6671 6672 1420 6672 6673 1420 6673 6674 1420 6674 6675 1420 6675 6676 1420 6676 6677 1420 6677 6678 1421 6678 6679 1421 6679 6680 1421 6680 6681 1421 6681 6682 1421 6682 6683 1421 6683 6684 1422 6684 6685 1422 6685 6686 1422 6686 6687 1423 6687 6688 1423 6688 6689 1423 6689 6690 63 6690 6691 63 6691 6692 63 6692 6693 63 6693 6694 63 6694 6695 63 6695 6696 63 6696 6697 63 6697 6698 63 6698 6699 1424 6699 6700 1424 6700 6701 1424 6701 6702 1425 6702 6703 1425 6703 6704 1425 6704 6705 63 6705 6706 63 6706 6707 63 6707 6708 63 6708 6709 63 6709 6710 63 6710 6711 63 6711 6712 63 6712 6713 63 6713 6714 1426 6714 6715 1426 6715 6716 1426 6716 6717 1426 6717 6718 1426 6718 6719 1426 6719 6720 1427 6720 6721 1427 6721 6722 1427 6722 6723 1428 6723 6724 1428 6724 6725 1428 6725 6726 1429 6726 6727 1429 6727 6728 1429 6728 6729 1429 6729 6730 1429 6730 6731 1429 6731 6732 1430 6732 6733 1430 6733 6734 1430 6734 6735 1431 6735 6736 1431 6736 6737 1431 6737 6738 1432 6738 6739 1432 6739 6740 1432 6740 6741 1433 6741 6742 1433 6742 6743 1433 6743 6744 1434 6744 6745 1434 6745 6746 1434 6746 6747 1435 6747 6748 1435 6748 6749 1435 6749 6750 62 6750 6751 62 6751 6752 62 6752 6753 62 6753 6754 62 6754 6755 62 6755 6756 1436 6756 6757 1436 6757 6758 1436 6758 6759 1437 6759 6760 1437 6760 6761 1437 6761 6762 1438 6762 6763 1438 6763 6764 1438 6764 6765 1439 6765 6766 1439 6766 6767 1439 6767 6768 1440 6768 6769 1440 6769 6770 1440 6770 6771 1441 6771 6772 1441 6772 6773 1441 6773 6774 235 6774 6775 235 6775 6776 235 6776 6777 235 6777 6778 235 6778 6779 235 6779 6780 1442 6780 6781 1442 6781 6782 1442 6782 6783 1442 6783 6784 1442 6784 6785 1442 6785 6786 1443 6786 6787 1443 6787 6788 1443 6788 6789 1444 6789 6790 1444 6790 6791 1444 6791 6792 1444 6792 6793 1444 6793 6794 1444 6794 6795 1445 6795 6796 1445 6796 6797 1445 6797 6798 1445 6798 6799 1445 6799 6800 1445 6800 6801 1446 6801 6802 1446 6802 6803 1446 6803 6804 1447 6804 6805 1447 6805 6806 1447 6806 6807 1447 6807 6808 1447 6808 6809 1447 6809 6810 1448 6810 6811 1448 6811 6812 1448 6812 6813 1448 6813 6814 1448 6814 6815 1448 6815 6816 1449 6816 6817 1449 6817 6818 1449 6818 6819 1449 6819 6820 1449 6820 6821 1449 6821 6822 1450 6822 6823 1450 6823 6824 1450 6824 6825 1450 6825 6826 1450 6826 6827 1450 6827 6828 1451 6828 6829 1451 6829 6830 1451 6830 6831 1452 6831 6832 1452 6832 6833 1452 6833 6834 62 6834 6835 62 6835 6836 62 6836 6837 1453 6837 6838 1453 6838 6839 1453 6839 6840 1454 6840 6841 1454 6841 6842 1454 6842 6843 1455 6843 6844 1455 6844 6845 1455 6845 6846 1456 6846 6847 1456 6847 6848 1456 6848 6849 62 6849 6850 62 6850 6851 62 6851 6852 1457 6852 6853 1457 6853 6854 1457 6854 6855 1458 6855 6856 1458 6856 6857 1458 6857 6858 1459 6858 6859 1459 6859 6860 1459 6860 6861 1439 6861 6862 1439 6862 6863 1439 6863 6864 1460 6864 6865 1460 6865 6866 1460 6866 6867 1461 6867 6868 1461 6868 6869 1461 6869 6870 1462 6870 6871 1462 6871 6872 1462 6872 6873 1462 6873 6874 1462 6874 6875 1462 6875 6876 1463 6876 6877 1463 6877 6878 1463 6878 6879 1464 6879 6880 1464 6880 6881 1464 6881 6882 1465 6882 6883 1465 6883 6884 1465 6884 6885 1424 6885 6886 1424 6886 6887 1424 6887 6888 63 6888 6889 63 6889 6890 63 6890 6891 63 6891 6892 63 6892 6893 63 6893 6894 63 6894 6895 63 6895 6896 63 6896 6897 63 6897 6898 63 6898 6899 63 6899 6900 63 6900 6901 63 6901 6902 63 6902 6903 63 6903 6904 63 6904 6905 63 6905 6906 1426 6906 6907 1426 6907 6908 1426 6908 6909 1426 6909 6910 1426 6910 6911 1426 6911 6912 1442 6912 6913 1442 6913 6914 1442 6914 6915 1442 6915 6916 1442 6916 6917 1442 6917 6918 235 6918 6919 235 6919 6920 235 6920 6921 235 6921 6922 235 6922 6923 235 6923 6924 1466 6924 6925 1466 6925 6926 1466 6926 6927 1440 6927 6928 1440 6928 6929 1440 6929 6930 257 6930 6931 257 6931 6932 257 6932 6933 257 6933 6934 257 6934 6935 257 6935 6936 1467 6936 6937 1467 6937 6938 1467 6938 6939 1467 6939 6940 1467 6940 6941 1467 6941 6942 1468 6942 6943 1468 6943 6944 1468 6944 6945 1468 6945 6946 1468 6946 6947 1468 6947 6948 1469 6948 6949 1469 6949 6950 1469 6950 6951 1469 6951 6952 1469 6952 6953 1469 6953 6954 1470 6954 6955 1470 6955 6956 1470 6956 6957 1470 6957 6958 1470 6958 6959 1470 6959 6960 1471 6960 6961 1471 6961 6962 1471 6962 6963 1472 6963 6964 1472 6964 6965 1472 6965 6966 1473 6966 6967 1473 6967 6968 1473 6968 6969 1474 6969 6970 1474 6970 6971 1474 6971 6972 1475 6972 6973 1475 6973 6974 1475 6974 6975 1476 6975 6976 1476 6976 6977 1476 6977 6978 1477 6978 6979 1477 6979 6980 1477 6980</p>
        </triangles>
      </mesh>
    </geometry>
  </library_geometries>
  <library_controllers/>
  <library_visual_scenes>
    <visual_scene id="Scene" name="Scene">
      <node id="HeraCQR_Stock" name="HeraCQR_Stock" type="NODE">
        <matrix sid="transform">1 0 0 0 0 -1.62921e-7 -1 0 0 1 -1.62921e-7 0 0 0 0 1</matrix>
        <instance_geometry url="#_018-mesh" name="HeraCQR_Stock"/>
      </node>
    </visual_scene>
  </library_visual_scenes>
  <scene>
    <instance_visual_scene url="#Scene"/>
  </scene>
</COLLADA>